event_date,user_id,event_name,source,destination_city,craft_interest,booking_id,participants,price_per_person
2026-07-01,u1000,page_view,Instagram,Varanasi,Pottery,,,
2026-07-01,u1000,experience_card_viewed,Instagram,Varanasi,Pottery,,,
2026-07-01,u1001,page_view,Direct,Jaipur,Warli Painting,,,
2026-07-01,u1001,experience_card_viewed,Direct,Jaipur,Warli Painting,,,
2026-07-01,u1001,booking_started,Direct,Jaipur,Warli Painting,,,
2026-07-01,u1001,payment_success,Direct,Jaipur,Warli Painting,CRB5000,1,2500
2026-07-01,u1001,booking_completed,Direct,Jaipur,Warli Painting,CRB5000,1,2500
2026-07-01,u1002,page_view,Referral,Jaipur,Pottery,,,
2026-07-01,u1003,page_view,Google Search,Khurja,Weaving,,,
2026-07-01,u1003,experience_card_viewed,Google Search,Khurja,Weaving,,,
2026-07-01,u1004,page_view,Referral,Varanasi,Warli Painting,,,
2026-07-01,u1004,experience_card_viewed,Referral,Varanasi,Warli Painting,,,
2026-07-01,u1004,booking_started,Referral,Varanasi,Warli Painting,,,
2026-07-01,u1004,payment_success,Referral,Varanasi,Warli Painting,CRB5001,2,2200
2026-07-01,u1004,booking_completed,Referral,Varanasi,Warli Painting,CRB5001,2,2200
2026-07-01,u1004,review_submitted,Referral,Varanasi,Warli Painting,CRB5001,2,2200
2026-07-01,u1005,page_view,Instagram,Jaipur,Pottery,,,
2026-07-01,u1006,page_view,Google Search,Jaipur,Blue Pottery,,,
2026-07-01,u1006,experience_card_viewed,Google Search,Jaipur,Blue Pottery,,,
2026-07-01,u1007,page_view,Referral,Khurja,Weaving,,,
2026-07-01,u1007,experience_card_viewed,Referral,Khurja,Weaving,,,
2026-07-01,u1008,page_view,Instagram,Bangalore,Pottery,,,
2026-07-01,u1008,booking_started,Instagram,Bangalore,Pottery,,,
2026-07-01,u1008,payment_success,Instagram,Bangalore,Pottery,CRB5002,4,3000
2026-07-01,u1008,booking_completed,Instagram,Bangalore,Pottery,CRB5002,4,3000
2026-07-01,u1008,review_submitted,Instagram,Bangalore,Pottery,CRB5002,4,3000
2026-07-01,u1009,page_view,Referral,Udaipur,Weaving,,,
2026-07-01,u1009,experience_card_viewed,Referral,Udaipur,Weaving,,,
2026-07-01,u1010,page_view,Direct,Varanasi,Pottery,,,
2026-07-01,u1011,page_view,Travel Blog,Khurja,Weaving,,,
2026-07-01,u1011,experience_card_viewed,Travel Blog,Khurja,Weaving,,,
2026-07-01,u1012,page_view,Direct,Varanasi,Warli Painting,,,
2026-07-01,u1012,experience_card_viewed,Direct,Varanasi,Warli Painting,,,
2026-07-01,u1013,page_view,Referral,Khurja,Pottery,,,
2026-07-01,u1013,experience_card_viewed,Referral,Khurja,Pottery,,,
2026-07-01,u1013,booking_started,Referral,Khurja,Pottery,,,
2026-07-01,u1013,payment_success,Referral,Khurja,Pottery,CRB5003,2,1800
2026-07-01,u1013,booking_completed,Referral,Khurja,Pottery,CRB5003,2,1800
2026-07-01,u1014,page_view,Direct,Udaipur,Warli Painting,,,
2026-07-01,u1014,experience_card_viewed,Direct,Udaipur,Warli Painting,,,
2026-07-01,u1015,page_view,Instagram,Jaipur,Warli Painting,,,
2026-07-01,u1016,page_view,Referral,Jaipur,Weaving,,,
2026-07-01,u1016,experience_card_viewed,Referral,Jaipur,Weaving,,,
2026-07-01,u1017,page_view,Referral,Bangalore,Pottery,,,
2026-07-01,u1017,experience_card_viewed,Referral,Bangalore,Pottery,,,
2026-07-01,u1017,booking_started,Referral,Bangalore,Pottery,,,
2026-07-01,u1017,payment_success,Referral,Bangalore,Pottery,CRB5004,3,1800
2026-07-01,u1017,booking_completed,Referral,Bangalore,Pottery,CRB5004,3,1800
2026-07-01,u1017,review_submitted,Referral,Bangalore,Pottery,CRB5004,3,1800
2026-07-01,u1018,page_view,Referral,Udaipur,Block Printing,,,
2026-07-01,u1018,experience_card_viewed,Referral,Udaipur,Block Printing,,,
2026-07-01,u1019,page_view,Referral,Khurja,Block Printing,,,
2026-07-01,u1019,experience_card_viewed,Referral,Khurja,Block Printing,,,
2026-07-01,u1020,page_view,Instagram,Jaipur,Blue Pottery,,,
2026-07-01,u1021,page_view,Direct,Khurja,Pottery,,,
2026-07-01,u1022,page_view,Google Search,Varanasi,Warli Painting,,,
2026-07-01,u1023,page_view,Google Search,Bangalore,Pottery,,,
2026-07-01,u1024,page_view,Referral,Udaipur,Warli Painting,,,
2026-07-01,u1024,experience_card_viewed,Referral,Udaipur,Warli Painting,,,
2026-07-01,u1024,booking_started,Referral,Udaipur,Warli Painting,,,
2026-07-01,u1024,payment_success,Referral,Udaipur,Warli Painting,CRB5005,1,2500
2026-07-01,u1024,booking_completed,Referral,Udaipur,Warli Painting,CRB5005,1,2500
2026-07-01,u1025,page_view,Instagram,Varanasi,Block Printing,,,
2026-07-01,u1025,experience_card_viewed,Instagram,Varanasi,Block Printing,,,
2026-07-01,u1025,booking_started,Instagram,Varanasi,Block Printing,,,
2026-07-01,u1025,payment_success,Instagram,Varanasi,Block Printing,CRB5006,2,3000
2026-07-01,u1026,page_view,Travel Blog,Udaipur,Pottery,,,
2026-07-01,u1026,experience_card_viewed,Travel Blog,Udaipur,Pottery,,,
2026-07-01,u1027,page_view,Referral,Udaipur,Blue Pottery,,,
2026-07-01,u1027,experience_card_viewed,Referral,Udaipur,Blue Pottery,,,
2026-07-01,u1028,page_view,Instagram,Jaipur,Blue Pottery,,,
2026-07-01,u1029,page_view,Instagram,Khurja,Pottery,,,
2026-07-01,u1029,experience_card_viewed,Instagram,Khurja,Pottery,,,
2026-07-01,u1030,page_view,Travel Blog,Khurja,Weaving,,,
2026-07-01,u1030,experience_card_viewed,Travel Blog,Khurja,Weaving,,,
2026-07-01,u1031,page_view,Instagram,Udaipur,Warli Painting,,,
2026-07-01,u1031,experience_card_viewed,Instagram,Udaipur,Warli Painting,,,
2026-07-01,u1032,page_view,Direct,Jaipur,Block Printing,,,
2026-07-01,u1033,page_view,Google Search,Udaipur,Blue Pottery,,,
2026-07-01,u1033,experience_card_viewed,Google Search,Udaipur,Blue Pottery,,,
2026-07-01,u1034,page_view,Instagram,Khurja,Blue Pottery,,,
2026-07-01,u1034,experience_card_viewed,Instagram,Khurja,Blue Pottery,,,
2026-07-01,u1035,page_view,Travel Blog,Varanasi,Blue Pottery,,,
2026-07-01,u1036,page_view,Direct,Udaipur,Pottery,,,
2026-07-01,u1036,experience_card_viewed,Direct,Udaipur,Pottery,,,
2026-07-01,u1036,booking_started,Direct,Udaipur,Pottery,,,
2026-07-01,u1036,payment_success,Direct,Udaipur,Pottery,CRB5007,1,3000
2026-07-01,u1036,booking_completed,Direct,Udaipur,Pottery,CRB5007,1,3000
2026-07-01,u1036,review_submitted,Direct,Udaipur,Pottery,CRB5007,1,3000
2026-07-01,u1037,page_view,Direct,Jaipur,Pottery,,,
2026-07-01,u1037,experience_card_viewed,Direct,Jaipur,Pottery,,,
2026-07-01,u1037,booking_started,Direct,Jaipur,Pottery,,,
2026-07-01,u1038,page_view,Travel Blog,Jaipur,Warli Painting,,,
2026-07-01,u1038,experience_card_viewed,Travel Blog,Jaipur,Warli Painting,,,
2026-07-01,u1039,page_view,Direct,Jaipur,Blue Pottery,,,
2026-07-01,u1040,page_view,Referral,Varanasi,Pottery,,,
2026-07-01,u1041,page_view,Referral,Udaipur,Pottery,,,
2026-07-01,u1042,page_view,Referral,Jaipur,Block Printing,,,
2026-07-01,u1042,experience_card_viewed,Referral,Jaipur,Block Printing,,,
2026-07-01,u1043,page_view,Instagram,Jaipur,Warli Painting,,,
2026-07-01,u1043,experience_card_viewed,Instagram,Jaipur,Warli Painting,,,
2026-07-01,u1043,booking_started,Instagram,Jaipur,Warli Painting,,,
2026-07-01,u1044,page_view,Instagram,Khurja,Weaving,,,
2026-07-01,u1044,experience_card_viewed,Instagram,Khurja,Weaving,,,
2026-07-01,u1045,page_view,Direct,Varanasi,Warli Painting,,,
2026-07-01,u1046,page_view,Direct,Jaipur,Warli Painting,,,
2026-07-01,u1046,experience_card_viewed,Direct,Jaipur,Warli Painting,,,
2026-07-01,u1047,page_view,Google Search,Varanasi,Block Printing,,,
2026-07-01,u1048,page_view,Google Search,Varanasi,Weaving,,,
2026-07-01,u1049,page_view,Google Search,Varanasi,Warli Painting,,,
2026-07-01,u1049,experience_card_viewed,Google Search,Varanasi,Warli Painting,,,
2026-07-01,u1050,page_view,Instagram,Jaipur,Blue Pottery,,,
2026-07-01,u1050,booking_started,Instagram,Jaipur,Blue Pottery,,,
2026-07-01,u1050,payment_success,Instagram,Jaipur,Blue Pottery,CRB5008,2,3000
2026-07-01,u1051,page_view,Travel Blog,Bangalore,Block Printing,,,
2026-07-01,u1051,experience_card_viewed,Travel Blog,Bangalore,Block Printing,,,
2026-07-01,u1052,page_view,Google Search,Bangalore,Block Printing,,,
2026-07-01,u1053,page_view,Google Search,Udaipur,Pottery,,,
2026-07-01,u1053,experience_card_viewed,Google Search,Udaipur,Pottery,,,
2026-07-01,u1054,page_view,Instagram,Varanasi,Pottery,,,
2026-07-01,u1055,page_view,Referral,Bangalore,Blue Pottery,,,
2026-07-01,u1056,page_view,Google Search,Khurja,Pottery,,,
2026-07-01,u1056,booking_started,Google Search,Khurja,Pottery,,,
2026-07-01,u1056,payment_success,Google Search,Khurja,Pottery,CRB5009,6,3500
2026-07-01,u1057,page_view,Instagram,Udaipur,Block Printing,,,
2026-07-01,u1057,booking_started,Instagram,Udaipur,Block Printing,,,
2026-07-01,u1058,page_view,Travel Blog,Varanasi,Weaving,,,
2026-07-01,u1059,page_view,Google Search,Jaipur,Pottery,,,
2026-07-01,u1059,experience_card_viewed,Google Search,Jaipur,Pottery,,,
2026-07-01,u1059,booking_started,Google Search,Jaipur,Pottery,,,
2026-07-01,u1059,payment_success,Google Search,Jaipur,Pottery,CRB5010,4,2000
2026-07-01,u1059,booking_completed,Google Search,Jaipur,Pottery,CRB5010,4,2000
2026-07-01,u1059,review_submitted,Google Search,Jaipur,Pottery,CRB5010,4,2000
2026-07-01,u1060,page_view,Instagram,Varanasi,Pottery,,,
2026-07-01,u1061,page_view,Instagram,Jaipur,Warli Painting,,,
2026-07-01,u1061,experience_card_viewed,Instagram,Jaipur,Warli Painting,,,
2026-07-01,u1062,page_view,Referral,Udaipur,Warli Painting,,,
2026-07-01,u1062,booking_started,Referral,Udaipur,Warli Painting,,,
2026-07-01,u1063,page_view,Google Search,Varanasi,Block Printing,,,
2026-07-01,u1063,booking_started,Google Search,Varanasi,Block Printing,,,
2026-07-01,u1064,page_view,Direct,Khurja,Weaving,,,
2026-07-01,u1064,experience_card_viewed,Direct,Khurja,Weaving,,,
2026-07-01,u1065,page_view,Referral,Bangalore,Weaving,,,
2026-07-01,u1065,booking_started,Referral,Bangalore,Weaving,,,
2026-07-01,u1066,page_view,Direct,Varanasi,Blue Pottery,,,
2026-07-01,u1066,experience_card_viewed,Direct,Varanasi,Blue Pottery,,,
2026-07-01,u1067,page_view,Direct,Khurja,Pottery,,,
2026-07-01,u1067,experience_card_viewed,Direct,Khurja,Pottery,,,
2026-07-01,u1068,page_view,Google Search,Bangalore,Warli Painting,,,
2026-07-01,u1068,experience_card_viewed,Google Search,Bangalore,Warli Painting,,,
2026-07-01,u1069,page_view,Instagram,Varanasi,Weaving,,,
2026-07-01,u1069,experience_card_viewed,Instagram,Varanasi,Weaving,,,
2026-07-01,u1070,page_view,Direct,Varanasi,Blue Pottery,,,
2026-07-01,u1070,experience_card_viewed,Direct,Varanasi,Blue Pottery,,,
2026-07-01,u1071,page_view,Direct,Udaipur,Pottery,,,
2026-07-01,u1072,page_view,Direct,Varanasi,Block Printing,,,
2026-07-01,u1073,page_view,Referral,Khurja,Pottery,,,
2026-07-01,u1073,experience_card_viewed,Referral,Khurja,Pottery,,,
2026-07-01,u1073,booking_started,Referral,Khurja,Pottery,,,
2026-07-01,u1074,page_view,Direct,Jaipur,Blue Pottery,,,
2026-07-01,u1074,experience_card_viewed,Direct,Jaipur,Blue Pottery,,,
2026-07-01,u1075,page_view,Google Search,Udaipur,Blue Pottery,,,
2026-07-01,u1075,experience_card_viewed,Google Search,Udaipur,Blue Pottery,,,
2026-07-01,u1075,booking_started,Google Search,Udaipur,Blue Pottery,,,
2026-07-01,u1075,payment_success,Google Search,Udaipur,Blue Pottery,CRB5011,2,3500
2026-07-01,u1075,booking_completed,Google Search,Udaipur,Blue Pottery,CRB5011,2,3500
2026-07-01,u1075,review_submitted,Google Search,Udaipur,Blue Pottery,CRB5011,2,3500
2026-07-01,u1076,page_view,Direct,Khurja,Block Printing,,,
2026-07-01,u1076,experience_card_viewed,Direct,Khurja,Block Printing,,,
2026-07-01,u1077,page_view,Direct,Bangalore,Warli Painting,,,
2026-07-01,u1077,experience_card_viewed,Direct,Bangalore,Warli Painting,,,
2026-07-01,u1078,page_view,Travel Blog,Bangalore,Warli Painting,,,
2026-07-01,u1078,experience_card_viewed,Travel Blog,Bangalore,Warli Painting,,,
2026-07-01,u1079,page_view,Travel Blog,Khurja,Blue Pottery,,,
2026-07-01,u1079,experience_card_viewed,Travel Blog,Khurja,Blue Pottery,,,
2026-07-01,u1080,page_view,Referral,Bangalore,Blue Pottery,,,
2026-07-01,u1080,booking_started,Referral,Bangalore,Blue Pottery,,,
2026-07-01,u1080,payment_success,Referral,Bangalore,Blue Pottery,CRB5012,4,1800
2026-07-01,u1080,booking_completed,Referral,Bangalore,Blue Pottery,CRB5012,4,1800
2026-07-01,u1080,review_submitted,Referral,Bangalore,Blue Pottery,CRB5012,4,1800
2026-07-01,u1081,page_view,Travel Blog,Khurja,Pottery,,,
2026-07-01,u1081,experience_card_viewed,Travel Blog,Khurja,Pottery,,,
2026-07-01,u1082,page_view,Direct,Udaipur,Blue Pottery,,,
2026-07-01,u1082,experience_card_viewed,Direct,Udaipur,Blue Pottery,,,
2026-07-01,u1083,page_view,Travel Blog,Bangalore,Block Printing,,,
2026-07-01,u1084,page_view,Travel Blog,Udaipur,Block Printing,,,
2026-07-01,u1085,page_view,Travel Blog,Udaipur,Warli Painting,,,
2026-07-01,u1086,page_view,Direct,Khurja,Blue Pottery,,,
2026-07-01,u1086,experience_card_viewed,Direct,Khurja,Blue Pottery,,,
2026-07-01,u1087,page_view,Instagram,Udaipur,Weaving,,,
2026-07-01,u1088,page_view,Google Search,Udaipur,Pottery,,,
2026-07-01,u1089,page_view,Travel Blog,Bangalore,Warli Painting,,,
2026-07-01,u1089,booking_started,Travel Blog,Bangalore,Warli Painting,,,
2026-07-01,u1089,payment_success,Travel Blog,Bangalore,Warli Painting,CRB5013,12,1800
2026-07-01,u1089,booking_completed,Travel Blog,Bangalore,Warli Painting,CRB5013,12,1800
2026-07-01,u1089,review_submitted,Travel Blog,Bangalore,Warli Painting,CRB5013,12,1800
2026-07-01,u1090,page_view,Referral,Udaipur,Weaving,,,
2026-07-01,u1091,page_view,Direct,Jaipur,Weaving,,,
2026-07-01,u1091,experience_card_viewed,Direct,Jaipur,Weaving,,,
2026-07-01,u1091,booking_started,Direct,Jaipur,Weaving,,,
2026-07-01,u1092,page_view,Instagram,Jaipur,Pottery,,,
2026-07-01,u1092,experience_card_viewed,Instagram,Jaipur,Pottery,,,
2026-07-01,u1092,booking_started,Instagram,Jaipur,Pottery,,,
2026-07-01,u1092,payment_success,Instagram,Jaipur,Pottery,CRB5014,2,2200
2026-07-01,u1092,booking_completed,Instagram,Jaipur,Pottery,CRB5014,2,2200
2026-07-01,u1093,page_view,Direct,Bangalore,Block Printing,,,
2026-07-01,u1093,booking_started,Direct,Bangalore,Block Printing,,,
2026-07-01,u1093,payment_success,Direct,Bangalore,Block Printing,CRB5015,1,2000
2026-07-01,u1093,booking_completed,Direct,Bangalore,Block Printing,CRB5015,1,2000
2026-07-01,u1094,page_view,Google Search,Jaipur,Weaving,,,
2026-07-01,u1095,page_view,Instagram,Bangalore,Block Printing,,,
2026-07-01,u1095,experience_card_viewed,Instagram,Bangalore,Block Printing,,,
2026-07-01,u1096,page_view,Referral,Jaipur,Warli Painting,,,
2026-07-01,u1096,booking_started,Referral,Jaipur,Warli Painting,,,
2026-07-01,u1096,payment_success,Referral,Jaipur,Warli Painting,CRB5016,12,1500
2026-07-01,u1096,booking_completed,Referral,Jaipur,Warli Painting,CRB5016,12,1500
2026-07-01,u1096,review_submitted,Referral,Jaipur,Warli Painting,CRB5016,12,1500
2026-07-01,u1097,page_view,Google Search,Bangalore,Weaving,,,
2026-07-01,u1098,page_view,Travel Blog,Udaipur,Blue Pottery,,,
2026-07-01,u1099,page_view,Referral,Khurja,Block Printing,,,
2026-07-01,u1099,experience_card_viewed,Referral,Khurja,Block Printing,,,
2026-07-01,u1100,page_view,Travel Blog,Bangalore,Warli Painting,,,
2026-07-01,u1101,page_view,Travel Blog,Varanasi,Pottery,,,
2026-07-01,u1101,experience_card_viewed,Travel Blog,Varanasi,Pottery,,,
2026-07-01,u1102,page_view,Referral,Varanasi,Weaving,,,
2026-07-01,u1103,page_view,Referral,Bangalore,Block Printing,,,
2026-07-01,u1103,experience_card_viewed,Referral,Bangalore,Block Printing,,,
2026-07-01,u1103,booking_started,Referral,Bangalore,Block Printing,,,
2026-07-01,u1103,payment_success,Referral,Bangalore,Block Printing,CRB5017,10,2200
2026-07-01,u1103,booking_completed,Referral,Bangalore,Block Printing,CRB5017,10,2200
2026-07-01,u1103,review_submitted,Referral,Bangalore,Block Printing,CRB5017,10,2200
2026-07-01,u1104,page_view,Instagram,Varanasi,Pottery,,,
2026-07-01,u1104,experience_card_viewed,Instagram,Varanasi,Pottery,,,
2026-07-01,u1104,booking_started,Instagram,Varanasi,Pottery,,,
2026-07-01,u1104,payment_success,Instagram,Varanasi,Pottery,CRB5018,6,2200
2026-07-01,u1104,booking_completed,Instagram,Varanasi,Pottery,CRB5018,6,2200
2026-07-01,u1104,review_submitted,Instagram,Varanasi,Pottery,CRB5018,6,2200
2026-07-01,u1105,page_view,Travel Blog,Varanasi,Weaving,,,
2026-07-01,u1105,experience_card_viewed,Travel Blog,Varanasi,Weaving,,,
2026-07-01,u1105,booking_started,Travel Blog,Varanasi,Weaving,,,
2026-07-01,u1105,payment_success,Travel Blog,Varanasi,Weaving,CRB5019,2,3000
2026-07-01,u1105,booking_completed,Travel Blog,Varanasi,Weaving,CRB5019,2,3000
2026-07-01,u1106,page_view,Direct,Bangalore,Warli Painting,,,
2026-07-01,u1106,experience_card_viewed,Direct,Bangalore,Warli Painting,,,
2026-07-01,u1106,booking_started,Direct,Bangalore,Warli Painting,,,
2026-07-01,u1106,payment_success,Direct,Bangalore,Warli Painting,CRB5020,3,2000
2026-07-01,u1106,booking_completed,Direct,Bangalore,Warli Painting,CRB5020,3,2000
2026-07-01,u1106,review_submitted,Direct,Bangalore,Warli Painting,CRB5020,3,2000
2026-07-01,u1107,page_view,Direct,Varanasi,Pottery,,,
2026-07-01,u1108,page_view,Instagram,Jaipur,Warli Painting,,,
2026-07-01,u1108,experience_card_viewed,Instagram,Jaipur,Warli Painting,,,
2026-07-01,u1109,page_view,Referral,Khurja,Block Printing,,,
2026-07-01,u1109,experience_card_viewed,Referral,Khurja,Block Printing,,,
2026-07-01,u1110,page_view,Instagram,Jaipur,Blue Pottery,,,
2026-07-01,u1110,experience_card_viewed,Instagram,Jaipur,Blue Pottery,,,
2026-07-01,u1111,page_view,Instagram,Khurja,Pottery,,,
2026-07-01,u1112,page_view,Instagram,Khurja,Block Printing,,,
2026-07-01,u1113,page_view,Direct,Bangalore,Pottery,,,
2026-07-01,u1114,page_view,Travel Blog,Varanasi,Warli Painting,,,
2026-07-01,u1115,page_view,Direct,Jaipur,Warli Painting,,,
2026-07-01,u1115,booking_started,Direct,Jaipur,Warli Painting,,,
2026-07-01,u1116,page_view,Google Search,Varanasi,Block Printing,,,
2026-07-01,u1116,experience_card_viewed,Google Search,Varanasi,Block Printing,,,
2026-07-01,u1116,booking_started,Google Search,Varanasi,Block Printing,,,
2026-07-01,u1116,payment_success,Google Search,Varanasi,Block Printing,CRB5021,1,2200
2026-07-01,u1116,booking_completed,Google Search,Varanasi,Block Printing,CRB5021,1,2200
2026-07-01,u1117,page_view,Referral,Udaipur,Block Printing,,,
2026-07-01,u1118,page_view,Direct,Khurja,Blue Pottery,,,
2026-07-01,u1118,experience_card_viewed,Direct,Khurja,Blue Pottery,,,
2026-07-01,u1118,booking_started,Direct,Khurja,Blue Pottery,,,
2026-07-01,u1118,payment_success,Direct,Khurja,Blue Pottery,CRB5022,4,3500
2026-07-01,u1118,booking_completed,Direct,Khurja,Blue Pottery,CRB5022,4,3500
2026-07-01,u1118,review_submitted,Direct,Khurja,Blue Pottery,CRB5022,4,3500
2026-07-01,u1119,page_view,Instagram,Udaipur,Weaving,,,
2026-07-01,u1120,page_view,Direct,Bangalore,Blue Pottery,,,
2026-07-01,u1120,experience_card_viewed,Direct,Bangalore,Blue Pottery,,,
2026-07-01,u1121,page_view,Travel Blog,Varanasi,Warli Painting,,,
2026-07-01,u1121,experience_card_viewed,Travel Blog,Varanasi,Warli Painting,,,
2026-07-01,u1121,booking_started,Travel Blog,Varanasi,Warli Painting,,,
2026-07-01,u1122,page_view,Direct,Bangalore,Block Printing,,,
2026-07-01,u1123,page_view,Referral,Bangalore,Block Printing,,,
2026-07-01,u1123,booking_started,Referral,Bangalore,Block Printing,,,
2026-07-01,u1123,payment_success,Referral,Bangalore,Block Printing,CRB5023,12,2000
2026-07-01,u1123,booking_completed,Referral,Bangalore,Block Printing,CRB5023,12,2000
2026-07-01,u1124,page_view,Referral,Udaipur,Weaving,,,
2026-07-01,u1124,experience_card_viewed,Referral,Udaipur,Weaving,,,
2026-07-01,u1124,booking_started,Referral,Udaipur,Weaving,,,
2026-07-01,u1124,payment_success,Referral,Udaipur,Weaving,CRB5024,10,3000
2026-07-01,u1124,booking_completed,Referral,Udaipur,Weaving,CRB5024,10,3000
2026-07-01,u1125,page_view,Instagram,Varanasi,Weaving,,,
2026-07-01,u1125,experience_card_viewed,Instagram,Varanasi,Weaving,,,
2026-07-01,u1126,page_view,Travel Blog,Bangalore,Block Printing,,,
2026-07-01,u1127,page_view,Travel Blog,Jaipur,Pottery,,,
2026-07-01,u1127,experience_card_viewed,Travel Blog,Jaipur,Pottery,,,
2026-07-01,u1128,page_view,Travel Blog,Udaipur,Block Printing,,,
2026-07-01,u1128,experience_card_viewed,Travel Blog,Udaipur,Block Printing,,,
2026-07-01,u1129,page_view,Referral,Udaipur,Blue Pottery,,,
2026-07-01,u1129,experience_card_viewed,Referral,Udaipur,Blue Pottery,,,
2026-07-01,u1130,page_view,Direct,Khurja,Pottery,,,
2026-07-01,u1130,experience_card_viewed,Direct,Khurja,Pottery,,,
2026-07-01,u1130,booking_started,Direct,Khurja,Pottery,,,
2026-07-01,u1130,payment_success,Direct,Khurja,Pottery,CRB5025,3,3500
2026-07-01,u1131,page_view,Google Search,Udaipur,Weaving,,,
2026-07-01,u1131,experience_card_viewed,Google Search,Udaipur,Weaving,,,
2026-07-01,u1131,booking_started,Google Search,Udaipur,Weaving,,,
2026-07-01,u1132,page_view,Travel Blog,Khurja,Blue Pottery,,,
2026-07-01,u1133,page_view,Direct,Bangalore,Pottery,,,
2026-07-01,u1133,booking_started,Direct,Bangalore,Pottery,,,
2026-07-01,u1134,page_view,Travel Blog,Varanasi,Warli Painting,,,
2026-07-01,u1134,experience_card_viewed,Travel Blog,Varanasi,Warli Painting,,,
2026-07-01,u1134,booking_started,Travel Blog,Varanasi,Warli Painting,,,
2026-07-01,u1134,payment_success,Travel Blog,Varanasi,Warli Painting,CRB5026,12,3500
2026-07-01,u1134,booking_completed,Travel Blog,Varanasi,Warli Painting,CRB5026,12,3500
2026-07-01,u1135,page_view,Referral,Khurja,Pottery,,,
2026-07-01,u1135,booking_started,Referral,Khurja,Pottery,,,
2026-07-01,u1136,page_view,Instagram,Varanasi,Blue Pottery,,,
2026-07-01,u1137,page_view,Travel Blog,Khurja,Blue Pottery,,,
2026-07-01,u1137,booking_started,Travel Blog,Khurja,Blue Pottery,,,
2026-07-01,u1138,page_view,Referral,Jaipur,Blue Pottery,,,
2026-07-01,u1138,experience_card_viewed,Referral,Jaipur,Blue Pottery,,,
2026-07-01,u1139,page_view,Instagram,Khurja,Blue Pottery,,,
2026-07-01,u1140,page_view,Instagram,Udaipur,Weaving,,,
2026-07-01,u1140,experience_card_viewed,Instagram,Udaipur,Weaving,,,
2026-07-01,u1141,page_view,Instagram,Varanasi,Warli Painting,,,
2026-07-01,u1141,experience_card_viewed,Instagram,Varanasi,Warli Painting,,,
2026-07-01,u1142,page_view,Travel Blog,Bangalore,Block Printing,,,
2026-07-01,u1142,booking_started,Travel Blog,Bangalore,Block Printing,,,
2026-07-01,u1142,payment_success,Travel Blog,Bangalore,Block Printing,CRB5027,4,1800
2026-07-01,u1142,booking_completed,Travel Blog,Bangalore,Block Printing,CRB5027,4,1800
2026-07-01,u1142,review_submitted,Travel Blog,Bangalore,Block Printing,CRB5027,4,1800
2026-07-01,u1143,page_view,Referral,Jaipur,Block Printing,,,
2026-07-01,u1143,experience_card_viewed,Referral,Jaipur,Block Printing,,,
2026-07-01,u1143,booking_started,Referral,Jaipur,Block Printing,,,
2026-07-01,u1143,payment_success,Referral,Jaipur,Block Printing,CRB5028,10,1800
2026-07-01,u1143,booking_completed,Referral,Jaipur,Block Printing,CRB5028,10,1800
2026-07-01,u1143,review_submitted,Referral,Jaipur,Block Printing,CRB5028,10,1800
2026-07-01,u1144,page_view,Instagram,Bangalore,Blue Pottery,,,
2026-07-01,u1144,booking_started,Instagram,Bangalore,Blue Pottery,,,
2026-07-01,u1145,page_view,Google Search,Khurja,Blue Pottery,,,
2026-07-01,u1146,page_view,Instagram,Udaipur,Weaving,,,
2026-07-01,u1146,booking_started,Instagram,Udaipur,Weaving,,,
2026-07-01,u1146,payment_success,Instagram,Udaipur,Weaving,CRB5029,6,2500
2026-07-01,u1146,booking_completed,Instagram,Udaipur,Weaving,CRB5029,6,2500
2026-07-01,u1147,page_view,Travel Blog,Udaipur,Block Printing,,,
2026-07-01,u1147,experience_card_viewed,Travel Blog,Udaipur,Block Printing,,,
2026-07-01,u1148,page_view,Direct,Varanasi,Weaving,,,
2026-07-01,u1148,experience_card_viewed,Direct,Varanasi,Weaving,,,
2026-07-01,u1149,page_view,Travel Blog,Varanasi,Block Printing,,,
2026-07-01,u1150,page_view,Instagram,Bangalore,Blue Pottery,,,
2026-07-01,u1151,page_view,Google Search,Bangalore,Weaving,,,
2026-07-01,u1151,experience_card_viewed,Google Search,Bangalore,Weaving,,,
2026-07-01,u1151,booking_started,Google Search,Bangalore,Weaving,,,
2026-07-01,u1151,payment_success,Google Search,Bangalore,Weaving,CRB5030,2,3000
2026-07-01,u1151,booking_completed,Google Search,Bangalore,Weaving,CRB5030,2,3000
2026-07-01,u1152,page_view,Referral,Khurja,Block Printing,,,
2026-07-01,u1153,page_view,Travel Blog,Khurja,Pottery,,,
2026-07-01,u1153,experience_card_viewed,Travel Blog,Khurja,Pottery,,,
2026-07-01,u1154,page_view,Referral,Bangalore,Warli Painting,,,
2026-07-01,u1155,page_view,Referral,Udaipur,Weaving,,,
2026-07-01,u1156,page_view,Instagram,Udaipur,Block Printing,,,
2026-07-01,u1156,experience_card_viewed,Instagram,Udaipur,Block Printing,,,
2026-07-01,u1157,page_view,Travel Blog,Bangalore,Weaving,,,
2026-07-01,u1157,experience_card_viewed,Travel Blog,Bangalore,Weaving,,,
2026-07-01,u1158,page_view,Referral,Bangalore,Block Printing,,,
2026-07-01,u1158,experience_card_viewed,Referral,Bangalore,Block Printing,,,
2026-07-01,u1159,page_view,Referral,Bangalore,Blue Pottery,,,
2026-07-01,u1160,page_view,Instagram,Khurja,Blue Pottery,,,
2026-07-01,u1160,experience_card_viewed,Instagram,Khurja,Blue Pottery,,,
2026-07-01,u1161,page_view,Direct,Varanasi,Warli Painting,,,
2026-07-01,u1161,experience_card_viewed,Direct,Varanasi,Warli Painting,,,
2026-07-01,u1161,booking_started,Direct,Varanasi,Warli Painting,,,
2026-07-01,u1162,page_view,Referral,Udaipur,Block Printing,,,
2026-07-01,u1162,experience_card_viewed,Referral,Udaipur,Block Printing,,,
2026-07-01,u1163,page_view,Referral,Udaipur,Block Printing,,,
2026-07-01,u1163,experience_card_viewed,Referral,Udaipur,Block Printing,,,
2026-07-01,u1164,page_view,Google Search,Udaipur,Blue Pottery,,,
2026-07-01,u1164,experience_card_viewed,Google Search,Udaipur,Blue Pottery,,,
2026-07-01,u1165,page_view,Direct,Udaipur,Warli Painting,,,
2026-07-01,u1165,booking_started,Direct,Udaipur,Warli Painting,,,
2026-07-01,u1165,payment_success,Direct,Udaipur,Warli Painting,CRB5031,2,3500
2026-07-01,u1165,booking_completed,Direct,Udaipur,Warli Painting,CRB5031,2,3500
2026-07-01,u1165,review_submitted,Direct,Udaipur,Warli Painting,CRB5031,2,3500
2026-07-01,u1166,page_view,Travel Blog,Udaipur,Pottery,,,
2026-07-01,u1166,booking_started,Travel Blog,Udaipur,Pottery,,,
2026-07-01,u1166,payment_success,Travel Blog,Udaipur,Pottery,CRB5032,6,1500
2026-07-01,u1166,booking_completed,Travel Blog,Udaipur,Pottery,CRB5032,6,1500
2026-07-01,u1166,review_submitted,Travel Blog,Udaipur,Pottery,CRB5032,6,1500
2026-07-01,u1167,page_view,Google Search,Bangalore,Block Printing,,,
2026-07-01,u1167,experience_card_viewed,Google Search,Bangalore,Block Printing,,,
2026-07-01,u1168,page_view,Google Search,Bangalore,Pottery,,,
2026-07-01,u1168,experience_card_viewed,Google Search,Bangalore,Pottery,,,
2026-07-01,u1169,page_view,Google Search,Bangalore,Pottery,,,
2026-07-01,u1169,booking_started,Google Search,Bangalore,Pottery,,,
2026-07-01,u1170,page_view,Direct,Jaipur,Weaving,,,
2026-07-01,u1170,booking_started,Direct,Jaipur,Weaving,,,
2026-07-01,u1170,payment_success,Direct,Jaipur,Weaving,CRB5033,4,3500
2026-07-01,u1170,booking_completed,Direct,Jaipur,Weaving,CRB5033,4,3500
2026-07-01,u1171,page_view,Direct,Varanasi,Block Printing,,,
2026-07-01,u1171,experience_card_viewed,Direct,Varanasi,Block Printing,,,
2026-07-01,u1171,booking_started,Direct,Varanasi,Block Printing,,,
2026-07-01,u1172,page_view,Direct,Jaipur,Block Printing,,,
2026-07-01,u1172,experience_card_viewed,Direct,Jaipur,Block Printing,,,
2026-07-01,u1173,page_view,Direct,Bangalore,Block Printing,,,
2026-07-01,u1173,experience_card_viewed,Direct,Bangalore,Block Printing,,,
2026-07-01,u1173,booking_started,Direct,Bangalore,Block Printing,,,
2026-07-01,u1173,payment_success,Direct,Bangalore,Block Printing,CRB5034,4,2200
2026-07-01,u1173,booking_completed,Direct,Bangalore,Block Printing,CRB5034,4,2200
2026-07-01,u1173,review_submitted,Direct,Bangalore,Block Printing,CRB5034,4,2200
2026-07-01,u1174,page_view,Instagram,Udaipur,Blue Pottery,,,
2026-07-01,u1174,experience_card_viewed,Instagram,Udaipur,Blue Pottery,,,
2026-07-01,u1174,booking_started,Instagram,Udaipur,Blue Pottery,,,
2026-07-01,u1174,payment_success,Instagram,Udaipur,Blue Pottery,CRB5035,2,1800
2026-07-01,u1174,booking_completed,Instagram,Udaipur,Blue Pottery,CRB5035,2,1800
2026-07-01,u1175,page_view,Direct,Varanasi,Blue Pottery,,,
2026-07-01,u1175,experience_card_viewed,Direct,Varanasi,Blue Pottery,,,
2026-07-01,u1176,page_view,Instagram,Bangalore,Pottery,,,
2026-07-01,u1176,experience_card_viewed,Instagram,Bangalore,Pottery,,,
2026-07-01,u1177,page_view,Travel Blog,Varanasi,Blue Pottery,,,
2026-07-01,u1177,experience_card_viewed,Travel Blog,Varanasi,Blue Pottery,,,
2026-07-01,u1178,page_view,Referral,Udaipur,Weaving,,,
2026-07-01,u1179,page_view,Google Search,Udaipur,Block Printing,,,
2026-07-01,u1179,experience_card_viewed,Google Search,Udaipur,Block Printing,,,
2026-07-01,u1179,booking_started,Google Search,Udaipur,Block Printing,,,
2026-07-01,u1179,payment_success,Google Search,Udaipur,Block Printing,CRB5036,6,3500
2026-07-01,u1179,booking_completed,Google Search,Udaipur,Block Printing,CRB5036,6,3500
2026-07-01,u1179,review_submitted,Google Search,Udaipur,Block Printing,CRB5036,6,3500
2026-07-01,u1180,page_view,Instagram,Udaipur,Weaving,,,
2026-07-01,u1181,page_view,Travel Blog,Jaipur,Weaving,,,
2026-07-01,u1182,page_view,Direct,Bangalore,Pottery,,,
2026-07-01,u1182,experience_card_viewed,Direct,Bangalore,Pottery,,,
2026-07-01,u1183,page_view,Instagram,Varanasi,Warli Painting,,,
2026-07-01,u1183,experience_card_viewed,Instagram,Varanasi,Warli Painting,,,
2026-07-01,u1184,page_view,Direct,Khurja,Blue Pottery,,,
2026-07-01,u1185,page_view,Direct,Bangalore,Warli Painting,,,
2026-07-01,u1185,experience_card_viewed,Direct,Bangalore,Warli Painting,,,
2026-07-01,u1186,page_view,Referral,Jaipur,Pottery,,,
2026-07-01,u1186,experience_card_viewed,Referral,Jaipur,Pottery,,,
2026-07-01,u1187,page_view,Referral,Varanasi,Block Printing,,,
2026-07-01,u1187,experience_card_viewed,Referral,Varanasi,Block Printing,,,
2026-07-01,u1187,booking_started,Referral,Varanasi,Block Printing,,,
2026-07-01,u1187,payment_success,Referral,Varanasi,Block Printing,CRB5037,2,1800
2026-07-01,u1187,booking_completed,Referral,Varanasi,Block Printing,CRB5037,2,1800
2026-07-01,u1188,page_view,Travel Blog,Udaipur,Weaving,,,
2026-07-01,u1188,experience_card_viewed,Travel Blog,Udaipur,Weaving,,,
2026-07-01,u1189,page_view,Referral,Bangalore,Warli Painting,,,
2026-07-01,u1189,experience_card_viewed,Referral,Bangalore,Warli Painting,,,
2026-07-01,u1189,booking_started,Referral,Bangalore,Warli Painting,,,
2026-07-01,u1189,payment_success,Referral,Bangalore,Warli Painting,CRB5038,1,3000
2026-07-01,u1189,booking_completed,Referral,Bangalore,Warli Painting,CRB5038,1,3000
2026-07-01,u1189,review_submitted,Referral,Bangalore,Warli Painting,CRB5038,1,3000
2026-07-01,u1190,page_view,Referral,Khurja,Warli Painting,,,
2026-07-01,u1190,experience_card_viewed,Referral,Khurja,Warli Painting,,,
2026-07-01,u1191,page_view,Referral,Bangalore,Blue Pottery,,,
2026-07-01,u1192,page_view,Google Search,Udaipur,Warli Painting,,,
2026-07-01,u1192,experience_card_viewed,Google Search,Udaipur,Warli Painting,,,
2026-07-01,u1192,booking_started,Google Search,Udaipur,Warli Painting,,,
2026-07-01,u1193,page_view,Google Search,Varanasi,Weaving,,,
2026-07-01,u1193,experience_card_viewed,Google Search,Varanasi,Weaving,,,
2026-07-01,u1193,booking_started,Google Search,Varanasi,Weaving,,,
2026-07-01,u1194,page_view,Google Search,Khurja,Blue Pottery,,,
2026-07-01,u1194,booking_started,Google Search,Khurja,Blue Pottery,,,
2026-07-01,u1194,payment_success,Google Search,Khurja,Blue Pottery,CRB5039,6,1500
2026-07-01,u1194,booking_completed,Google Search,Khurja,Blue Pottery,CRB5039,6,1500
2026-07-01,u1195,page_view,Direct,Udaipur,Warli Painting,,,
2026-07-01,u1195,experience_card_viewed,Direct,Udaipur,Warli Painting,,,
2026-07-01,u1196,page_view,Referral,Jaipur,Blue Pottery,,,
2026-07-01,u1196,experience_card_viewed,Referral,Jaipur,Blue Pottery,,,
2026-07-01,u1197,page_view,Direct,Udaipur,Weaving,,,
2026-07-01,u1197,experience_card_viewed,Direct,Udaipur,Weaving,,,
2026-07-01,u1198,page_view,Google Search,Udaipur,Warli Painting,,,
2026-07-01,u1198,experience_card_viewed,Google Search,Udaipur,Warli Painting,,,
2026-07-01,u1198,booking_started,Google Search,Udaipur,Warli Painting,,,
2026-07-01,u1199,page_view,Referral,Khurja,Weaving,,,
2026-07-01,u1199,booking_started,Referral,Khurja,Weaving,,,
2026-07-01,u1199,payment_success,Referral,Khurja,Weaving,CRB5040,3,3500
2026-07-01,u1199,booking_completed,Referral,Khurja,Weaving,CRB5040,3,3500
2026-07-01,u1200,page_view,Google Search,Varanasi,Pottery,,,
2026-07-01,u1200,experience_card_viewed,Google Search,Varanasi,Pottery,,,
2026-07-01,u1200,booking_started,Google Search,Varanasi,Pottery,,,
2026-07-01,u1201,page_view,Instagram,Khurja,Blue Pottery,,,
2026-07-01,u1201,experience_card_viewed,Instagram,Khurja,Blue Pottery,,,
2026-07-01,u1202,page_view,Direct,Udaipur,Warli Painting,,,
2026-07-01,u1203,page_view,Referral,Varanasi,Pottery,,,
2026-07-01,u1203,experience_card_viewed,Referral,Varanasi,Pottery,,,
2026-07-01,u1204,page_view,Referral,Varanasi,Warli Painting,,,
2026-07-01,u1204,experience_card_viewed,Referral,Varanasi,Warli Painting,,,
2026-07-01,u1205,page_view,Referral,Udaipur,Blue Pottery,,,
2026-07-01,u1205,experience_card_viewed,Referral,Udaipur,Blue Pottery,,,
2026-07-01,u1206,page_view,Referral,Jaipur,Block Printing,,,
2026-07-01,u1207,page_view,Travel Blog,Bangalore,Warli Painting,,,
2026-07-02,u1208,page_view,Travel Blog,Bangalore,Pottery,,,
2026-07-02,u1208,experience_card_viewed,Travel Blog,Bangalore,Pottery,,,
2026-07-02,u1209,page_view,Google Search,Jaipur,Blue Pottery,,,
2026-07-02,u1209,experience_card_viewed,Google Search,Jaipur,Blue Pottery,,,
2026-07-02,u1210,page_view,Referral,Jaipur,Warli Painting,,,
2026-07-02,u1210,booking_started,Referral,Jaipur,Warli Painting,,,
2026-07-02,u1210,payment_success,Referral,Jaipur,Warli Painting,CRB5041,12,2500
2026-07-02,u1210,booking_completed,Referral,Jaipur,Warli Painting,CRB5041,12,2500
2026-07-02,u1210,review_submitted,Referral,Jaipur,Warli Painting,CRB5041,12,2500
2026-07-02,u1211,page_view,Referral,Bangalore,Block Printing,,,
2026-07-02,u1212,page_view,Instagram,Varanasi,Block Printing,,,
2026-07-02,u1213,page_view,Referral,Bangalore,Pottery,,,
2026-07-02,u1213,experience_card_viewed,Referral,Bangalore,Pottery,,,
2026-07-02,u1214,page_view,Google Search,Varanasi,Weaving,,,
2026-07-02,u1215,page_view,Travel Blog,Khurja,Warli Painting,,,
2026-07-02,u1215,booking_started,Travel Blog,Khurja,Warli Painting,,,
2026-07-02,u1215,payment_success,Travel Blog,Khurja,Warli Painting,CRB5042,6,3500
2026-07-02,u1215,booking_completed,Travel Blog,Khurja,Warli Painting,CRB5042,6,3500
2026-07-02,u1216,page_view,Travel Blog,Bangalore,Weaving,,,
2026-07-02,u1216,experience_card_viewed,Travel Blog,Bangalore,Weaving,,,
2026-07-02,u1217,page_view,Google Search,Varanasi,Blue Pottery,,,
2026-07-02,u1217,experience_card_viewed,Google Search,Varanasi,Blue Pottery,,,
2026-07-02,u1218,page_view,Google Search,Jaipur,Weaving,,,
2026-07-02,u1218,booking_started,Google Search,Jaipur,Weaving,,,
2026-07-02,u1219,page_view,Direct,Jaipur,Weaving,,,
2026-07-02,u1220,page_view,Direct,Udaipur,Pottery,,,
2026-07-02,u1220,experience_card_viewed,Direct,Udaipur,Pottery,,,
2026-07-02,u1221,page_view,Direct,Khurja,Blue Pottery,,,
2026-07-02,u1221,experience_card_viewed,Direct,Khurja,Blue Pottery,,,
2026-07-02,u1222,page_view,Google Search,Udaipur,Warli Painting,,,
2026-07-02,u1222,experience_card_viewed,Google Search,Udaipur,Warli Painting,,,
2026-07-02,u1223,page_view,Travel Blog,Khurja,Warli Painting,,,
2026-07-02,u1223,experience_card_viewed,Travel Blog,Khurja,Warli Painting,,,
2026-07-02,u1224,page_view,Travel Blog,Khurja,Weaving,,,
2026-07-02,u1225,page_view,Travel Blog,Udaipur,Weaving,,,
2026-07-02,u1226,page_view,Travel Blog,Khurja,Pottery,,,
2026-07-02,u1226,booking_started,Travel Blog,Khurja,Pottery,,,
2026-07-02,u1226,payment_success,Travel Blog,Khurja,Pottery,CRB5043,12,3500
2026-07-02,u1226,booking_completed,Travel Blog,Khurja,Pottery,CRB5043,12,3500
2026-07-02,u1227,page_view,Instagram,Khurja,Weaving,,,
2026-07-02,u1227,experience_card_viewed,Instagram,Khurja,Weaving,,,
2026-07-02,u1228,page_view,Travel Blog,Jaipur,Pottery,,,
2026-07-02,u1229,page_view,Instagram,Udaipur,Block Printing,,,
2026-07-02,u1229,experience_card_viewed,Instagram,Udaipur,Block Printing,,,
2026-07-02,u1230,page_view,Travel Blog,Jaipur,Weaving,,,
2026-07-02,u1230,experience_card_viewed,Travel Blog,Jaipur,Weaving,,,
2026-07-02,u1231,page_view,Instagram,Varanasi,Pottery,,,
2026-07-02,u1231,experience_card_viewed,Instagram,Varanasi,Pottery,,,
2026-07-02,u1232,page_view,Travel Blog,Khurja,Blue Pottery,,,
2026-07-02,u1232,experience_card_viewed,Travel Blog,Khurja,Blue Pottery,,,
2026-07-02,u1232,booking_started,Travel Blog,Khurja,Blue Pottery,,,
2026-07-02,u1232,payment_success,Travel Blog,Khurja,Blue Pottery,CRB5044,4,1800
2026-07-02,u1232,booking_completed,Travel Blog,Khurja,Blue Pottery,CRB5044,4,1800
2026-07-02,u1233,page_view,Referral,Khurja,Weaving,,,
2026-07-02,u1233,experience_card_viewed,Referral,Khurja,Weaving,,,
2026-07-02,u1233,booking_started,Referral,Khurja,Weaving,,,
2026-07-02,u1233,payment_success,Referral,Khurja,Weaving,CRB5045,12,1500
2026-07-02,u1233,booking_completed,Referral,Khurja,Weaving,CRB5045,12,1500
2026-07-02,u1234,page_view,Google Search,Varanasi,Blue Pottery,,,
2026-07-02,u1234,experience_card_viewed,Google Search,Varanasi,Blue Pottery,,,
2026-07-02,u1235,page_view,Direct,Udaipur,Pottery,,,
2026-07-02,u1235,booking_started,Direct,Udaipur,Pottery,,,
2026-07-02,u1236,page_view,Instagram,Bangalore,Warli Painting,,,
2026-07-02,u1236,experience_card_viewed,Instagram,Bangalore,Warli Painting,,,
2026-07-02,u1237,page_view,Direct,Jaipur,Blue Pottery,,,
2026-07-02,u1237,booking_started,Direct,Jaipur,Blue Pottery,,,
2026-07-02,u1237,payment_success,Direct,Jaipur,Blue Pottery,CRB5046,6,2000
2026-07-02,u1237,booking_completed,Direct,Jaipur,Blue Pottery,CRB5046,6,2000
2026-07-02,u1237,review_submitted,Direct,Jaipur,Blue Pottery,CRB5046,6,2000
2026-07-02,u1238,page_view,Referral,Khurja,Block Printing,,,
2026-07-02,u1238,experience_card_viewed,Referral,Khurja,Block Printing,,,
2026-07-02,u1239,page_view,Google Search,Udaipur,Blue Pottery,,,
2026-07-02,u1240,page_view,Instagram,Udaipur,Block Printing,,,
2026-07-02,u1240,experience_card_viewed,Instagram,Udaipur,Block Printing,,,
2026-07-02,u1240,booking_started,Instagram,Udaipur,Block Printing,,,
2026-07-02,u1240,payment_success,Instagram,Udaipur,Block Printing,CRB5047,1,2000
2026-07-02,u1241,page_view,Travel Blog,Varanasi,Block Printing,,,
2026-07-02,u1241,booking_started,Travel Blog,Varanasi,Block Printing,,,
2026-07-02,u1241,payment_success,Travel Blog,Varanasi,Block Printing,CRB5048,1,3500
2026-07-02,u1241,booking_completed,Travel Blog,Varanasi,Block Printing,CRB5048,1,3500
2026-07-02,u1241,review_submitted,Travel Blog,Varanasi,Block Printing,CRB5048,1,3500
2026-07-02,u1242,page_view,Travel Blog,Udaipur,Weaving,,,
2026-07-02,u1243,page_view,Travel Blog,Varanasi,Warli Painting,,,
2026-07-02,u1243,experience_card_viewed,Travel Blog,Varanasi,Warli Painting,,,
2026-07-02,u1243,booking_started,Travel Blog,Varanasi,Warli Painting,,,
2026-07-02,u1243,payment_success,Travel Blog,Varanasi,Warli Painting,CRB5049,10,2500
2026-07-02,u1244,page_view,Instagram,Jaipur,Weaving,,,
2026-07-02,u1245,page_view,Direct,Udaipur,Pottery,,,
2026-07-02,u1246,page_view,Instagram,Varanasi,Warli Painting,,,
2026-07-02,u1246,booking_started,Instagram,Varanasi,Warli Painting,,,
2026-07-02,u1247,page_view,Instagram,Jaipur,Blue Pottery,,,
2026-07-02,u1247,experience_card_viewed,Instagram,Jaipur,Blue Pottery,,,
2026-07-02,u1248,page_view,Google Search,Jaipur,Pottery,,,
2026-07-02,u1249,page_view,Travel Blog,Jaipur,Pottery,,,
2026-07-02,u1249,experience_card_viewed,Travel Blog,Jaipur,Pottery,,,
2026-07-02,u1250,page_view,Referral,Varanasi,Blue Pottery,,,
2026-07-02,u1250,booking_started,Referral,Varanasi,Blue Pottery,,,
2026-07-02,u1250,payment_success,Referral,Varanasi,Blue Pottery,CRB5050,12,2000
2026-07-02,u1250,booking_completed,Referral,Varanasi,Blue Pottery,CRB5050,12,2000
2026-07-02,u1251,page_view,Referral,Varanasi,Pottery,,,
2026-07-02,u1251,booking_started,Referral,Varanasi,Pottery,,,
2026-07-02,u1251,payment_success,Referral,Varanasi,Pottery,CRB5051,10,2500
2026-07-02,u1251,booking_completed,Referral,Varanasi,Pottery,CRB5051,10,2500
2026-07-02,u1252,page_view,Travel Blog,Khurja,Block Printing,,,
2026-07-02,u1252,experience_card_viewed,Travel Blog,Khurja,Block Printing,,,
2026-07-02,u1252,booking_started,Travel Blog,Khurja,Block Printing,,,
2026-07-02,u1252,payment_success,Travel Blog,Khurja,Block Printing,CRB5052,12,1500
2026-07-02,u1252,booking_completed,Travel Blog,Khurja,Block Printing,CRB5052,12,1500
2026-07-02,u1253,page_view,Direct,Varanasi,Weaving,,,
2026-07-02,u1254,page_view,Google Search,Varanasi,Warli Painting,,,
2026-07-02,u1254,experience_card_viewed,Google Search,Varanasi,Warli Painting,,,
2026-07-02,u1255,page_view,Google Search,Khurja,Blue Pottery,,,
2026-07-02,u1255,experience_card_viewed,Google Search,Khurja,Blue Pottery,,,
2026-07-02,u1256,page_view,Referral,Udaipur,Warli Painting,,,
2026-07-02,u1256,experience_card_viewed,Referral,Udaipur,Warli Painting,,,
2026-07-02,u1257,page_view,Instagram,Varanasi,Blue Pottery,,,
2026-07-02,u1258,page_view,Direct,Udaipur,Blue Pottery,,,
2026-07-02,u1258,booking_started,Direct,Udaipur,Blue Pottery,,,
2026-07-02,u1259,page_view,Instagram,Udaipur,Blue Pottery,,,
2026-07-02,u1260,page_view,Direct,Bangalore,Pottery,,,
2026-07-02,u1260,booking_started,Direct,Bangalore,Pottery,,,
2026-07-02,u1260,payment_success,Direct,Bangalore,Pottery,CRB5053,1,3500
2026-07-02,u1260,booking_completed,Direct,Bangalore,Pottery,CRB5053,1,3500
2026-07-02,u1260,review_submitted,Direct,Bangalore,Pottery,CRB5053,1,3500
2026-07-02,u1261,page_view,Direct,Varanasi,Block Printing,,,
2026-07-02,u1261,experience_card_viewed,Direct,Varanasi,Block Printing,,,
2026-07-02,u1262,page_view,Direct,Varanasi,Pottery,,,
2026-07-02,u1263,page_view,Instagram,Bangalore,Pottery,,,
2026-07-02,u1264,page_view,Google Search,Bangalore,Warli Painting,,,
2026-07-02,u1264,experience_card_viewed,Google Search,Bangalore,Warli Painting,,,
2026-07-02,u1265,page_view,Instagram,Jaipur,Block Printing,,,
2026-07-02,u1265,experience_card_viewed,Instagram,Jaipur,Block Printing,,,
2026-07-02,u1266,page_view,Direct,Varanasi,Pottery,,,
2026-07-02,u1267,page_view,Instagram,Udaipur,Warli Painting,,,
2026-07-02,u1267,experience_card_viewed,Instagram,Udaipur,Warli Painting,,,
2026-07-02,u1268,page_view,Travel Blog,Khurja,Blue Pottery,,,
2026-07-02,u1268,experience_card_viewed,Travel Blog,Khurja,Blue Pottery,,,
2026-07-02,u1268,booking_started,Travel Blog,Khurja,Blue Pottery,,,
2026-07-02,u1268,payment_success,Travel Blog,Khurja,Blue Pottery,CRB5054,12,2200
2026-07-02,u1268,booking_completed,Travel Blog,Khurja,Blue Pottery,CRB5054,12,2200
2026-07-02,u1268,review_submitted,Travel Blog,Khurja,Blue Pottery,CRB5054,12,2200
2026-07-02,u1269,page_view,Referral,Udaipur,Pottery,,,
2026-07-02,u1270,page_view,Instagram,Varanasi,Pottery,,,
2026-07-02,u1270,experience_card_viewed,Instagram,Varanasi,Pottery,,,
2026-07-02,u1270,booking_started,Instagram,Varanasi,Pottery,,,
2026-07-02,u1270,payment_success,Instagram,Varanasi,Pottery,CRB5055,2,1500
2026-07-02,u1270,booking_completed,Instagram,Varanasi,Pottery,CRB5055,2,1500
2026-07-02,u1270,review_submitted,Instagram,Varanasi,Pottery,CRB5055,2,1500
2026-07-02,u1271,page_view,Direct,Varanasi,Pottery,,,
2026-07-02,u1272,page_view,Direct,Udaipur,Blue Pottery,,,
2026-07-02,u1273,page_view,Instagram,Udaipur,Warli Painting,,,
2026-07-02,u1273,experience_card_viewed,Instagram,Udaipur,Warli Painting,,,
2026-07-02,u1273,booking_started,Instagram,Udaipur,Warli Painting,,,
2026-07-02,u1273,payment_success,Instagram,Udaipur,Warli Painting,CRB5056,1,1500
2026-07-02,u1273,booking_completed,Instagram,Udaipur,Warli Painting,CRB5056,1,1500
2026-07-02,u1274,page_view,Instagram,Jaipur,Blue Pottery,,,
2026-07-02,u1274,experience_card_viewed,Instagram,Jaipur,Blue Pottery,,,
2026-07-02,u1274,booking_started,Instagram,Jaipur,Blue Pottery,,,
2026-07-02,u1274,payment_success,Instagram,Jaipur,Blue Pottery,CRB5057,10,2000
2026-07-02,u1274,booking_completed,Instagram,Jaipur,Blue Pottery,CRB5057,10,2000
2026-07-02,u1274,review_submitted,Instagram,Jaipur,Blue Pottery,CRB5057,10,2000
2026-07-02,u1275,page_view,Travel Blog,Bangalore,Blue Pottery,,,
2026-07-02,u1275,booking_started,Travel Blog,Bangalore,Blue Pottery,,,
2026-07-02,u1276,page_view,Direct,Jaipur,Pottery,,,
2026-07-02,u1277,page_view,Referral,Bangalore,Weaving,,,
2026-07-02,u1277,booking_started,Referral,Bangalore,Weaving,,,
2026-07-02,u1277,payment_success,Referral,Bangalore,Weaving,CRB5058,1,1500
2026-07-02,u1277,booking_completed,Referral,Bangalore,Weaving,CRB5058,1,1500
2026-07-02,u1278,page_view,Direct,Bangalore,Pottery,,,
2026-07-02,u1278,experience_card_viewed,Direct,Bangalore,Pottery,,,
2026-07-02,u1279,page_view,Google Search,Udaipur,Warli Painting,,,
2026-07-02,u1280,page_view,Referral,Bangalore,Warli Painting,,,
2026-07-02,u1281,page_view,Referral,Udaipur,Block Printing,,,
2026-07-02,u1281,experience_card_viewed,Referral,Udaipur,Block Printing,,,
2026-07-02,u1282,page_view,Travel Blog,Bangalore,Weaving,,,
2026-07-02,u1283,page_view,Instagram,Bangalore,Blue Pottery,,,
2026-07-02,u1283,experience_card_viewed,Instagram,Bangalore,Blue Pottery,,,
2026-07-02,u1284,page_view,Direct,Bangalore,Pottery,,,
2026-07-02,u1285,page_view,Google Search,Bangalore,Warli Painting,,,
2026-07-02,u1286,page_view,Google Search,Jaipur,Warli Painting,,,
2026-07-02,u1286,booking_started,Google Search,Jaipur,Warli Painting,,,
2026-07-02,u1286,payment_success,Google Search,Jaipur,Warli Painting,CRB5059,6,2200
2026-07-02,u1286,booking_completed,Google Search,Jaipur,Warli Painting,CRB5059,6,2200
2026-07-02,u1287,page_view,Instagram,Khurja,Warli Painting,,,
2026-07-02,u1287,experience_card_viewed,Instagram,Khurja,Warli Painting,,,
2026-07-02,u1288,page_view,Travel Blog,Bangalore,Blue Pottery,,,
2026-07-02,u1288,experience_card_viewed,Travel Blog,Bangalore,Blue Pottery,,,
2026-07-02,u1288,booking_started,Travel Blog,Bangalore,Blue Pottery,,,
2026-07-02,u1289,page_view,Referral,Bangalore,Weaving,,,
2026-07-02,u1290,page_view,Referral,Bangalore,Blue Pottery,,,
2026-07-02,u1290,experience_card_viewed,Referral,Bangalore,Blue Pottery,,,
2026-07-02,u1290,booking_started,Referral,Bangalore,Blue Pottery,,,
2026-07-02,u1290,payment_success,Referral,Bangalore,Blue Pottery,CRB5060,3,2000
2026-07-02,u1290,booking_completed,Referral,Bangalore,Blue Pottery,CRB5060,3,2000
2026-07-02,u1291,page_view,Referral,Bangalore,Weaving,,,
2026-07-02,u1291,experience_card_viewed,Referral,Bangalore,Weaving,,,
2026-07-02,u1292,page_view,Direct,Udaipur,Blue Pottery,,,
2026-07-02,u1293,page_view,Google Search,Varanasi,Block Printing,,,
2026-07-02,u1293,experience_card_viewed,Google Search,Varanasi,Block Printing,,,
2026-07-02,u1294,page_view,Referral,Udaipur,Weaving,,,
2026-07-02,u1294,booking_started,Referral,Udaipur,Weaving,,,
2026-07-02,u1295,page_view,Referral,Bangalore,Weaving,,,
2026-07-02,u1295,experience_card_viewed,Referral,Bangalore,Weaving,,,
2026-07-02,u1296,page_view,Direct,Khurja,Pottery,,,
2026-07-02,u1296,experience_card_viewed,Direct,Khurja,Pottery,,,
2026-07-02,u1297,page_view,Google Search,Khurja,Block Printing,,,
2026-07-02,u1297,experience_card_viewed,Google Search,Khurja,Block Printing,,,
2026-07-02,u1298,page_view,Travel Blog,Jaipur,Pottery,,,
2026-07-02,u1298,experience_card_viewed,Travel Blog,Jaipur,Pottery,,,
2026-07-02,u1299,page_view,Google Search,Udaipur,Blue Pottery,,,
2026-07-02,u1299,experience_card_viewed,Google Search,Udaipur,Blue Pottery,,,
2026-07-02,u1299,booking_started,Google Search,Udaipur,Blue Pottery,,,
2026-07-02,u1300,page_view,Referral,Varanasi,Block Printing,,,
2026-07-02,u1300,booking_started,Referral,Varanasi,Block Printing,,,
2026-07-02,u1300,payment_success,Referral,Varanasi,Block Printing,CRB5061,1,1800
2026-07-02,u1300,booking_completed,Referral,Varanasi,Block Printing,CRB5061,1,1800
2026-07-02,u1301,page_view,Google Search,Varanasi,Block Printing,,,
2026-07-02,u1301,experience_card_viewed,Google Search,Varanasi,Block Printing,,,
2026-07-02,u1302,page_view,Instagram,Varanasi,Weaving,,,
2026-07-02,u1302,experience_card_viewed,Instagram,Varanasi,Weaving,,,
2026-07-02,u1303,page_view,Direct,Udaipur,Pottery,,,
2026-07-02,u1304,page_view,Google Search,Jaipur,Weaving,,,
2026-07-02,u1304,experience_card_viewed,Google Search,Jaipur,Weaving,,,
2026-07-02,u1305,page_view,Referral,Khurja,Block Printing,,,
2026-07-02,u1306,page_view,Direct,Khurja,Pottery,,,
2026-07-02,u1307,page_view,Travel Blog,Udaipur,Warli Painting,,,
2026-07-02,u1307,experience_card_viewed,Travel Blog,Udaipur,Warli Painting,,,
2026-07-02,u1308,page_view,Instagram,Khurja,Pottery,,,
2026-07-02,u1308,experience_card_viewed,Instagram,Khurja,Pottery,,,
2026-07-02,u1309,page_view,Instagram,Varanasi,Blue Pottery,,,
2026-07-02,u1309,experience_card_viewed,Instagram,Varanasi,Blue Pottery,,,
2026-07-02,u1310,page_view,Referral,Varanasi,Warli Painting,,,
2026-07-02,u1310,booking_started,Referral,Varanasi,Warli Painting,,,
2026-07-02,u1310,payment_success,Referral,Varanasi,Warli Painting,CRB5062,3,1500
2026-07-02,u1310,booking_completed,Referral,Varanasi,Warli Painting,CRB5062,3,1500
2026-07-02,u1311,page_view,Instagram,Varanasi,Weaving,,,
2026-07-02,u1311,booking_started,Instagram,Varanasi,Weaving,,,
2026-07-02,u1311,payment_success,Instagram,Varanasi,Weaving,CRB5063,2,2200
2026-07-02,u1311,booking_completed,Instagram,Varanasi,Weaving,CRB5063,2,2200
2026-07-02,u1312,page_view,Google Search,Khurja,Warli Painting,,,
2026-07-02,u1312,booking_started,Google Search,Khurja,Warli Painting,,,
2026-07-02,u1312,payment_success,Google Search,Khurja,Warli Painting,CRB5064,6,1500
2026-07-02,u1313,page_view,Direct,Khurja,Warli Painting,,,
2026-07-02,u1313,booking_started,Direct,Khurja,Warli Painting,,,
2026-07-02,u1314,page_view,Travel Blog,Jaipur,Pottery,,,
2026-07-02,u1315,page_view,Direct,Udaipur,Block Printing,,,
2026-07-02,u1315,experience_card_viewed,Direct,Udaipur,Block Printing,,,
2026-07-02,u1316,page_view,Travel Blog,Bangalore,Block Printing,,,
2026-07-02,u1317,page_view,Referral,Jaipur,Blue Pottery,,,
2026-07-02,u1317,experience_card_viewed,Referral,Jaipur,Blue Pottery,,,
2026-07-02,u1317,booking_started,Referral,Jaipur,Blue Pottery,,,
2026-07-02,u1317,payment_success,Referral,Jaipur,Blue Pottery,CRB5065,2,1500
2026-07-02,u1317,booking_completed,Referral,Jaipur,Blue Pottery,CRB5065,2,1500
2026-07-02,u1318,page_view,Instagram,Varanasi,Blue Pottery,,,
2026-07-02,u1318,experience_card_viewed,Instagram,Varanasi,Blue Pottery,,,
2026-07-02,u1318,booking_started,Instagram,Varanasi,Blue Pottery,,,
2026-07-02,u1318,payment_success,Instagram,Varanasi,Blue Pottery,CRB5066,10,2000
2026-07-02,u1319,page_view,Travel Blog,Jaipur,Warli Painting,,,
2026-07-02,u1319,experience_card_viewed,Travel Blog,Jaipur,Warli Painting,,,
2026-07-02,u1320,page_view,Instagram,Khurja,Warli Painting,,,
2026-07-02,u1320,experience_card_viewed,Instagram,Khurja,Warli Painting,,,
2026-07-02,u1320,booking_started,Instagram,Khurja,Warli Painting,,,
2026-07-02,u1321,page_view,Instagram,Jaipur,Weaving,,,
2026-07-02,u1321,experience_card_viewed,Instagram,Jaipur,Weaving,,,
2026-07-02,u1322,page_view,Travel Blog,Bangalore,Blue Pottery,,,
2026-07-02,u1322,booking_started,Travel Blog,Bangalore,Blue Pottery,,,
2026-07-02,u1322,payment_success,Travel Blog,Bangalore,Blue Pottery,CRB5067,4,1800
2026-07-02,u1323,page_view,Travel Blog,Bangalore,Block Printing,,,
2026-07-02,u1323,experience_card_viewed,Travel Blog,Bangalore,Block Printing,,,
2026-07-02,u1323,booking_started,Travel Blog,Bangalore,Block Printing,,,
2026-07-02,u1323,payment_success,Travel Blog,Bangalore,Block Printing,CRB5068,12,2500
2026-07-02,u1323,booking_completed,Travel Blog,Bangalore,Block Printing,CRB5068,12,2500
2026-07-02,u1324,page_view,Google Search,Bangalore,Pottery,,,
2026-07-02,u1325,page_view,Google Search,Bangalore,Weaving,,,
2026-07-02,u1325,experience_card_viewed,Google Search,Bangalore,Weaving,,,
2026-07-02,u1326,page_view,Direct,Varanasi,Warli Painting,,,
2026-07-02,u1327,page_view,Referral,Khurja,Weaving,,,
2026-07-02,u1328,page_view,Direct,Khurja,Blue Pottery,,,
2026-07-02,u1328,experience_card_viewed,Direct,Khurja,Blue Pottery,,,
2026-07-02,u1328,booking_started,Direct,Khurja,Blue Pottery,,,
2026-07-02,u1329,page_view,Google Search,Udaipur,Warli Painting,,,
2026-07-02,u1329,experience_card_viewed,Google Search,Udaipur,Warli Painting,,,
2026-07-02,u1330,page_view,Travel Blog,Bangalore,Weaving,,,
2026-07-02,u1331,page_view,Referral,Udaipur,Pottery,,,
2026-07-02,u1332,page_view,Google Search,Varanasi,Pottery,,,
2026-07-02,u1333,page_view,Direct,Udaipur,Blue Pottery,,,
2026-07-02,u1333,booking_started,Direct,Udaipur,Blue Pottery,,,
2026-07-02,u1333,payment_success,Direct,Udaipur,Blue Pottery,CRB5069,3,2000
2026-07-02,u1333,booking_completed,Direct,Udaipur,Blue Pottery,CRB5069,3,2000
2026-07-02,u1334,page_view,Referral,Udaipur,Warli Painting,,,
2026-07-02,u1335,page_view,Google Search,Bangalore,Warli Painting,,,
2026-07-02,u1335,experience_card_viewed,Google Search,Bangalore,Warli Painting,,,
2026-07-02,u1335,booking_started,Google Search,Bangalore,Warli Painting,,,
2026-07-02,u1336,page_view,Referral,Jaipur,Pottery,,,
2026-07-02,u1337,page_view,Instagram,Udaipur,Pottery,,,
2026-07-02,u1338,page_view,Travel Blog,Khurja,Warli Painting,,,
2026-07-02,u1338,experience_card_viewed,Travel Blog,Khurja,Warli Painting,,,
2026-07-02,u1339,page_view,Travel Blog,Bangalore,Weaving,,,
2026-07-02,u1339,experience_card_viewed,Travel Blog,Bangalore,Weaving,,,
2026-07-02,u1340,page_view,Travel Blog,Udaipur,Block Printing,,,
2026-07-02,u1341,page_view,Referral,Khurja,Weaving,,,
2026-07-02,u1341,experience_card_viewed,Referral,Khurja,Weaving,,,
2026-07-02,u1341,booking_started,Referral,Khurja,Weaving,,,
2026-07-02,u1342,page_view,Google Search,Jaipur,Weaving,,,
2026-07-02,u1343,page_view,Travel Blog,Varanasi,Pottery,,,
2026-07-02,u1343,experience_card_viewed,Travel Blog,Varanasi,Pottery,,,
2026-07-02,u1343,booking_started,Travel Blog,Varanasi,Pottery,,,
2026-07-02,u1343,payment_success,Travel Blog,Varanasi,Pottery,CRB5070,3,2200
2026-07-02,u1343,booking_completed,Travel Blog,Varanasi,Pottery,CRB5070,3,2200
2026-07-02,u1344,page_view,Google Search,Varanasi,Pottery,,,
2026-07-02,u1344,experience_card_viewed,Google Search,Varanasi,Pottery,,,
2026-07-02,u1345,page_view,Google Search,Bangalore,Block Printing,,,
2026-07-02,u1346,page_view,Instagram,Jaipur,Block Printing,,,
2026-07-02,u1346,experience_card_viewed,Instagram,Jaipur,Block Printing,,,
2026-07-02,u1347,page_view,Google Search,Jaipur,Pottery,,,
2026-07-02,u1347,experience_card_viewed,Google Search,Jaipur,Pottery,,,
2026-07-02,u1348,page_view,Referral,Jaipur,Warli Painting,,,
2026-07-02,u1349,page_view,Travel Blog,Udaipur,Block Printing,,,
2026-07-02,u1349,experience_card_viewed,Travel Blog,Udaipur,Block Printing,,,
2026-07-02,u1350,page_view,Instagram,Jaipur,Warli Painting,,,
2026-07-02,u1351,page_view,Referral,Jaipur,Warli Painting,,,
2026-07-02,u1352,page_view,Google Search,Jaipur,Block Printing,,,
2026-07-02,u1352,booking_started,Google Search,Jaipur,Block Printing,,,
2026-07-02,u1352,payment_success,Google Search,Jaipur,Block Printing,CRB5071,4,3500
2026-07-02,u1352,booking_completed,Google Search,Jaipur,Block Printing,CRB5071,4,3500
2026-07-02,u1353,page_view,Google Search,Khurja,Weaving,,,
2026-07-02,u1354,page_view,Instagram,Jaipur,Blue Pottery,,,
2026-07-02,u1354,experience_card_viewed,Instagram,Jaipur,Blue Pottery,,,
2026-07-02,u1355,page_view,Instagram,Jaipur,Pottery,,,
2026-07-02,u1355,experience_card_viewed,Instagram,Jaipur,Pottery,,,
2026-07-02,u1356,page_view,Referral,Bangalore,Block Printing,,,
2026-07-02,u1357,page_view,Google Search,Khurja,Warli Painting,,,
2026-07-02,u1357,experience_card_viewed,Google Search,Khurja,Warli Painting,,,
2026-07-02,u1357,booking_started,Google Search,Khurja,Warli Painting,,,
2026-07-02,u1357,payment_success,Google Search,Khurja,Warli Painting,CRB5072,4,2500
2026-07-02,u1357,booking_completed,Google Search,Khurja,Warli Painting,CRB5072,4,2500
2026-07-02,u1357,review_submitted,Google Search,Khurja,Warli Painting,CRB5072,4,2500
2026-07-02,u1358,page_view,Direct,Khurja,Blue Pottery,,,
2026-07-02,u1359,page_view,Direct,Khurja,Warli Painting,,,
2026-07-02,u1360,page_view,Direct,Varanasi,Blue Pottery,,,
2026-07-02,u1360,booking_started,Direct,Varanasi,Blue Pottery,,,
2026-07-02,u1361,page_view,Instagram,Bangalore,Weaving,,,
2026-07-02,u1361,experience_card_viewed,Instagram,Bangalore,Weaving,,,
2026-07-02,u1362,page_view,Instagram,Varanasi,Warli Painting,,,
2026-07-02,u1363,page_view,Travel Blog,Varanasi,Block Printing,,,
2026-07-02,u1364,page_view,Travel Blog,Udaipur,Pottery,,,
2026-07-02,u1364,experience_card_viewed,Travel Blog,Udaipur,Pottery,,,
2026-07-02,u1365,page_view,Travel Blog,Khurja,Warli Painting,,,
2026-07-02,u1365,booking_started,Travel Blog,Khurja,Warli Painting,,,
2026-07-02,u1365,payment_success,Travel Blog,Khurja,Warli Painting,CRB5073,3,3000
2026-07-02,u1365,booking_completed,Travel Blog,Khurja,Warli Painting,CRB5073,3,3000
2026-07-02,u1365,review_submitted,Travel Blog,Khurja,Warli Painting,CRB5073,3,3000
2026-07-02,u1366,page_view,Referral,Jaipur,Block Printing,,,
2026-07-02,u1366,experience_card_viewed,Referral,Jaipur,Block Printing,,,
2026-07-02,u1367,page_view,Referral,Varanasi,Block Printing,,,
2026-07-02,u1367,experience_card_viewed,Referral,Varanasi,Block Printing,,,
2026-07-02,u1367,booking_started,Referral,Varanasi,Block Printing,,,
2026-07-02,u1367,payment_success,Referral,Varanasi,Block Printing,CRB5074,10,1500
2026-07-02,u1367,booking_completed,Referral,Varanasi,Block Printing,CRB5074,10,1500
2026-07-02,u1367,review_submitted,Referral,Varanasi,Block Printing,CRB5074,10,1500
2026-07-02,u1368,page_view,Instagram,Varanasi,Blue Pottery,,,
2026-07-02,u1368,experience_card_viewed,Instagram,Varanasi,Blue Pottery,,,
2026-07-02,u1368,booking_started,Instagram,Varanasi,Blue Pottery,,,
2026-07-02,u1369,page_view,Google Search,Bangalore,Warli Painting,,,
2026-07-02,u1369,experience_card_viewed,Google Search,Bangalore,Warli Painting,,,
2026-07-02,u1370,page_view,Google Search,Varanasi,Weaving,,,
2026-07-02,u1370,experience_card_viewed,Google Search,Varanasi,Weaving,,,
2026-07-02,u1370,booking_started,Google Search,Varanasi,Weaving,,,
2026-07-02,u1370,payment_success,Google Search,Varanasi,Weaving,CRB5075,4,2200
2026-07-02,u1370,booking_completed,Google Search,Varanasi,Weaving,CRB5075,4,2200
2026-07-02,u1371,page_view,Direct,Khurja,Blue Pottery,,,
2026-07-02,u1371,experience_card_viewed,Direct,Khurja,Blue Pottery,,,
2026-07-02,u1372,page_view,Travel Blog,Varanasi,Warli Painting,,,
2026-07-02,u1372,experience_card_viewed,Travel Blog,Varanasi,Warli Painting,,,
2026-07-02,u1373,page_view,Travel Blog,Varanasi,Blue Pottery,,,
2026-07-02,u1374,page_view,Direct,Khurja,Weaving,,,
2026-07-02,u1374,experience_card_viewed,Direct,Khurja,Weaving,,,
2026-07-02,u1375,page_view,Google Search,Udaipur,Weaving,,,
2026-07-02,u1375,experience_card_viewed,Google Search,Udaipur,Weaving,,,
2026-07-02,u1376,page_view,Referral,Varanasi,Blue Pottery,,,
2026-07-02,u1377,page_view,Referral,Udaipur,Weaving,,,
2026-07-02,u1378,page_view,Instagram,Bangalore,Pottery,,,
2026-07-02,u1379,page_view,Direct,Jaipur,Blue Pottery,,,
2026-07-02,u1379,booking_started,Direct,Jaipur,Blue Pottery,,,
2026-07-02,u1380,page_view,Instagram,Udaipur,Blue Pottery,,,
2026-07-02,u1380,experience_card_viewed,Instagram,Udaipur,Blue Pottery,,,
2026-07-02,u1381,page_view,Referral,Khurja,Blue Pottery,,,
2026-07-02,u1381,booking_started,Referral,Khurja,Blue Pottery,,,
2026-07-02,u1382,page_view,Travel Blog,Bangalore,Blue Pottery,,,
2026-07-02,u1383,page_view,Travel Blog,Bangalore,Block Printing,,,
2026-07-02,u1384,page_view,Direct,Bangalore,Block Printing,,,
2026-07-02,u1384,experience_card_viewed,Direct,Bangalore,Block Printing,,,
2026-07-02,u1384,booking_started,Direct,Bangalore,Block Printing,,,
2026-07-02,u1384,payment_success,Direct,Bangalore,Block Printing,CRB5076,2,3000
2026-07-02,u1384,booking_completed,Direct,Bangalore,Block Printing,CRB5076,2,3000
2026-07-02,u1385,page_view,Instagram,Jaipur,Block Printing,,,
2026-07-02,u1385,experience_card_viewed,Instagram,Jaipur,Block Printing,,,
2026-07-02,u1386,page_view,Direct,Bangalore,Warli Painting,,,
2026-07-02,u1386,booking_started,Direct,Bangalore,Warli Painting,,,
2026-07-02,u1386,payment_success,Direct,Bangalore,Warli Painting,CRB5077,12,3500
2026-07-02,u1386,booking_completed,Direct,Bangalore,Warli Painting,CRB5077,12,3500
2026-07-02,u1387,page_view,Referral,Udaipur,Block Printing,,,
2026-07-02,u1387,experience_card_viewed,Referral,Udaipur,Block Printing,,,
2026-07-02,u1388,page_view,Google Search,Varanasi,Weaving,,,
2026-07-02,u1388,experience_card_viewed,Google Search,Varanasi,Weaving,,,
2026-07-02,u1389,page_view,Direct,Udaipur,Weaving,,,
2026-07-02,u1389,experience_card_viewed,Direct,Udaipur,Weaving,,,
2026-07-02,u1390,page_view,Travel Blog,Varanasi,Block Printing,,,
2026-07-02,u1390,experience_card_viewed,Travel Blog,Varanasi,Block Printing,,,
2026-07-02,u1391,page_view,Instagram,Jaipur,Weaving,,,
2026-07-02,u1392,page_view,Google Search,Khurja,Warli Painting,,,
2026-07-02,u1392,experience_card_viewed,Google Search,Khurja,Warli Painting,,,
2026-07-02,u1392,booking_started,Google Search,Khurja,Warli Painting,,,
2026-07-02,u1392,payment_success,Google Search,Khurja,Warli Painting,CRB5078,12,1800
2026-07-02,u1392,booking_completed,Google Search,Khurja,Warli Painting,CRB5078,12,1800
2026-07-02,u1393,page_view,Direct,Khurja,Blue Pottery,,,
2026-07-02,u1394,page_view,Google Search,Khurja,Weaving,,,
2026-07-02,u1395,page_view,Instagram,Bangalore,Block Printing,,,
2026-07-02,u1396,page_view,Referral,Varanasi,Pottery,,,
2026-07-02,u1396,experience_card_viewed,Referral,Varanasi,Pottery,,,
2026-07-02,u1396,booking_started,Referral,Varanasi,Pottery,,,
2026-07-02,u1397,page_view,Direct,Varanasi,Warli Painting,,,
2026-07-02,u1397,experience_card_viewed,Direct,Varanasi,Warli Painting,,,
2026-07-03,u1398,page_view,Referral,Varanasi,Blue Pottery,,,
2026-07-03,u1399,page_view,Referral,Bangalore,Warli Painting,,,
2026-07-03,u1399,experience_card_viewed,Referral,Bangalore,Warli Painting,,,
2026-07-03,u1399,booking_started,Referral,Bangalore,Warli Painting,,,
2026-07-03,u1399,payment_success,Referral,Bangalore,Warli Painting,CRB5079,4,1500
2026-07-03,u1399,booking_completed,Referral,Bangalore,Warli Painting,CRB5079,4,1500
2026-07-03,u1400,page_view,Travel Blog,Udaipur,Pottery,,,
2026-07-03,u1400,experience_card_viewed,Travel Blog,Udaipur,Pottery,,,
2026-07-03,u1401,page_view,Google Search,Bangalore,Pottery,,,
2026-07-03,u1401,experience_card_viewed,Google Search,Bangalore,Pottery,,,
2026-07-03,u1401,booking_started,Google Search,Bangalore,Pottery,,,
2026-07-03,u1401,payment_success,Google Search,Bangalore,Pottery,CRB5080,12,2500
2026-07-03,u1401,booking_completed,Google Search,Bangalore,Pottery,CRB5080,12,2500
2026-07-03,u1401,review_submitted,Google Search,Bangalore,Pottery,CRB5080,12,2500
2026-07-03,u1402,page_view,Direct,Bangalore,Blue Pottery,,,
2026-07-03,u1402,experience_card_viewed,Direct,Bangalore,Blue Pottery,,,
2026-07-03,u1403,page_view,Travel Blog,Udaipur,Pottery,,,
2026-07-03,u1403,experience_card_viewed,Travel Blog,Udaipur,Pottery,,,
2026-07-03,u1403,booking_started,Travel Blog,Udaipur,Pottery,,,
2026-07-03,u1404,page_view,Referral,Jaipur,Weaving,,,
2026-07-03,u1404,experience_card_viewed,Referral,Jaipur,Weaving,,,
2026-07-03,u1405,page_view,Travel Blog,Bangalore,Blue Pottery,,,
2026-07-03,u1405,booking_started,Travel Blog,Bangalore,Blue Pottery,,,
2026-07-03,u1405,payment_success,Travel Blog,Bangalore,Blue Pottery,CRB5081,6,2500
2026-07-03,u1405,booking_completed,Travel Blog,Bangalore,Blue Pottery,CRB5081,6,2500
2026-07-03,u1405,review_submitted,Travel Blog,Bangalore,Blue Pottery,CRB5081,6,2500
2026-07-03,u1406,page_view,Instagram,Khurja,Weaving,,,
2026-07-03,u1406,booking_started,Instagram,Khurja,Weaving,,,
2026-07-03,u1406,payment_success,Instagram,Khurja,Weaving,CRB5082,2,2200
2026-07-03,u1406,booking_completed,Instagram,Khurja,Weaving,CRB5082,2,2200
2026-07-03,u1406,review_submitted,Instagram,Khurja,Weaving,CRB5082,2,2200
2026-07-03,u1407,page_view,Direct,Udaipur,Pottery,,,
2026-07-03,u1408,page_view,Google Search,Jaipur,Warli Painting,,,
2026-07-03,u1408,experience_card_viewed,Google Search,Jaipur,Warli Painting,,,
2026-07-03,u1409,page_view,Direct,Khurja,Weaving,,,
2026-07-03,u1410,page_view,Direct,Varanasi,Warli Painting,,,
2026-07-03,u1411,page_view,Instagram,Khurja,Blue Pottery,,,
2026-07-03,u1412,page_view,Google Search,Khurja,Pottery,,,
2026-07-03,u1412,experience_card_viewed,Google Search,Khurja,Pottery,,,
2026-07-03,u1413,page_view,Google Search,Udaipur,Blue Pottery,,,
2026-07-03,u1413,experience_card_viewed,Google Search,Udaipur,Blue Pottery,,,
2026-07-03,u1414,page_view,Travel Blog,Udaipur,Blue Pottery,,,
2026-07-03,u1414,experience_card_viewed,Travel Blog,Udaipur,Blue Pottery,,,
2026-07-03,u1415,page_view,Instagram,Udaipur,Warli Painting,,,
2026-07-03,u1416,page_view,Referral,Udaipur,Blue Pottery,,,
2026-07-03,u1416,experience_card_viewed,Referral,Udaipur,Blue Pottery,,,
2026-07-03,u1416,booking_started,Referral,Udaipur,Blue Pottery,,,
2026-07-03,u1417,page_view,Instagram,Udaipur,Weaving,,,
2026-07-03,u1418,page_view,Travel Blog,Khurja,Blue Pottery,,,
2026-07-03,u1419,page_view,Referral,Varanasi,Weaving,,,
2026-07-03,u1419,booking_started,Referral,Varanasi,Weaving,,,
2026-07-03,u1420,page_view,Referral,Jaipur,Block Printing,,,
2026-07-03,u1420,experience_card_viewed,Referral,Jaipur,Block Printing,,,
2026-07-03,u1421,page_view,Travel Blog,Jaipur,Block Printing,,,
2026-07-03,u1421,booking_started,Travel Blog,Jaipur,Block Printing,,,
2026-07-03,u1421,payment_success,Travel Blog,Jaipur,Block Printing,CRB5083,10,1800
2026-07-03,u1422,page_view,Referral,Jaipur,Weaving,,,
2026-07-03,u1422,experience_card_viewed,Referral,Jaipur,Weaving,,,
2026-07-03,u1423,page_view,Google Search,Jaipur,Blue Pottery,,,
2026-07-03,u1424,page_view,Google Search,Udaipur,Block Printing,,,
2026-07-03,u1424,booking_started,Google Search,Udaipur,Block Printing,,,
2026-07-03,u1424,payment_success,Google Search,Udaipur,Block Printing,CRB5084,2,2500
2026-07-03,u1424,booking_completed,Google Search,Udaipur,Block Printing,CRB5084,2,2500
2026-07-03,u1425,page_view,Google Search,Udaipur,Block Printing,,,
2026-07-03,u1425,experience_card_viewed,Google Search,Udaipur,Block Printing,,,
2026-07-03,u1425,booking_started,Google Search,Udaipur,Block Printing,,,
2026-07-03,u1426,page_view,Instagram,Varanasi,Weaving,,,
2026-07-03,u1426,booking_started,Instagram,Varanasi,Weaving,,,
2026-07-03,u1427,page_view,Google Search,Khurja,Block Printing,,,
2026-07-03,u1427,booking_started,Google Search,Khurja,Block Printing,,,
2026-07-03,u1427,payment_success,Google Search,Khurja,Block Printing,CRB5085,12,2000
2026-07-03,u1427,booking_completed,Google Search,Khurja,Block Printing,CRB5085,12,2000
2026-07-03,u1428,page_view,Instagram,Jaipur,Pottery,,,
2026-07-03,u1429,page_view,Travel Blog,Varanasi,Blue Pottery,,,
2026-07-03,u1429,experience_card_viewed,Travel Blog,Varanasi,Blue Pottery,,,
2026-07-03,u1429,booking_started,Travel Blog,Varanasi,Blue Pottery,,,
2026-07-03,u1429,payment_success,Travel Blog,Varanasi,Blue Pottery,CRB5086,2,1800
2026-07-03,u1429,booking_completed,Travel Blog,Varanasi,Blue Pottery,CRB5086,2,1800
2026-07-03,u1430,page_view,Direct,Bangalore,Warli Painting,,,
2026-07-03,u1430,experience_card_viewed,Direct,Bangalore,Warli Painting,,,
2026-07-03,u1431,page_view,Instagram,Khurja,Blue Pottery,,,
2026-07-03,u1431,experience_card_viewed,Instagram,Khurja,Blue Pottery,,,
2026-07-03,u1431,booking_started,Instagram,Khurja,Blue Pottery,,,
2026-07-03,u1431,payment_success,Instagram,Khurja,Blue Pottery,CRB5087,2,2500
2026-07-03,u1431,booking_completed,Instagram,Khurja,Blue Pottery,CRB5087,2,2500
2026-07-03,u1431,review_submitted,Instagram,Khurja,Blue Pottery,CRB5087,2,2500
2026-07-03,u1432,page_view,Direct,Udaipur,Weaving,,,
2026-07-03,u1432,booking_started,Direct,Udaipur,Weaving,,,
2026-07-03,u1432,payment_success,Direct,Udaipur,Weaving,CRB5088,2,1500
2026-07-03,u1432,booking_completed,Direct,Udaipur,Weaving,CRB5088,2,1500
2026-07-03,u1432,review_submitted,Direct,Udaipur,Weaving,CRB5088,2,1500
2026-07-03,u1433,page_view,Referral,Bangalore,Blue Pottery,,,
2026-07-03,u1433,experience_card_viewed,Referral,Bangalore,Blue Pottery,,,
2026-07-03,u1434,page_view,Direct,Bangalore,Warli Painting,,,
2026-07-03,u1434,experience_card_viewed,Direct,Bangalore,Warli Painting,,,
2026-07-03,u1434,booking_started,Direct,Bangalore,Warli Painting,,,
2026-07-03,u1434,payment_success,Direct,Bangalore,Warli Painting,CRB5089,3,3500
2026-07-03,u1434,booking_completed,Direct,Bangalore,Warli Painting,CRB5089,3,3500
2026-07-03,u1434,review_submitted,Direct,Bangalore,Warli Painting,CRB5089,3,3500
2026-07-03,u1435,page_view,Travel Blog,Khurja,Block Printing,,,
2026-07-03,u1435,experience_card_viewed,Travel Blog,Khurja,Block Printing,,,
2026-07-03,u1436,page_view,Instagram,Udaipur,Warli Painting,,,
2026-07-03,u1437,page_view,Google Search,Jaipur,Block Printing,,,
2026-07-03,u1438,page_view,Google Search,Udaipur,Weaving,,,
2026-07-03,u1439,page_view,Referral,Khurja,Weaving,,,
2026-07-03,u1439,experience_card_viewed,Referral,Khurja,Weaving,,,
2026-07-03,u1440,page_view,Referral,Jaipur,Block Printing,,,
2026-07-03,u1440,experience_card_viewed,Referral,Jaipur,Block Printing,,,
2026-07-03,u1441,page_view,Direct,Jaipur,Weaving,,,
2026-07-03,u1442,page_view,Instagram,Udaipur,Blue Pottery,,,
2026-07-03,u1442,experience_card_viewed,Instagram,Udaipur,Blue Pottery,,,
2026-07-03,u1442,booking_started,Instagram,Udaipur,Blue Pottery,,,
2026-07-03,u1443,page_view,Google Search,Varanasi,Pottery,,,
2026-07-03,u1443,experience_card_viewed,Google Search,Varanasi,Pottery,,,
2026-07-03,u1443,booking_started,Google Search,Varanasi,Pottery,,,
2026-07-03,u1443,payment_success,Google Search,Varanasi,Pottery,CRB5090,2,1800
2026-07-03,u1443,booking_completed,Google Search,Varanasi,Pottery,CRB5090,2,1800
2026-07-03,u1443,review_submitted,Google Search,Varanasi,Pottery,CRB5090,2,1800
2026-07-03,u1444,page_view,Travel Blog,Varanasi,Blue Pottery,,,
2026-07-03,u1444,booking_started,Travel Blog,Varanasi,Blue Pottery,,,
2026-07-03,u1445,page_view,Instagram,Bangalore,Blue Pottery,,,
2026-07-03,u1445,experience_card_viewed,Instagram,Bangalore,Blue Pottery,,,
2026-07-03,u1445,booking_started,Instagram,Bangalore,Blue Pottery,,,
2026-07-03,u1446,page_view,Referral,Varanasi,Block Printing,,,
2026-07-03,u1446,booking_started,Referral,Varanasi,Block Printing,,,
2026-07-03,u1446,payment_success,Referral,Varanasi,Block Printing,CRB5091,1,1800
2026-07-03,u1446,booking_completed,Referral,Varanasi,Block Printing,CRB5091,1,1800
2026-07-03,u1447,page_view,Referral,Varanasi,Weaving,,,
2026-07-03,u1447,experience_card_viewed,Referral,Varanasi,Weaving,,,
2026-07-03,u1448,page_view,Referral,Khurja,Weaving,,,
2026-07-03,u1449,page_view,Direct,Khurja,Blue Pottery,,,
2026-07-03,u1449,experience_card_viewed,Direct,Khurja,Blue Pottery,,,
2026-07-03,u1450,page_view,Google Search,Bangalore,Pottery,,,
2026-07-03,u1450,experience_card_viewed,Google Search,Bangalore,Pottery,,,
2026-07-03,u1451,page_view,Instagram,Khurja,Warli Painting,,,
2026-07-03,u1451,experience_card_viewed,Instagram,Khurja,Warli Painting,,,
2026-07-03,u1452,page_view,Instagram,Varanasi,Block Printing,,,
2026-07-03,u1453,page_view,Referral,Jaipur,Pottery,,,
2026-07-03,u1453,booking_started,Referral,Jaipur,Pottery,,,
2026-07-03,u1453,payment_success,Referral,Jaipur,Pottery,CRB5092,1,1800
2026-07-03,u1453,booking_completed,Referral,Jaipur,Pottery,CRB5092,1,1800
2026-07-03,u1453,review_submitted,Referral,Jaipur,Pottery,CRB5092,1,1800
2026-07-03,u1454,page_view,Referral,Udaipur,Block Printing,,,
2026-07-03,u1455,page_view,Travel Blog,Jaipur,Warli Painting,,,
2026-07-03,u1456,page_view,Google Search,Khurja,Weaving,,,
2026-07-03,u1456,experience_card_viewed,Google Search,Khurja,Weaving,,,
2026-07-03,u1457,page_view,Travel Blog,Varanasi,Weaving,,,
2026-07-03,u1457,experience_card_viewed,Travel Blog,Varanasi,Weaving,,,
2026-07-03,u1457,booking_started,Travel Blog,Varanasi,Weaving,,,
2026-07-03,u1458,page_view,Google Search,Bangalore,Block Printing,,,
2026-07-03,u1458,experience_card_viewed,Google Search,Bangalore,Block Printing,,,
2026-07-03,u1458,booking_started,Google Search,Bangalore,Block Printing,,,
2026-07-03,u1458,payment_success,Google Search,Bangalore,Block Printing,CRB5093,10,1500
2026-07-03,u1458,booking_completed,Google Search,Bangalore,Block Printing,CRB5093,10,1500
2026-07-03,u1459,page_view,Instagram,Jaipur,Pottery,,,
2026-07-03,u1460,page_view,Direct,Jaipur,Pottery,,,
2026-07-03,u1461,page_view,Instagram,Khurja,Weaving,,,
2026-07-03,u1461,experience_card_viewed,Instagram,Khurja,Weaving,,,
2026-07-03,u1461,booking_started,Instagram,Khurja,Weaving,,,
2026-07-03,u1461,payment_success,Instagram,Khurja,Weaving,CRB5094,2,1500
2026-07-03,u1462,page_view,Travel Blog,Jaipur,Pottery,,,
2026-07-03,u1462,experience_card_viewed,Travel Blog,Jaipur,Pottery,,,
2026-07-03,u1462,booking_started,Travel Blog,Jaipur,Pottery,,,
2026-07-03,u1463,page_view,Google Search,Khurja,Pottery,,,
2026-07-03,u1464,page_view,Instagram,Bangalore,Warli Painting,,,
2026-07-03,u1464,experience_card_viewed,Instagram,Bangalore,Warli Painting,,,
2026-07-03,u1465,page_view,Instagram,Jaipur,Pottery,,,
2026-07-03,u1466,page_view,Google Search,Jaipur,Weaving,,,
2026-07-03,u1466,experience_card_viewed,Google Search,Jaipur,Weaving,,,
2026-07-03,u1467,page_view,Instagram,Khurja,Warli Painting,,,
2026-07-03,u1467,experience_card_viewed,Instagram,Khurja,Warli Painting,,,
2026-07-03,u1468,page_view,Travel Blog,Jaipur,Blue Pottery,,,
2026-07-03,u1468,booking_started,Travel Blog,Jaipur,Blue Pottery,,,
2026-07-03,u1468,payment_success,Travel Blog,Jaipur,Blue Pottery,CRB5095,2,2000
2026-07-03,u1468,booking_completed,Travel Blog,Jaipur,Blue Pottery,CRB5095,2,2000
2026-07-03,u1469,page_view,Referral,Udaipur,Blue Pottery,,,
2026-07-03,u1470,page_view,Instagram,Varanasi,Blue Pottery,,,
2026-07-03,u1470,experience_card_viewed,Instagram,Varanasi,Blue Pottery,,,
2026-07-03,u1470,booking_started,Instagram,Varanasi,Blue Pottery,,,
2026-07-03,u1471,page_view,Direct,Khurja,Warli Painting,,,
2026-07-03,u1472,page_view,Referral,Udaipur,Warli Painting,,,
2026-07-03,u1473,page_view,Direct,Bangalore,Weaving,,,
2026-07-03,u1473,experience_card_viewed,Direct,Bangalore,Weaving,,,
2026-07-03,u1473,booking_started,Direct,Bangalore,Weaving,,,
2026-07-03,u1473,payment_success,Direct,Bangalore,Weaving,CRB5096,3,1500
2026-07-03,u1473,booking_completed,Direct,Bangalore,Weaving,CRB5096,3,1500
2026-07-03,u1474,page_view,Google Search,Khurja,Block Printing,,,
2026-07-03,u1474,experience_card_viewed,Google Search,Khurja,Block Printing,,,
2026-07-03,u1474,booking_started,Google Search,Khurja,Block Printing,,,
2026-07-03,u1474,payment_success,Google Search,Khurja,Block Printing,CRB5097,1,3500
2026-07-03,u1475,page_view,Google Search,Khurja,Pottery,,,
2026-07-03,u1476,page_view,Referral,Bangalore,Block Printing,,,
2026-07-03,u1477,page_view,Direct,Bangalore,Pottery,,,
2026-07-03,u1477,booking_started,Direct,Bangalore,Pottery,,,
2026-07-03,u1478,page_view,Travel Blog,Bangalore,Weaving,,,
2026-07-03,u1478,experience_card_viewed,Travel Blog,Bangalore,Weaving,,,
2026-07-03,u1478,booking_started,Travel Blog,Bangalore,Weaving,,,
2026-07-03,u1478,payment_success,Travel Blog,Bangalore,Weaving,CRB5098,3,1500
2026-07-03,u1478,booking_completed,Travel Blog,Bangalore,Weaving,CRB5098,3,1500
2026-07-03,u1478,review_submitted,Travel Blog,Bangalore,Weaving,CRB5098,3,1500
2026-07-03,u1479,page_view,Google Search,Varanasi,Block Printing,,,
2026-07-03,u1479,experience_card_viewed,Google Search,Varanasi,Block Printing,,,
2026-07-03,u1480,page_view,Google Search,Jaipur,Warli Painting,,,
2026-07-03,u1481,page_view,Referral,Udaipur,Warli Painting,,,
2026-07-03,u1481,experience_card_viewed,Referral,Udaipur,Warli Painting,,,
2026-07-03,u1482,page_view,Google Search,Khurja,Blue Pottery,,,
2026-07-03,u1483,page_view,Referral,Khurja,Warli Painting,,,
2026-07-03,u1484,page_view,Referral,Khurja,Warli Painting,,,
2026-07-03,u1485,page_view,Referral,Khurja,Pottery,,,
2026-07-03,u1486,page_view,Direct,Udaipur,Warli Painting,,,
2026-07-03,u1486,experience_card_viewed,Direct,Udaipur,Warli Painting,,,
2026-07-03,u1487,page_view,Direct,Khurja,Warli Painting,,,
2026-07-03,u1487,experience_card_viewed,Direct,Khurja,Warli Painting,,,
2026-07-03,u1488,page_view,Referral,Jaipur,Pottery,,,
2026-07-03,u1488,experience_card_viewed,Referral,Jaipur,Pottery,,,
2026-07-03,u1489,page_view,Instagram,Varanasi,Blue Pottery,,,
2026-07-03,u1489,experience_card_viewed,Instagram,Varanasi,Blue Pottery,,,
2026-07-03,u1489,booking_started,Instagram,Varanasi,Blue Pottery,,,
2026-07-03,u1489,payment_success,Instagram,Varanasi,Blue Pottery,CRB5099,6,2000
2026-07-03,u1489,booking_completed,Instagram,Varanasi,Blue Pottery,CRB5099,6,2000
2026-07-03,u1490,page_view,Travel Blog,Udaipur,Blue Pottery,,,
2026-07-03,u1490,experience_card_viewed,Travel Blog,Udaipur,Blue Pottery,,,
2026-07-03,u1491,page_view,Travel Blog,Bangalore,Pottery,,,
2026-07-03,u1491,experience_card_viewed,Travel Blog,Bangalore,Pottery,,,
2026-07-03,u1491,booking_started,Travel Blog,Bangalore,Pottery,,,
2026-07-03,u1492,page_view,Referral,Jaipur,Weaving,,,
2026-07-03,u1492,experience_card_viewed,Referral,Jaipur,Weaving,,,
2026-07-03,u1492,booking_started,Referral,Jaipur,Weaving,,,
2026-07-03,u1492,payment_success,Referral,Jaipur,Weaving,CRB5100,10,1800
2026-07-03,u1492,booking_completed,Referral,Jaipur,Weaving,CRB5100,10,1800
2026-07-03,u1493,page_view,Direct,Udaipur,Block Printing,,,
2026-07-03,u1493,experience_card_viewed,Direct,Udaipur,Block Printing,,,
2026-07-03,u1494,page_view,Direct,Udaipur,Pottery,,,
2026-07-03,u1494,experience_card_viewed,Direct,Udaipur,Pottery,,,
2026-07-03,u1495,page_view,Google Search,Udaipur,Warli Painting,,,
2026-07-03,u1496,page_view,Referral,Varanasi,Weaving,,,
2026-07-03,u1496,experience_card_viewed,Referral,Varanasi,Weaving,,,
2026-07-03,u1496,booking_started,Referral,Varanasi,Weaving,,,
2026-07-03,u1496,payment_success,Referral,Varanasi,Weaving,CRB5101,12,1800
2026-07-03,u1496,booking_completed,Referral,Varanasi,Weaving,CRB5101,12,1800
2026-07-03,u1496,review_submitted,Referral,Varanasi,Weaving,CRB5101,12,1800
2026-07-03,u1497,page_view,Instagram,Jaipur,Pottery,,,
2026-07-03,u1497,experience_card_viewed,Instagram,Jaipur,Pottery,,,
2026-07-03,u1498,page_view,Instagram,Udaipur,Block Printing,,,
2026-07-03,u1498,experience_card_viewed,Instagram,Udaipur,Block Printing,,,
2026-07-03,u1499,page_view,Travel Blog,Varanasi,Block Printing,,,
2026-07-03,u1500,page_view,Referral,Udaipur,Weaving,,,
2026-07-03,u1500,experience_card_viewed,Referral,Udaipur,Weaving,,,
2026-07-03,u1500,booking_started,Referral,Udaipur,Weaving,,,
2026-07-03,u1500,payment_success,Referral,Udaipur,Weaving,CRB5102,4,1800
2026-07-03,u1500,booking_completed,Referral,Udaipur,Weaving,CRB5102,4,1800
2026-07-03,u1501,page_view,Referral,Bangalore,Blue Pottery,,,
2026-07-03,u1502,page_view,Direct,Jaipur,Blue Pottery,,,
2026-07-03,u1503,page_view,Direct,Udaipur,Warli Painting,,,
2026-07-03,u1504,page_view,Instagram,Udaipur,Block Printing,,,
2026-07-03,u1504,experience_card_viewed,Instagram,Udaipur,Block Printing,,,
2026-07-03,u1505,page_view,Direct,Bangalore,Pottery,,,
2026-07-03,u1505,experience_card_viewed,Direct,Bangalore,Pottery,,,
2026-07-03,u1506,page_view,Google Search,Khurja,Pottery,,,
2026-07-03,u1506,booking_started,Google Search,Khurja,Pottery,,,
2026-07-03,u1506,payment_success,Google Search,Khurja,Pottery,CRB5103,10,1800
2026-07-03,u1507,page_view,Instagram,Jaipur,Blue Pottery,,,
2026-07-03,u1508,page_view,Referral,Bangalore,Blue Pottery,,,
2026-07-03,u1508,booking_started,Referral,Bangalore,Blue Pottery,,,
2026-07-03,u1508,payment_success,Referral,Bangalore,Blue Pottery,CRB5104,10,1500
2026-07-03,u1508,booking_completed,Referral,Bangalore,Blue Pottery,CRB5104,10,1500
2026-07-03,u1508,review_submitted,Referral,Bangalore,Blue Pottery,CRB5104,10,1500
2026-07-03,u1509,page_view,Instagram,Varanasi,Warli Painting,,,
2026-07-03,u1510,page_view,Referral,Udaipur,Blue Pottery,,,
2026-07-03,u1511,page_view,Google Search,Varanasi,Blue Pottery,,,
2026-07-03,u1511,experience_card_viewed,Google Search,Varanasi,Blue Pottery,,,
2026-07-03,u1512,page_view,Travel Blog,Jaipur,Blue Pottery,,,
2026-07-03,u1513,page_view,Google Search,Jaipur,Blue Pottery,,,
2026-07-03,u1514,page_view,Instagram,Varanasi,Weaving,,,
2026-07-03,u1514,experience_card_viewed,Instagram,Varanasi,Weaving,,,
2026-07-03,u1515,page_view,Instagram,Khurja,Pottery,,,
2026-07-03,u1515,experience_card_viewed,Instagram,Khurja,Pottery,,,
2026-07-03,u1516,page_view,Referral,Varanasi,Blue Pottery,,,
2026-07-03,u1516,booking_started,Referral,Varanasi,Blue Pottery,,,
2026-07-03,u1516,payment_success,Referral,Varanasi,Blue Pottery,CRB5105,10,3000
2026-07-03,u1516,booking_completed,Referral,Varanasi,Blue Pottery,CRB5105,10,3000
2026-07-03,u1517,page_view,Referral,Bangalore,Blue Pottery,,,
2026-07-03,u1517,experience_card_viewed,Referral,Bangalore,Blue Pottery,,,
2026-07-03,u1518,page_view,Direct,Jaipur,Pottery,,,
2026-07-03,u1518,experience_card_viewed,Direct,Jaipur,Pottery,,,
2026-07-03,u1519,page_view,Instagram,Khurja,Block Printing,,,
2026-07-03,u1519,experience_card_viewed,Instagram,Khurja,Block Printing,,,
2026-07-03,u1520,page_view,Google Search,Varanasi,Weaving,,,
2026-07-03,u1521,page_view,Instagram,Jaipur,Pottery,,,
2026-07-03,u1521,experience_card_viewed,Instagram,Jaipur,Pottery,,,
2026-07-03,u1522,page_view,Google Search,Udaipur,Warli Painting,,,
2026-07-03,u1523,page_view,Referral,Jaipur,Weaving,,,
2026-07-03,u1523,experience_card_viewed,Referral,Jaipur,Weaving,,,
2026-07-03,u1523,booking_started,Referral,Jaipur,Weaving,,,
2026-07-03,u1524,page_view,Google Search,Khurja,Pottery,,,
2026-07-03,u1524,booking_started,Google Search,Khurja,Pottery,,,
2026-07-03,u1524,payment_success,Google Search,Khurja,Pottery,CRB5106,1,3500
2026-07-03,u1524,booking_completed,Google Search,Khurja,Pottery,CRB5106,1,3500
2026-07-03,u1525,page_view,Instagram,Khurja,Weaving,,,
2026-07-03,u1526,page_view,Referral,Udaipur,Blue Pottery,,,
2026-07-03,u1527,page_view,Google Search,Udaipur,Weaving,,,
2026-07-03,u1528,page_view,Travel Blog,Bangalore,Block Printing,,,
2026-07-03,u1528,experience_card_viewed,Travel Blog,Bangalore,Block Printing,,,
2026-07-03,u1529,page_view,Referral,Bangalore,Warli Painting,,,
2026-07-03,u1530,page_view,Instagram,Udaipur,Block Printing,,,
2026-07-03,u1530,experience_card_viewed,Instagram,Udaipur,Block Printing,,,
2026-07-03,u1530,booking_started,Instagram,Udaipur,Block Printing,,,
2026-07-03,u1530,payment_success,Instagram,Udaipur,Block Printing,CRB5107,4,2000
2026-07-03,u1530,booking_completed,Instagram,Udaipur,Block Printing,CRB5107,4,2000
2026-07-03,u1531,page_view,Google Search,Jaipur,Warli Painting,,,
2026-07-03,u1531,experience_card_viewed,Google Search,Jaipur,Warli Painting,,,
2026-07-03,u1532,page_view,Google Search,Jaipur,Blue Pottery,,,
2026-07-03,u1532,booking_started,Google Search,Jaipur,Blue Pottery,,,
2026-07-03,u1532,payment_success,Google Search,Jaipur,Blue Pottery,CRB5108,10,3000
2026-07-03,u1532,booking_completed,Google Search,Jaipur,Blue Pottery,CRB5108,10,3000
2026-07-03,u1533,page_view,Google Search,Bangalore,Blue Pottery,,,
2026-07-03,u1534,page_view,Direct,Varanasi,Pottery,,,
2026-07-03,u1535,page_view,Google Search,Varanasi,Block Printing,,,
2026-07-03,u1535,experience_card_viewed,Google Search,Varanasi,Block Printing,,,
2026-07-03,u1536,page_view,Direct,Khurja,Weaving,,,
2026-07-03,u1536,booking_started,Direct,Khurja,Weaving,,,
2026-07-03,u1536,payment_success,Direct,Khurja,Weaving,CRB5109,4,2200
2026-07-03,u1536,booking_completed,Direct,Khurja,Weaving,CRB5109,4,2200
2026-07-03,u1536,review_submitted,Direct,Khurja,Weaving,CRB5109,4,2200
2026-07-03,u1537,page_view,Travel Blog,Jaipur,Warli Painting,,,
2026-07-03,u1538,page_view,Travel Blog,Khurja,Warli Painting,,,
2026-07-03,u1538,experience_card_viewed,Travel Blog,Khurja,Warli Painting,,,
2026-07-03,u1539,page_view,Direct,Varanasi,Blue Pottery,,,
2026-07-03,u1539,experience_card_viewed,Direct,Varanasi,Blue Pottery,,,
2026-07-03,u1540,page_view,Google Search,Khurja,Weaving,,,
2026-07-03,u1540,experience_card_viewed,Google Search,Khurja,Weaving,,,
2026-07-03,u1541,page_view,Travel Blog,Khurja,Weaving,,,
2026-07-03,u1541,booking_started,Travel Blog,Khurja,Weaving,,,
2026-07-03,u1541,payment_success,Travel Blog,Khurja,Weaving,CRB5110,6,3000
2026-07-03,u1542,page_view,Travel Blog,Varanasi,Pottery,,,
2026-07-03,u1542,booking_started,Travel Blog,Varanasi,Pottery,,,
2026-07-03,u1543,page_view,Travel Blog,Jaipur,Pottery,,,
2026-07-03,u1544,page_view,Travel Blog,Udaipur,Blue Pottery,,,
2026-07-03,u1544,experience_card_viewed,Travel Blog,Udaipur,Blue Pottery,,,
2026-07-03,u1544,booking_started,Travel Blog,Udaipur,Blue Pottery,,,
2026-07-03,u1544,payment_success,Travel Blog,Udaipur,Blue Pottery,CRB5111,6,1500
2026-07-03,u1544,booking_completed,Travel Blog,Udaipur,Blue Pottery,CRB5111,6,1500
2026-07-03,u1545,page_view,Google Search,Khurja,Weaving,,,
2026-07-03,u1545,experience_card_viewed,Google Search,Khurja,Weaving,,,
2026-07-03,u1545,booking_started,Google Search,Khurja,Weaving,,,
2026-07-03,u1545,payment_success,Google Search,Khurja,Weaving,CRB5112,4,1800
2026-07-03,u1545,booking_completed,Google Search,Khurja,Weaving,CRB5112,4,1800
2026-07-03,u1545,review_submitted,Google Search,Khurja,Weaving,CRB5112,4,1800
2026-07-03,u1546,page_view,Google Search,Varanasi,Blue Pottery,,,
2026-07-03,u1546,experience_card_viewed,Google Search,Varanasi,Blue Pottery,,,
2026-07-03,u1546,booking_started,Google Search,Varanasi,Blue Pottery,,,
2026-07-03,u1547,page_view,Travel Blog,Jaipur,Pottery,,,
2026-07-03,u1547,experience_card_viewed,Travel Blog,Jaipur,Pottery,,,
2026-07-03,u1548,page_view,Google Search,Jaipur,Warli Painting,,,
2026-07-03,u1548,experience_card_viewed,Google Search,Jaipur,Warli Painting,,,
2026-07-03,u1548,booking_started,Google Search,Jaipur,Warli Painting,,,
2026-07-03,u1548,payment_success,Google Search,Jaipur,Warli Painting,CRB5113,1,2200
2026-07-03,u1548,booking_completed,Google Search,Jaipur,Warli Painting,CRB5113,1,2200
2026-07-03,u1548,review_submitted,Google Search,Jaipur,Warli Painting,CRB5113,1,2200
2026-07-03,u1549,page_view,Instagram,Jaipur,Block Printing,,,
2026-07-03,u1550,page_view,Travel Blog,Jaipur,Warli Painting,,,
2026-07-03,u1550,experience_card_viewed,Travel Blog,Jaipur,Warli Painting,,,
2026-07-03,u1551,page_view,Google Search,Jaipur,Weaving,,,
2026-07-03,u1551,experience_card_viewed,Google Search,Jaipur,Weaving,,,
2026-07-03,u1551,booking_started,Google Search,Jaipur,Weaving,,,
2026-07-03,u1551,payment_success,Google Search,Jaipur,Weaving,CRB5114,2,2200
2026-07-03,u1551,booking_completed,Google Search,Jaipur,Weaving,CRB5114,2,2200
2026-07-03,u1551,review_submitted,Google Search,Jaipur,Weaving,CRB5114,2,2200
2026-07-03,u1552,page_view,Instagram,Udaipur,Pottery,,,
2026-07-03,u1553,page_view,Direct,Khurja,Weaving,,,
2026-07-03,u1554,page_view,Instagram,Bangalore,Blue Pottery,,,
2026-07-03,u1555,page_view,Travel Blog,Varanasi,Pottery,,,
2026-07-03,u1555,experience_card_viewed,Travel Blog,Varanasi,Pottery,,,
2026-07-03,u1556,page_view,Instagram,Bangalore,Blue Pottery,,,
2026-07-03,u1556,experience_card_viewed,Instagram,Bangalore,Blue Pottery,,,
2026-07-03,u1556,booking_started,Instagram,Bangalore,Blue Pottery,,,
2026-07-03,u1556,payment_success,Instagram,Bangalore,Blue Pottery,CRB5115,2,2000
2026-07-03,u1556,booking_completed,Instagram,Bangalore,Blue Pottery,CRB5115,2,2000
2026-07-03,u1557,page_view,Instagram,Khurja,Block Printing,,,
2026-07-03,u1558,page_view,Referral,Udaipur,Block Printing,,,
2026-07-03,u1558,experience_card_viewed,Referral,Udaipur,Block Printing,,,
2026-07-03,u1559,page_view,Instagram,Jaipur,Pottery,,,
2026-07-03,u1559,booking_started,Instagram,Jaipur,Pottery,,,
2026-07-03,u1559,payment_success,Instagram,Jaipur,Pottery,CRB5116,12,2500
2026-07-03,u1559,booking_completed,Instagram,Jaipur,Pottery,CRB5116,12,2500
2026-07-03,u1560,page_view,Travel Blog,Udaipur,Blue Pottery,,,
2026-07-03,u1560,experience_card_viewed,Travel Blog,Udaipur,Blue Pottery,,,
2026-07-03,u1561,page_view,Travel Blog,Udaipur,Pottery,,,
2026-07-03,u1561,experience_card_viewed,Travel Blog,Udaipur,Pottery,,,
2026-07-03,u1562,page_view,Instagram,Khurja,Block Printing,,,
2026-07-03,u1562,experience_card_viewed,Instagram,Khurja,Block Printing,,,
2026-07-03,u1563,page_view,Direct,Udaipur,Pottery,,,
2026-07-03,u1564,page_view,Direct,Jaipur,Pottery,,,
2026-07-03,u1564,experience_card_viewed,Direct,Jaipur,Pottery,,,
2026-07-03,u1565,page_view,Travel Blog,Udaipur,Block Printing,,,
2026-07-03,u1565,experience_card_viewed,Travel Blog,Udaipur,Block Printing,,,
2026-07-03,u1566,page_view,Instagram,Bangalore,Warli Painting,,,
2026-07-03,u1566,booking_started,Instagram,Bangalore,Warli Painting,,,
2026-07-03,u1567,page_view,Referral,Bangalore,Warli Painting,,,
2026-07-03,u1568,page_view,Travel Blog,Khurja,Blue Pottery,,,
2026-07-03,u1568,experience_card_viewed,Travel Blog,Khurja,Blue Pottery,,,
2026-07-03,u1569,page_view,Travel Blog,Khurja,Warli Painting,,,
2026-07-03,u1570,page_view,Instagram,Khurja,Warli Painting,,,
2026-07-03,u1571,page_view,Google Search,Jaipur,Blue Pottery,,,
2026-07-03,u1571,experience_card_viewed,Google Search,Jaipur,Blue Pottery,,,
2026-07-03,u1572,page_view,Referral,Jaipur,Warli Painting,,,
2026-07-03,u1572,experience_card_viewed,Referral,Jaipur,Warli Painting,,,
2026-07-03,u1573,page_view,Travel Blog,Khurja,Block Printing,,,
2026-07-03,u1573,experience_card_viewed,Travel Blog,Khurja,Block Printing,,,
2026-07-03,u1574,page_view,Travel Blog,Jaipur,Blue Pottery,,,
2026-07-03,u1574,experience_card_viewed,Travel Blog,Jaipur,Blue Pottery,,,
2026-07-03,u1574,booking_started,Travel Blog,Jaipur,Blue Pottery,,,
2026-07-03,u1574,payment_success,Travel Blog,Jaipur,Blue Pottery,CRB5117,1,1500
2026-07-03,u1574,booking_completed,Travel Blog,Jaipur,Blue Pottery,CRB5117,1,1500
2026-07-03,u1574,review_submitted,Travel Blog,Jaipur,Blue Pottery,CRB5117,1,1500
2026-07-03,u1575,page_view,Direct,Khurja,Blue Pottery,,,
2026-07-03,u1576,page_view,Instagram,Khurja,Blue Pottery,,,
2026-07-03,u1576,experience_card_viewed,Instagram,Khurja,Blue Pottery,,,
2026-07-03,u1577,page_view,Direct,Udaipur,Weaving,,,
2026-07-03,u1577,booking_started,Direct,Udaipur,Weaving,,,
2026-07-03,u1578,page_view,Google Search,Jaipur,Weaving,,,
2026-07-03,u1578,experience_card_viewed,Google Search,Jaipur,Weaving,,,
2026-07-03,u1579,page_view,Referral,Bangalore,Warli Painting,,,
2026-07-03,u1579,experience_card_viewed,Referral,Bangalore,Warli Painting,,,
2026-07-03,u1579,booking_started,Referral,Bangalore,Warli Painting,,,
2026-07-03,u1580,page_view,Travel Blog,Khurja,Blue Pottery,,,
2026-07-03,u1580,experience_card_viewed,Travel Blog,Khurja,Blue Pottery,,,
2026-07-03,u1581,page_view,Google Search,Jaipur,Blue Pottery,,,
2026-07-03,u1581,experience_card_viewed,Google Search,Jaipur,Blue Pottery,,,
2026-07-03,u1582,page_view,Google Search,Varanasi,Block Printing,,,
2026-07-03,u1582,booking_started,Google Search,Varanasi,Block Printing,,,
2026-07-03,u1582,payment_success,Google Search,Varanasi,Block Printing,CRB5118,2,3500
2026-07-03,u1582,booking_completed,Google Search,Varanasi,Block Printing,CRB5118,2,3500
2026-07-03,u1583,page_view,Instagram,Bangalore,Block Printing,,,
2026-07-03,u1584,page_view,Direct,Udaipur,Warli Painting,,,
2026-07-03,u1585,page_view,Direct,Khurja,Pottery,,,
2026-07-03,u1585,experience_card_viewed,Direct,Khurja,Pottery,,,
2026-07-03,u1586,page_view,Direct,Varanasi,Warli Painting,,,
2026-07-03,u1587,page_view,Direct,Khurja,Weaving,,,
2026-07-03,u1587,experience_card_viewed,Direct,Khurja,Weaving,,,
2026-07-03,u1588,page_view,Referral,Udaipur,Pottery,,,
2026-07-03,u1588,experience_card_viewed,Referral,Udaipur,Pottery,,,
2026-07-03,u1589,page_view,Direct,Varanasi,Warli Painting,,,
2026-07-03,u1590,page_view,Direct,Khurja,Pottery,,,
2026-07-03,u1590,experience_card_viewed,Direct,Khurja,Pottery,,,
2026-07-03,u1591,page_view,Referral,Khurja,Pottery,,,
2026-07-03,u1591,experience_card_viewed,Referral,Khurja,Pottery,,,
2026-07-03,u1592,page_view,Referral,Jaipur,Weaving,,,
2026-07-03,u1593,page_view,Travel Blog,Bangalore,Weaving,,,
2026-07-03,u1594,page_view,Instagram,Bangalore,Block Printing,,,
2026-07-03,u1594,experience_card_viewed,Instagram,Bangalore,Block Printing,,,
2026-07-03,u1594,booking_started,Instagram,Bangalore,Block Printing,,,
2026-07-03,u1594,payment_success,Instagram,Bangalore,Block Printing,CRB5119,3,2000
2026-07-03,u1594,booking_completed,Instagram,Bangalore,Block Printing,CRB5119,3,2000
2026-07-03,u1594,review_submitted,Instagram,Bangalore,Block Printing,CRB5119,3,2000
2026-07-03,u1595,page_view,Referral,Khurja,Warli Painting,,,
2026-07-03,u1595,experience_card_viewed,Referral,Khurja,Warli Painting,,,
2026-07-03,u1596,page_view,Instagram,Bangalore,Warli Painting,,,
2026-07-03,u1597,page_view,Direct,Udaipur,Pottery,,,
2026-07-03,u1597,experience_card_viewed,Direct,Udaipur,Pottery,,,
2026-07-03,u1598,page_view,Referral,Jaipur,Blue Pottery,,,
2026-07-03,u1598,experience_card_viewed,Referral,Jaipur,Blue Pottery,,,
2026-07-03,u1599,page_view,Referral,Bangalore,Block Printing,,,
2026-07-03,u1599,experience_card_viewed,Referral,Bangalore,Block Printing,,,
2026-07-03,u1599,booking_started,Referral,Bangalore,Block Printing,,,
2026-07-03,u1599,payment_success,Referral,Bangalore,Block Printing,CRB5120,12,3500
2026-07-03,u1599,booking_completed,Referral,Bangalore,Block Printing,CRB5120,12,3500
2026-07-03,u1600,page_view,Google Search,Varanasi,Blue Pottery,,,
2026-07-03,u1600,experience_card_viewed,Google Search,Varanasi,Blue Pottery,,,
2026-07-03,u1601,page_view,Google Search,Khurja,Warli Painting,,,
2026-07-03,u1601,experience_card_viewed,Google Search,Khurja,Warli Painting,,,
2026-07-03,u1601,booking_started,Google Search,Khurja,Warli Painting,,,
2026-07-03,u1601,payment_success,Google Search,Khurja,Warli Painting,CRB5121,4,1800
2026-07-03,u1601,booking_completed,Google Search,Khurja,Warli Painting,CRB5121,4,1800
2026-07-03,u1602,page_view,Google Search,Varanasi,Warli Painting,,,
2026-07-03,u1602,experience_card_viewed,Google Search,Varanasi,Warli Painting,,,
2026-07-03,u1603,page_view,Direct,Varanasi,Blue Pottery,,,
2026-07-03,u1604,page_view,Instagram,Varanasi,Warli Painting,,,
2026-07-03,u1604,experience_card_viewed,Instagram,Varanasi,Warli Painting,,,
2026-07-03,u1604,booking_started,Instagram,Varanasi,Warli Painting,,,
2026-07-03,u1604,payment_success,Instagram,Varanasi,Warli Painting,CRB5122,2,2200
2026-07-03,u1604,booking_completed,Instagram,Varanasi,Warli Painting,CRB5122,2,2200
2026-07-03,u1604,review_submitted,Instagram,Varanasi,Warli Painting,CRB5122,2,2200
2026-07-03,u1605,page_view,Referral,Varanasi,Pottery,,,
2026-07-03,u1606,page_view,Travel Blog,Bangalore,Block Printing,,,
2026-07-03,u1606,experience_card_viewed,Travel Blog,Bangalore,Block Printing,,,
2026-07-04,u1607,page_view,Direct,Bangalore,Pottery,,,
2026-07-04,u1608,page_view,Referral,Udaipur,Block Printing,,,
2026-07-04,u1608,experience_card_viewed,Referral,Udaipur,Block Printing,,,
2026-07-04,u1609,page_view,Referral,Jaipur,Warli Painting,,,
2026-07-04,u1610,page_view,Direct,Udaipur,Blue Pottery,,,
2026-07-04,u1610,experience_card_viewed,Direct,Udaipur,Blue Pottery,,,
2026-07-04,u1611,page_view,Google Search,Varanasi,Warli Painting,,,
2026-07-04,u1611,experience_card_viewed,Google Search,Varanasi,Warli Painting,,,
2026-07-04,u1611,booking_started,Google Search,Varanasi,Warli Painting,,,
2026-07-04,u1612,page_view,Direct,Bangalore,Block Printing,,,
2026-07-04,u1612,booking_started,Direct,Bangalore,Block Printing,,,
2026-07-04,u1612,payment_success,Direct,Bangalore,Block Printing,CRB5123,3,3500
2026-07-04,u1612,booking_completed,Direct,Bangalore,Block Printing,CRB5123,3,3500
2026-07-04,u1613,page_view,Google Search,Jaipur,Blue Pottery,,,
2026-07-04,u1613,booking_started,Google Search,Jaipur,Blue Pottery,,,
2026-07-04,u1613,payment_success,Google Search,Jaipur,Blue Pottery,CRB5124,2,3500
2026-07-04,u1613,booking_completed,Google Search,Jaipur,Blue Pottery,CRB5124,2,3500
2026-07-04,u1613,review_submitted,Google Search,Jaipur,Blue Pottery,CRB5124,2,3500
2026-07-04,u1614,page_view,Travel Blog,Udaipur,Blue Pottery,,,
2026-07-04,u1614,experience_card_viewed,Travel Blog,Udaipur,Blue Pottery,,,
2026-07-04,u1615,page_view,Instagram,Bangalore,Block Printing,,,
2026-07-04,u1616,page_view,Direct,Jaipur,Block Printing,,,
2026-07-04,u1616,experience_card_viewed,Direct,Jaipur,Block Printing,,,
2026-07-04,u1617,page_view,Referral,Varanasi,Warli Painting,,,
2026-07-04,u1617,experience_card_viewed,Referral,Varanasi,Warli Painting,,,
2026-07-04,u1618,page_view,Travel Blog,Udaipur,Blue Pottery,,,
2026-07-04,u1618,booking_started,Travel Blog,Udaipur,Blue Pottery,,,
2026-07-04,u1618,payment_success,Travel Blog,Udaipur,Blue Pottery,CRB5125,3,1800
2026-07-04,u1618,booking_completed,Travel Blog,Udaipur,Blue Pottery,CRB5125,3,1800
2026-07-04,u1619,page_view,Referral,Jaipur,Warli Painting,,,
2026-07-04,u1619,booking_started,Referral,Jaipur,Warli Painting,,,
2026-07-04,u1619,payment_success,Referral,Jaipur,Warli Painting,CRB5126,10,2500
2026-07-04,u1619,booking_completed,Referral,Jaipur,Warli Painting,CRB5126,10,2500
2026-07-04,u1619,review_submitted,Referral,Jaipur,Warli Painting,CRB5126,10,2500
2026-07-04,u1620,page_view,Direct,Khurja,Pottery,,,
2026-07-04,u1620,experience_card_viewed,Direct,Khurja,Pottery,,,
2026-07-04,u1621,page_view,Referral,Khurja,Block Printing,,,
2026-07-04,u1621,experience_card_viewed,Referral,Khurja,Block Printing,,,
2026-07-04,u1622,page_view,Instagram,Bangalore,Blue Pottery,,,
2026-07-04,u1622,booking_started,Instagram,Bangalore,Blue Pottery,,,
2026-07-04,u1622,payment_success,Instagram,Bangalore,Blue Pottery,CRB5127,4,1500
2026-07-04,u1622,booking_completed,Instagram,Bangalore,Blue Pottery,CRB5127,4,1500
2026-07-04,u1623,page_view,Google Search,Jaipur,Weaving,,,
2026-07-04,u1624,page_view,Referral,Udaipur,Blue Pottery,,,
2026-07-04,u1624,experience_card_viewed,Referral,Udaipur,Blue Pottery,,,
2026-07-04,u1625,page_view,Direct,Khurja,Warli Painting,,,
2026-07-04,u1626,page_view,Travel Blog,Khurja,Block Printing,,,
2026-07-04,u1626,experience_card_viewed,Travel Blog,Khurja,Block Printing,,,
2026-07-04,u1627,page_view,Travel Blog,Varanasi,Weaving,,,
2026-07-04,u1627,experience_card_viewed,Travel Blog,Varanasi,Weaving,,,
2026-07-04,u1628,page_view,Travel Blog,Udaipur,Blue Pottery,,,
2026-07-04,u1628,experience_card_viewed,Travel Blog,Udaipur,Blue Pottery,,,
2026-07-04,u1629,page_view,Direct,Jaipur,Pottery,,,
2026-07-04,u1629,booking_started,Direct,Jaipur,Pottery,,,
2026-07-04,u1629,payment_success,Direct,Jaipur,Pottery,CRB5128,2,2500
2026-07-04,u1629,booking_completed,Direct,Jaipur,Pottery,CRB5128,2,2500
2026-07-04,u1630,page_view,Instagram,Bangalore,Warli Painting,,,
2026-07-04,u1630,experience_card_viewed,Instagram,Bangalore,Warli Painting,,,
2026-07-04,u1631,page_view,Instagram,Bangalore,Weaving,,,
2026-07-04,u1632,page_view,Travel Blog,Khurja,Weaving,,,
2026-07-04,u1632,experience_card_viewed,Travel Blog,Khurja,Weaving,,,
2026-07-04,u1633,page_view,Direct,Varanasi,Pottery,,,
2026-07-04,u1633,experience_card_viewed,Direct,Varanasi,Pottery,,,
2026-07-04,u1634,page_view,Travel Blog,Varanasi,Warli Painting,,,
2026-07-04,u1634,experience_card_viewed,Travel Blog,Varanasi,Warli Painting,,,
2026-07-04,u1634,booking_started,Travel Blog,Varanasi,Warli Painting,,,
2026-07-04,u1635,page_view,Direct,Khurja,Warli Painting,,,
2026-07-04,u1635,experience_card_viewed,Direct,Khurja,Warli Painting,,,
2026-07-04,u1635,booking_started,Direct,Khurja,Warli Painting,,,
2026-07-04,u1635,payment_success,Direct,Khurja,Warli Painting,CRB5129,2,3000
2026-07-04,u1635,booking_completed,Direct,Khurja,Warli Painting,CRB5129,2,3000
2026-07-04,u1636,page_view,Referral,Varanasi,Pottery,,,
2026-07-04,u1636,experience_card_viewed,Referral,Varanasi,Pottery,,,
2026-07-04,u1636,booking_started,Referral,Varanasi,Pottery,,,
2026-07-04,u1637,page_view,Referral,Udaipur,Blue Pottery,,,
2026-07-04,u1638,page_view,Instagram,Varanasi,Block Printing,,,
2026-07-04,u1639,page_view,Referral,Varanasi,Warli Painting,,,
2026-07-04,u1639,booking_started,Referral,Varanasi,Warli Painting,,,
2026-07-04,u1639,payment_success,Referral,Varanasi,Warli Painting,CRB5130,6,2500
2026-07-04,u1639,booking_completed,Referral,Varanasi,Warli Painting,CRB5130,6,2500
2026-07-04,u1640,page_view,Travel Blog,Varanasi,Weaving,,,
2026-07-04,u1640,experience_card_viewed,Travel Blog,Varanasi,Weaving,,,
2026-07-04,u1641,page_view,Direct,Jaipur,Warli Painting,,,
2026-07-04,u1642,page_view,Google Search,Jaipur,Warli Painting,,,
2026-07-04,u1642,booking_started,Google Search,Jaipur,Warli Painting,,,
2026-07-04,u1642,payment_success,Google Search,Jaipur,Warli Painting,CRB5131,6,2500
2026-07-04,u1642,booking_completed,Google Search,Jaipur,Warli Painting,CRB5131,6,2500
2026-07-04,u1642,review_submitted,Google Search,Jaipur,Warli Painting,CRB5131,6,2500
2026-07-04,u1643,page_view,Travel Blog,Udaipur,Pottery,,,
2026-07-04,u1644,page_view,Travel Blog,Jaipur,Pottery,,,
2026-07-04,u1644,experience_card_viewed,Travel Blog,Jaipur,Pottery,,,
2026-07-04,u1645,page_view,Google Search,Khurja,Warli Painting,,,
2026-07-04,u1645,experience_card_viewed,Google Search,Khurja,Warli Painting,,,
2026-07-04,u1646,page_view,Instagram,Khurja,Weaving,,,
2026-07-04,u1647,page_view,Travel Blog,Bangalore,Warli Painting,,,
2026-07-04,u1648,page_view,Referral,Jaipur,Pottery,,,
2026-07-04,u1648,experience_card_viewed,Referral,Jaipur,Pottery,,,
2026-07-04,u1649,page_view,Travel Blog,Khurja,Pottery,,,
2026-07-04,u1650,page_view,Direct,Khurja,Warli Painting,,,
2026-07-04,u1650,booking_started,Direct,Khurja,Warli Painting,,,
2026-07-04,u1650,payment_success,Direct,Khurja,Warli Painting,CRB5132,6,2200
2026-07-04,u1650,booking_completed,Direct,Khurja,Warli Painting,CRB5132,6,2200
2026-07-04,u1650,review_submitted,Direct,Khurja,Warli Painting,CRB5132,6,2200
2026-07-04,u1651,page_view,Google Search,Bangalore,Warli Painting,,,
2026-07-04,u1652,page_view,Direct,Jaipur,Pottery,,,
2026-07-04,u1652,experience_card_viewed,Direct,Jaipur,Pottery,,,
2026-07-04,u1653,page_view,Instagram,Bangalore,Warli Painting,,,
2026-07-04,u1653,booking_started,Instagram,Bangalore,Warli Painting,,,
2026-07-04,u1653,payment_success,Instagram,Bangalore,Warli Painting,CRB5133,1,3500
2026-07-04,u1653,booking_completed,Instagram,Bangalore,Warli Painting,CRB5133,1,3500
2026-07-04,u1653,review_submitted,Instagram,Bangalore,Warli Painting,CRB5133,1,3500
2026-07-04,u1654,page_view,Travel Blog,Udaipur,Weaving,,,
2026-07-04,u1655,page_view,Direct,Jaipur,Blue Pottery,,,
2026-07-04,u1655,experience_card_viewed,Direct,Jaipur,Blue Pottery,,,
2026-07-04,u1656,page_view,Google Search,Jaipur,Weaving,,,
2026-07-04,u1657,page_view,Referral,Khurja,Block Printing,,,
2026-07-04,u1658,page_view,Direct,Bangalore,Block Printing,,,
2026-07-04,u1658,experience_card_viewed,Direct,Bangalore,Block Printing,,,
2026-07-04,u1659,page_view,Google Search,Varanasi,Blue Pottery,,,
2026-07-04,u1659,experience_card_viewed,Google Search,Varanasi,Blue Pottery,,,
2026-07-04,u1659,booking_started,Google Search,Varanasi,Blue Pottery,,,
2026-07-04,u1659,payment_success,Google Search,Varanasi,Blue Pottery,CRB5134,4,2000
2026-07-04,u1659,booking_completed,Google Search,Varanasi,Blue Pottery,CRB5134,4,2000
2026-07-04,u1659,review_submitted,Google Search,Varanasi,Blue Pottery,CRB5134,4,2000
2026-07-04,u1660,page_view,Travel Blog,Bangalore,Warli Painting,,,
2026-07-04,u1660,experience_card_viewed,Travel Blog,Bangalore,Warli Painting,,,
2026-07-04,u1661,page_view,Direct,Udaipur,Weaving,,,
2026-07-04,u1662,page_view,Travel Blog,Khurja,Block Printing,,,
2026-07-04,u1663,page_view,Google Search,Jaipur,Pottery,,,
2026-07-04,u1663,experience_card_viewed,Google Search,Jaipur,Pottery,,,
2026-07-04,u1664,page_view,Direct,Bangalore,Block Printing,,,
2026-07-04,u1664,experience_card_viewed,Direct,Bangalore,Block Printing,,,
2026-07-04,u1665,page_view,Instagram,Jaipur,Pottery,,,
2026-07-04,u1665,experience_card_viewed,Instagram,Jaipur,Pottery,,,
2026-07-04,u1666,page_view,Instagram,Jaipur,Weaving,,,
2026-07-04,u1666,experience_card_viewed,Instagram,Jaipur,Weaving,,,
2026-07-04,u1666,booking_started,Instagram,Jaipur,Weaving,,,
2026-07-04,u1666,payment_success,Instagram,Jaipur,Weaving,CRB5135,10,2200
2026-07-04,u1666,booking_completed,Instagram,Jaipur,Weaving,CRB5135,10,2200
2026-07-04,u1667,page_view,Travel Blog,Udaipur,Block Printing,,,
2026-07-04,u1667,experience_card_viewed,Travel Blog,Udaipur,Block Printing,,,
2026-07-04,u1668,page_view,Direct,Varanasi,Pottery,,,
2026-07-04,u1668,experience_card_viewed,Direct,Varanasi,Pottery,,,
2026-07-04,u1669,page_view,Direct,Khurja,Warli Painting,,,
2026-07-04,u1669,experience_card_viewed,Direct,Khurja,Warli Painting,,,
2026-07-04,u1669,booking_started,Direct,Khurja,Warli Painting,,,
2026-07-04,u1669,payment_success,Direct,Khurja,Warli Painting,CRB5136,1,1800
2026-07-04,u1669,booking_completed,Direct,Khurja,Warli Painting,CRB5136,1,1800
2026-07-04,u1669,review_submitted,Direct,Khurja,Warli Painting,CRB5136,1,1800
2026-07-04,u1670,page_view,Google Search,Bangalore,Block Printing,,,
2026-07-04,u1670,booking_started,Google Search,Bangalore,Block Printing,,,
2026-07-04,u1670,payment_success,Google Search,Bangalore,Block Printing,CRB5137,4,3000
2026-07-04,u1670,booking_completed,Google Search,Bangalore,Block Printing,CRB5137,4,3000
2026-07-04,u1671,page_view,Google Search,Udaipur,Blue Pottery,,,
2026-07-04,u1671,booking_started,Google Search,Udaipur,Blue Pottery,,,
2026-07-04,u1671,payment_success,Google Search,Udaipur,Blue Pottery,CRB5138,2,2500
2026-07-04,u1671,booking_completed,Google Search,Udaipur,Blue Pottery,CRB5138,2,2500
2026-07-04,u1671,review_submitted,Google Search,Udaipur,Blue Pottery,CRB5138,2,2500
2026-07-04,u1672,page_view,Direct,Varanasi,Blue Pottery,,,
2026-07-04,u1673,page_view,Google Search,Varanasi,Blue Pottery,,,
2026-07-04,u1674,page_view,Instagram,Udaipur,Block Printing,,,
2026-07-04,u1674,experience_card_viewed,Instagram,Udaipur,Block Printing,,,
2026-07-04,u1675,page_view,Google Search,Khurja,Weaving,,,
2026-07-04,u1675,experience_card_viewed,Google Search,Khurja,Weaving,,,
2026-07-04,u1676,page_view,Direct,Jaipur,Weaving,,,
2026-07-04,u1676,experience_card_viewed,Direct,Jaipur,Weaving,,,
2026-07-04,u1676,booking_started,Direct,Jaipur,Weaving,,,
2026-07-04,u1676,payment_success,Direct,Jaipur,Weaving,CRB5139,6,1500
2026-07-04,u1676,booking_completed,Direct,Jaipur,Weaving,CRB5139,6,1500
2026-07-04,u1676,review_submitted,Direct,Jaipur,Weaving,CRB5139,6,1500
2026-07-04,u1677,page_view,Google Search,Udaipur,Pottery,,,
2026-07-04,u1677,experience_card_viewed,Google Search,Udaipur,Pottery,,,
2026-07-04,u1677,booking_started,Google Search,Udaipur,Pottery,,,
2026-07-04,u1677,payment_success,Google Search,Udaipur,Pottery,CRB5140,3,1800
2026-07-04,u1677,booking_completed,Google Search,Udaipur,Pottery,CRB5140,3,1800
2026-07-04,u1678,page_view,Travel Blog,Bangalore,Block Printing,,,
2026-07-04,u1679,page_view,Instagram,Udaipur,Weaving,,,
2026-07-04,u1680,page_view,Direct,Varanasi,Blue Pottery,,,
2026-07-04,u1680,experience_card_viewed,Direct,Varanasi,Blue Pottery,,,
2026-07-04,u1681,page_view,Direct,Varanasi,Blue Pottery,,,
2026-07-04,u1681,experience_card_viewed,Direct,Varanasi,Blue Pottery,,,
2026-07-04,u1682,page_view,Instagram,Bangalore,Blue Pottery,,,
2026-07-04,u1682,experience_card_viewed,Instagram,Bangalore,Blue Pottery,,,
2026-07-04,u1683,page_view,Direct,Varanasi,Blue Pottery,,,
2026-07-04,u1684,page_view,Travel Blog,Jaipur,Warli Painting,,,
2026-07-04,u1684,experience_card_viewed,Travel Blog,Jaipur,Warli Painting,,,
2026-07-04,u1685,page_view,Instagram,Khurja,Blue Pottery,,,
2026-07-04,u1686,page_view,Direct,Varanasi,Pottery,,,
2026-07-04,u1686,booking_started,Direct,Varanasi,Pottery,,,
2026-07-04,u1686,payment_success,Direct,Varanasi,Pottery,CRB5141,6,2000
2026-07-04,u1686,booking_completed,Direct,Varanasi,Pottery,CRB5141,6,2000
2026-07-04,u1686,review_submitted,Direct,Varanasi,Pottery,CRB5141,6,2000
2026-07-04,u1687,page_view,Referral,Udaipur,Pottery,,,
2026-07-04,u1688,page_view,Google Search,Jaipur,Weaving,,,
2026-07-04,u1689,page_view,Travel Blog,Khurja,Pottery,,,
2026-07-04,u1690,page_view,Travel Blog,Jaipur,Pottery,,,
2026-07-04,u1690,experience_card_viewed,Travel Blog,Jaipur,Pottery,,,
2026-07-04,u1690,booking_started,Travel Blog,Jaipur,Pottery,,,
2026-07-04,u1691,page_view,Direct,Bangalore,Weaving,,,
2026-07-04,u1692,page_view,Direct,Bangalore,Block Printing,,,
2026-07-04,u1692,experience_card_viewed,Direct,Bangalore,Block Printing,,,
2026-07-04,u1693,page_view,Instagram,Khurja,Weaving,,,
2026-07-04,u1693,experience_card_viewed,Instagram,Khurja,Weaving,,,
2026-07-04,u1694,page_view,Travel Blog,Varanasi,Weaving,,,
2026-07-04,u1694,experience_card_viewed,Travel Blog,Varanasi,Weaving,,,
2026-07-04,u1695,page_view,Referral,Varanasi,Block Printing,,,
2026-07-04,u1695,experience_card_viewed,Referral,Varanasi,Block Printing,,,
2026-07-04,u1696,page_view,Direct,Khurja,Warli Painting,,,
2026-07-04,u1697,page_view,Google Search,Varanasi,Weaving,,,
2026-07-04,u1697,experience_card_viewed,Google Search,Varanasi,Weaving,,,
2026-07-04,u1698,page_view,Travel Blog,Jaipur,Blue Pottery,,,
2026-07-04,u1699,page_view,Google Search,Khurja,Weaving,,,
2026-07-04,u1699,experience_card_viewed,Google Search,Khurja,Weaving,,,
2026-07-04,u1700,page_view,Travel Blog,Jaipur,Block Printing,,,
2026-07-04,u1700,experience_card_viewed,Travel Blog,Jaipur,Block Printing,,,
2026-07-04,u1700,booking_started,Travel Blog,Jaipur,Block Printing,,,
2026-07-04,u1700,payment_success,Travel Blog,Jaipur,Block Printing,CRB5142,4,3000
2026-07-04,u1700,booking_completed,Travel Blog,Jaipur,Block Printing,CRB5142,4,3000
2026-07-04,u1701,page_view,Direct,Bangalore,Blue Pottery,,,
2026-07-04,u1701,experience_card_viewed,Direct,Bangalore,Blue Pottery,,,
2026-07-04,u1701,booking_started,Direct,Bangalore,Blue Pottery,,,
2026-07-04,u1701,payment_success,Direct,Bangalore,Blue Pottery,CRB5143,3,3000
2026-07-04,u1701,booking_completed,Direct,Bangalore,Blue Pottery,CRB5143,3,3000
2026-07-04,u1702,page_view,Instagram,Jaipur,Block Printing,,,
2026-07-04,u1703,page_view,Instagram,Jaipur,Blue Pottery,,,
2026-07-04,u1704,page_view,Instagram,Varanasi,Warli Painting,,,
2026-07-04,u1704,experience_card_viewed,Instagram,Varanasi,Warli Painting,,,
2026-07-04,u1705,page_view,Travel Blog,Varanasi,Pottery,,,
2026-07-04,u1705,experience_card_viewed,Travel Blog,Varanasi,Pottery,,,
2026-07-04,u1706,page_view,Google Search,Khurja,Warli Painting,,,
2026-07-04,u1706,booking_started,Google Search,Khurja,Warli Painting,,,
2026-07-04,u1706,payment_success,Google Search,Khurja,Warli Painting,CRB5144,6,3500
2026-07-04,u1706,booking_completed,Google Search,Khurja,Warli Painting,CRB5144,6,3500
2026-07-04,u1707,page_view,Direct,Khurja,Warli Painting,,,
2026-07-04,u1708,page_view,Direct,Udaipur,Warli Painting,,,
2026-07-04,u1709,page_view,Referral,Udaipur,Warli Painting,,,
2026-07-04,u1709,experience_card_viewed,Referral,Udaipur,Warli Painting,,,
2026-07-04,u1709,booking_started,Referral,Udaipur,Warli Painting,,,
2026-07-04,u1709,payment_success,Referral,Udaipur,Warli Painting,CRB5145,10,2000
2026-07-04,u1709,booking_completed,Referral,Udaipur,Warli Painting,CRB5145,10,2000
2026-07-04,u1709,review_submitted,Referral,Udaipur,Warli Painting,CRB5145,10,2000
2026-07-04,u1710,page_view,Travel Blog,Bangalore,Block Printing,,,
2026-07-04,u1711,page_view,Travel Blog,Varanasi,Block Printing,,,
2026-07-04,u1712,page_view,Direct,Khurja,Block Printing,,,
2026-07-04,u1712,booking_started,Direct,Khurja,Block Printing,,,
2026-07-04,u1713,page_view,Travel Blog,Udaipur,Pottery,,,
2026-07-04,u1713,experience_card_viewed,Travel Blog,Udaipur,Pottery,,,
2026-07-04,u1714,page_view,Travel Blog,Udaipur,Pottery,,,
2026-07-04,u1714,experience_card_viewed,Travel Blog,Udaipur,Pottery,,,
2026-07-04,u1715,page_view,Google Search,Bangalore,Warli Painting,,,
2026-07-04,u1716,page_view,Referral,Bangalore,Weaving,,,
2026-07-04,u1716,experience_card_viewed,Referral,Bangalore,Weaving,,,
2026-07-04,u1717,page_view,Google Search,Khurja,Weaving,,,
2026-07-04,u1717,experience_card_viewed,Google Search,Khurja,Weaving,,,
2026-07-04,u1718,page_view,Travel Blog,Varanasi,Warli Painting,,,
2026-07-04,u1718,experience_card_viewed,Travel Blog,Varanasi,Warli Painting,,,
2026-07-04,u1719,page_view,Google Search,Jaipur,Warli Painting,,,
2026-07-04,u1719,experience_card_viewed,Google Search,Jaipur,Warli Painting,,,
2026-07-04,u1720,page_view,Referral,Varanasi,Pottery,,,
2026-07-04,u1721,page_view,Google Search,Jaipur,Pottery,,,
2026-07-04,u1721,experience_card_viewed,Google Search,Jaipur,Pottery,,,
2026-07-04,u1721,booking_started,Google Search,Jaipur,Pottery,,,
2026-07-04,u1721,payment_success,Google Search,Jaipur,Pottery,CRB5146,12,2000
2026-07-04,u1721,booking_completed,Google Search,Jaipur,Pottery,CRB5146,12,2000
2026-07-04,u1722,page_view,Travel Blog,Jaipur,Warli Painting,,,
2026-07-04,u1722,experience_card_viewed,Travel Blog,Jaipur,Warli Painting,,,
2026-07-04,u1722,booking_started,Travel Blog,Jaipur,Warli Painting,,,
2026-07-04,u1723,page_view,Travel Blog,Jaipur,Block Printing,,,
2026-07-04,u1724,page_view,Travel Blog,Udaipur,Pottery,,,
2026-07-04,u1724,booking_started,Travel Blog,Udaipur,Pottery,,,
2026-07-04,u1724,payment_success,Travel Blog,Udaipur,Pottery,CRB5147,2,2500
2026-07-04,u1724,booking_completed,Travel Blog,Udaipur,Pottery,CRB5147,2,2500
2026-07-04,u1724,review_submitted,Travel Blog,Udaipur,Pottery,CRB5147,2,2500
2026-07-04,u1725,page_view,Instagram,Bangalore,Warli Painting,,,
2026-07-04,u1725,experience_card_viewed,Instagram,Bangalore,Warli Painting,,,
2026-07-04,u1726,page_view,Referral,Khurja,Weaving,,,
2026-07-04,u1727,page_view,Google Search,Jaipur,Pottery,,,
2026-07-04,u1728,page_view,Google Search,Varanasi,Warli Painting,,,
2026-07-04,u1728,experience_card_viewed,Google Search,Varanasi,Warli Painting,,,
2026-07-04,u1729,page_view,Instagram,Jaipur,Warli Painting,,,
2026-07-04,u1730,page_view,Direct,Khurja,Weaving,,,
2026-07-04,u1730,booking_started,Direct,Khurja,Weaving,,,
2026-07-04,u1730,payment_success,Direct,Khurja,Weaving,CRB5148,6,3500
2026-07-04,u1730,booking_completed,Direct,Khurja,Weaving,CRB5148,6,3500
2026-07-04,u1730,review_submitted,Direct,Khurja,Weaving,CRB5148,6,3500
2026-07-04,u1731,page_view,Travel Blog,Khurja,Weaving,,,
2026-07-04,u1732,page_view,Referral,Udaipur,Pottery,,,
2026-07-04,u1732,experience_card_viewed,Referral,Udaipur,Pottery,,,
2026-07-04,u1733,page_view,Google Search,Varanasi,Block Printing,,,
2026-07-04,u1733,experience_card_viewed,Google Search,Varanasi,Block Printing,,,
2026-07-04,u1734,page_view,Referral,Bangalore,Blue Pottery,,,
2026-07-04,u1734,experience_card_viewed,Referral,Bangalore,Blue Pottery,,,
2026-07-04,u1734,booking_started,Referral,Bangalore,Blue Pottery,,,
2026-07-04,u1734,payment_success,Referral,Bangalore,Blue Pottery,CRB5149,12,2000
2026-07-04,u1734,booking_completed,Referral,Bangalore,Blue Pottery,CRB5149,12,2000
2026-07-04,u1735,page_view,Google Search,Udaipur,Weaving,,,
2026-07-04,u1736,page_view,Travel Blog,Jaipur,Warli Painting,,,
2026-07-04,u1736,experience_card_viewed,Travel Blog,Jaipur,Warli Painting,,,
2026-07-04,u1736,booking_started,Travel Blog,Jaipur,Warli Painting,,,
2026-07-04,u1736,payment_success,Travel Blog,Jaipur,Warli Painting,CRB5150,6,3500
2026-07-04,u1736,booking_completed,Travel Blog,Jaipur,Warli Painting,CRB5150,6,3500
2026-07-04,u1736,review_submitted,Travel Blog,Jaipur,Warli Painting,CRB5150,6,3500
2026-07-04,u1737,page_view,Direct,Udaipur,Warli Painting,,,
2026-07-04,u1737,experience_card_viewed,Direct,Udaipur,Warli Painting,,,
2026-07-04,u1738,page_view,Travel Blog,Varanasi,Block Printing,,,
2026-07-04,u1738,experience_card_viewed,Travel Blog,Varanasi,Block Printing,,,
2026-07-04,u1739,page_view,Instagram,Khurja,Pottery,,,
2026-07-04,u1739,booking_started,Instagram,Khurja,Pottery,,,
2026-07-04,u1739,payment_success,Instagram,Khurja,Pottery,CRB5151,2,1500
2026-07-04,u1739,booking_completed,Instagram,Khurja,Pottery,CRB5151,2,1500
2026-07-04,u1740,page_view,Referral,Khurja,Warli Painting,,,
2026-07-04,u1740,booking_started,Referral,Khurja,Warli Painting,,,
2026-07-04,u1741,page_view,Travel Blog,Jaipur,Blue Pottery,,,
2026-07-04,u1741,booking_started,Travel Blog,Jaipur,Blue Pottery,,,
2026-07-04,u1741,payment_success,Travel Blog,Jaipur,Blue Pottery,CRB5152,10,3500
2026-07-04,u1741,booking_completed,Travel Blog,Jaipur,Blue Pottery,CRB5152,10,3500
2026-07-04,u1742,page_view,Instagram,Varanasi,Block Printing,,,
2026-07-04,u1743,page_view,Instagram,Jaipur,Pottery,,,
2026-07-04,u1743,booking_started,Instagram,Jaipur,Pottery,,,
2026-07-04,u1743,payment_success,Instagram,Jaipur,Pottery,CRB5153,3,2500
2026-07-04,u1743,booking_completed,Instagram,Jaipur,Pottery,CRB5153,3,2500
2026-07-04,u1743,review_submitted,Instagram,Jaipur,Pottery,CRB5153,3,2500
2026-07-04,u1744,page_view,Direct,Varanasi,Blue Pottery,,,
2026-07-04,u1745,page_view,Instagram,Khurja,Pottery,,,
2026-07-04,u1746,page_view,Google Search,Bangalore,Warli Painting,,,
2026-07-04,u1746,experience_card_viewed,Google Search,Bangalore,Warli Painting,,,
2026-07-04,u1747,page_view,Referral,Bangalore,Weaving,,,
2026-07-04,u1748,page_view,Travel Blog,Varanasi,Warli Painting,,,
2026-07-04,u1748,experience_card_viewed,Travel Blog,Varanasi,Warli Painting,,,
2026-07-04,u1749,page_view,Travel Blog,Bangalore,Weaving,,,
2026-07-04,u1749,experience_card_viewed,Travel Blog,Bangalore,Weaving,,,
2026-07-04,u1750,page_view,Travel Blog,Jaipur,Block Printing,,,
2026-07-04,u1751,page_view,Direct,Khurja,Weaving,,,
2026-07-04,u1751,experience_card_viewed,Direct,Khurja,Weaving,,,
2026-07-04,u1752,page_view,Google Search,Varanasi,Block Printing,,,
2026-07-04,u1753,page_view,Referral,Bangalore,Warli Painting,,,
2026-07-04,u1754,page_view,Google Search,Jaipur,Block Printing,,,
2026-07-04,u1754,experience_card_viewed,Google Search,Jaipur,Block Printing,,,
2026-07-04,u1754,booking_started,Google Search,Jaipur,Block Printing,,,
2026-07-04,u1754,payment_success,Google Search,Jaipur,Block Printing,CRB5154,3,1800
2026-07-04,u1754,booking_completed,Google Search,Jaipur,Block Printing,CRB5154,3,1800
2026-07-04,u1754,review_submitted,Google Search,Jaipur,Block Printing,CRB5154,3,1800
2026-07-04,u1755,page_view,Instagram,Varanasi,Blue Pottery,,,
2026-07-04,u1755,experience_card_viewed,Instagram,Varanasi,Blue Pottery,,,
2026-07-04,u1756,page_view,Direct,Jaipur,Warli Painting,,,
2026-07-04,u1756,booking_started,Direct,Jaipur,Warli Painting,,,
2026-07-04,u1757,page_view,Travel Blog,Jaipur,Block Printing,,,
2026-07-04,u1758,page_view,Travel Blog,Udaipur,Block Printing,,,
2026-07-04,u1758,booking_started,Travel Blog,Udaipur,Block Printing,,,
2026-07-04,u1758,payment_success,Travel Blog,Udaipur,Block Printing,CRB5155,1,3000
2026-07-04,u1758,booking_completed,Travel Blog,Udaipur,Block Printing,CRB5155,1,3000
2026-07-04,u1758,review_submitted,Travel Blog,Udaipur,Block Printing,CRB5155,1,3000
2026-07-04,u1759,page_view,Direct,Khurja,Weaving,,,
2026-07-04,u1759,experience_card_viewed,Direct,Khurja,Weaving,,,
2026-07-04,u1759,booking_started,Direct,Khurja,Weaving,,,
2026-07-04,u1759,payment_success,Direct,Khurja,Weaving,CRB5156,10,2200
2026-07-04,u1759,booking_completed,Direct,Khurja,Weaving,CRB5156,10,2200
2026-07-04,u1760,page_view,Google Search,Khurja,Weaving,,,
2026-07-04,u1760,experience_card_viewed,Google Search,Khurja,Weaving,,,
2026-07-04,u1761,page_view,Instagram,Bangalore,Blue Pottery,,,
2026-07-04,u1761,experience_card_viewed,Instagram,Bangalore,Blue Pottery,,,
2026-07-04,u1762,page_view,Travel Blog,Khurja,Pottery,,,
2026-07-04,u1762,experience_card_viewed,Travel Blog,Khurja,Pottery,,,
2026-07-04,u1762,booking_started,Travel Blog,Khurja,Pottery,,,
2026-07-04,u1762,payment_success,Travel Blog,Khurja,Pottery,CRB5157,3,2500
2026-07-04,u1762,booking_completed,Travel Blog,Khurja,Pottery,CRB5157,3,2500
2026-07-04,u1763,page_view,Referral,Bangalore,Block Printing,,,
2026-07-04,u1763,experience_card_viewed,Referral,Bangalore,Block Printing,,,
2026-07-04,u1764,page_view,Referral,Varanasi,Pottery,,,
2026-07-04,u1764,experience_card_viewed,Referral,Varanasi,Pottery,,,
2026-07-04,u1765,page_view,Instagram,Varanasi,Pottery,,,
2026-07-04,u1766,page_view,Travel Blog,Bangalore,Pottery,,,
2026-07-04,u1766,experience_card_viewed,Travel Blog,Bangalore,Pottery,,,
2026-07-04,u1767,page_view,Google Search,Khurja,Weaving,,,
2026-07-04,u1767,experience_card_viewed,Google Search,Khurja,Weaving,,,
2026-07-04,u1768,page_view,Instagram,Jaipur,Block Printing,,,
2026-07-04,u1768,experience_card_viewed,Instagram,Jaipur,Block Printing,,,
2026-07-04,u1769,page_view,Google Search,Varanasi,Block Printing,,,
2026-07-04,u1769,experience_card_viewed,Google Search,Varanasi,Block Printing,,,
2026-07-04,u1770,page_view,Referral,Udaipur,Blue Pottery,,,
2026-07-04,u1770,experience_card_viewed,Referral,Udaipur,Blue Pottery,,,
2026-07-04,u1770,booking_started,Referral,Udaipur,Blue Pottery,,,
2026-07-04,u1770,payment_success,Referral,Udaipur,Blue Pottery,CRB5158,3,2500
2026-07-04,u1770,booking_completed,Referral,Udaipur,Blue Pottery,CRB5158,3,2500
2026-07-04,u1770,review_submitted,Referral,Udaipur,Blue Pottery,CRB5158,3,2500
2026-07-04,u1771,page_view,Direct,Bangalore,Block Printing,,,
2026-07-04,u1771,experience_card_viewed,Direct,Bangalore,Block Printing,,,
2026-07-04,u1771,booking_started,Direct,Bangalore,Block Printing,,,
2026-07-04,u1771,payment_success,Direct,Bangalore,Block Printing,CRB5159,4,1500
2026-07-04,u1771,booking_completed,Direct,Bangalore,Block Printing,CRB5159,4,1500
2026-07-04,u1772,page_view,Instagram,Varanasi,Blue Pottery,,,
2026-07-04,u1772,experience_card_viewed,Instagram,Varanasi,Blue Pottery,,,
2026-07-04,u1773,page_view,Instagram,Varanasi,Blue Pottery,,,
2026-07-04,u1774,page_view,Google Search,Khurja,Warli Painting,,,
2026-07-04,u1775,page_view,Instagram,Jaipur,Pottery,,,
2026-07-04,u1776,page_view,Travel Blog,Udaipur,Pottery,,,
2026-07-04,u1776,experience_card_viewed,Travel Blog,Udaipur,Pottery,,,
2026-07-04,u1777,page_view,Referral,Varanasi,Pottery,,,
2026-07-04,u1778,page_view,Referral,Jaipur,Weaving,,,
2026-07-04,u1779,page_view,Instagram,Bangalore,Weaving,,,
2026-07-04,u1779,experience_card_viewed,Instagram,Bangalore,Weaving,,,
2026-07-04,u1780,page_view,Travel Blog,Khurja,Block Printing,,,
2026-07-04,u1781,page_view,Direct,Khurja,Blue Pottery,,,
2026-07-04,u1781,experience_card_viewed,Direct,Khurja,Blue Pottery,,,
2026-07-04,u1781,booking_started,Direct,Khurja,Blue Pottery,,,
2026-07-04,u1782,page_view,Direct,Varanasi,Blue Pottery,,,
2026-07-04,u1782,booking_started,Direct,Varanasi,Blue Pottery,,,
2026-07-04,u1782,payment_success,Direct,Varanasi,Blue Pottery,CRB5160,3,3500
2026-07-04,u1782,booking_completed,Direct,Varanasi,Blue Pottery,CRB5160,3,3500
2026-07-04,u1783,page_view,Direct,Khurja,Weaving,,,
2026-07-04,u1783,experience_card_viewed,Direct,Khurja,Weaving,,,
2026-07-04,u1784,page_view,Instagram,Khurja,Weaving,,,
2026-07-04,u1784,booking_started,Instagram,Khurja,Weaving,,,
2026-07-04,u1784,payment_success,Instagram,Khurja,Weaving,CRB5161,6,2200
2026-07-04,u1785,page_view,Referral,Khurja,Pottery,,,
2026-07-04,u1785,experience_card_viewed,Referral,Khurja,Pottery,,,
2026-07-04,u1785,booking_started,Referral,Khurja,Pottery,,,
2026-07-04,u1786,page_view,Direct,Bangalore,Weaving,,,
2026-07-04,u1787,page_view,Direct,Khurja,Pottery,,,
2026-07-04,u1788,page_view,Travel Blog,Khurja,Warli Painting,,,
2026-07-04,u1789,page_view,Referral,Khurja,Blue Pottery,,,
2026-07-04,u1789,experience_card_viewed,Referral,Khurja,Blue Pottery,,,
2026-07-04,u1789,booking_started,Referral,Khurja,Blue Pottery,,,
2026-07-04,u1789,payment_success,Referral,Khurja,Blue Pottery,CRB5162,1,2200
2026-07-04,u1789,booking_completed,Referral,Khurja,Blue Pottery,CRB5162,1,2200
2026-07-04,u1789,review_submitted,Referral,Khurja,Blue Pottery,CRB5162,1,2200
2026-07-04,u1790,page_view,Google Search,Khurja,Block Printing,,,
2026-07-04,u1790,experience_card_viewed,Google Search,Khurja,Block Printing,,,
2026-07-04,u1791,page_view,Travel Blog,Bangalore,Blue Pottery,,,
2026-07-04,u1792,page_view,Google Search,Udaipur,Blue Pottery,,,
2026-07-04,u1793,page_view,Travel Blog,Varanasi,Blue Pottery,,,
2026-07-04,u1794,page_view,Direct,Bangalore,Warli Painting,,,
2026-07-04,u1795,page_view,Instagram,Bangalore,Block Printing,,,
2026-07-04,u1795,experience_card_viewed,Instagram,Bangalore,Block Printing,,,
2026-07-04,u1796,page_view,Instagram,Khurja,Warli Painting,,,
2026-07-04,u1797,page_view,Instagram,Bangalore,Blue Pottery,,,
2026-07-04,u1797,experience_card_viewed,Instagram,Bangalore,Blue Pottery,,,
2026-07-04,u1798,page_view,Instagram,Khurja,Weaving,,,
2026-07-04,u1798,experience_card_viewed,Instagram,Khurja,Weaving,,,
2026-07-04,u1799,page_view,Referral,Udaipur,Pottery,,,
2026-07-04,u1799,experience_card_viewed,Referral,Udaipur,Pottery,,,
2026-07-04,u1800,page_view,Instagram,Bangalore,Pottery,,,
2026-07-04,u1800,experience_card_viewed,Instagram,Bangalore,Pottery,,,
2026-07-04,u1801,page_view,Instagram,Bangalore,Block Printing,,,
2026-07-04,u1801,experience_card_viewed,Instagram,Bangalore,Block Printing,,,
2026-07-04,u1802,page_view,Direct,Khurja,Blue Pottery,,,
2026-07-04,u1802,experience_card_viewed,Direct,Khurja,Blue Pottery,,,
2026-07-04,u1803,page_view,Google Search,Udaipur,Warli Painting,,,
2026-07-04,u1804,page_view,Travel Blog,Jaipur,Weaving,,,
2026-07-04,u1804,experience_card_viewed,Travel Blog,Jaipur,Weaving,,,
2026-07-04,u1805,page_view,Google Search,Jaipur,Block Printing,,,
2026-07-04,u1805,experience_card_viewed,Google Search,Jaipur,Block Printing,,,
2026-07-04,u1806,page_view,Referral,Jaipur,Warli Painting,,,
2026-07-04,u1807,page_view,Direct,Bangalore,Pottery,,,
2026-07-04,u1807,experience_card_viewed,Direct,Bangalore,Pottery,,,
2026-07-04,u1808,page_view,Google Search,Varanasi,Warli Painting,,,
2026-07-04,u1809,page_view,Google Search,Khurja,Pottery,,,
2026-07-04,u1809,booking_started,Google Search,Khurja,Pottery,,,
2026-07-04,u1809,payment_success,Google Search,Khurja,Pottery,CRB5163,12,2000
2026-07-04,u1809,booking_completed,Google Search,Khurja,Pottery,CRB5163,12,2000
2026-07-04,u1809,review_submitted,Google Search,Khurja,Pottery,CRB5163,12,2000
2026-07-04,u1810,page_view,Referral,Jaipur,Blue Pottery,,,
2026-07-04,u1810,experience_card_viewed,Referral,Jaipur,Blue Pottery,,,
2026-07-04,u1811,page_view,Instagram,Bangalore,Blue Pottery,,,
2026-07-04,u1811,experience_card_viewed,Instagram,Bangalore,Blue Pottery,,,
2026-07-04,u1812,page_view,Travel Blog,Udaipur,Blue Pottery,,,
2026-07-04,u1812,experience_card_viewed,Travel Blog,Udaipur,Blue Pottery,,,
2026-07-04,u1813,page_view,Instagram,Khurja,Warli Painting,,,
2026-07-04,u1813,experience_card_viewed,Instagram,Khurja,Warli Painting,,,
2026-07-04,u1814,page_view,Google Search,Jaipur,Pottery,,,
2026-07-04,u1814,experience_card_viewed,Google Search,Jaipur,Pottery,,,
2026-07-04,u1815,page_view,Instagram,Khurja,Block Printing,,,
2026-07-04,u1816,page_view,Referral,Varanasi,Block Printing,,,
2026-07-04,u1816,experience_card_viewed,Referral,Varanasi,Block Printing,,,
2026-07-04,u1817,page_view,Google Search,Khurja,Weaving,,,
2026-07-04,u1818,page_view,Direct,Bangalore,Warli Painting,,,
2026-07-04,u1818,experience_card_viewed,Direct,Bangalore,Warli Painting,,,
2026-07-04,u1819,page_view,Direct,Varanasi,Block Printing,,,
2026-07-04,u1819,experience_card_viewed,Direct,Varanasi,Block Printing,,,
2026-07-04,u1820,page_view,Referral,Udaipur,Block Printing,,,
2026-07-04,u1821,page_view,Instagram,Varanasi,Blue Pottery,,,
2026-07-04,u1821,experience_card_viewed,Instagram,Varanasi,Blue Pottery,,,
2026-07-04,u1822,page_view,Referral,Varanasi,Warli Painting,,,
2026-07-04,u1822,experience_card_viewed,Referral,Varanasi,Warli Painting,,,
2026-07-04,u1822,booking_started,Referral,Varanasi,Warli Painting,,,
2026-07-04,u1822,payment_success,Referral,Varanasi,Warli Painting,CRB5164,1,1500
2026-07-04,u1822,booking_completed,Referral,Varanasi,Warli Painting,CRB5164,1,1500
2026-07-04,u1823,page_view,Direct,Varanasi,Blue Pottery,,,
2026-07-04,u1824,page_view,Direct,Bangalore,Warli Painting,,,
2026-07-04,u1824,experience_card_viewed,Direct,Bangalore,Warli Painting,,,
2026-07-04,u1824,booking_started,Direct,Bangalore,Warli Painting,,,
2026-07-04,u1824,payment_success,Direct,Bangalore,Warli Painting,CRB5165,12,2200
2026-07-04,u1824,booking_completed,Direct,Bangalore,Warli Painting,CRB5165,12,2200
2026-07-04,u1825,page_view,Instagram,Jaipur,Blue Pottery,,,
2026-07-04,u1825,booking_started,Instagram,Jaipur,Blue Pottery,,,
2026-07-04,u1826,page_view,Direct,Udaipur,Blue Pottery,,,
2026-07-04,u1826,experience_card_viewed,Direct,Udaipur,Blue Pottery,,,
2026-07-04,u1827,page_view,Google Search,Jaipur,Pottery,,,
2026-07-04,u1827,booking_started,Google Search,Jaipur,Pottery,,,
2026-07-04,u1827,payment_success,Google Search,Jaipur,Pottery,CRB5166,4,2500
2026-07-04,u1827,booking_completed,Google Search,Jaipur,Pottery,CRB5166,4,2500
2026-07-04,u1828,page_view,Direct,Bangalore,Block Printing,,,
2026-07-04,u1828,booking_started,Direct,Bangalore,Block Printing,,,
2026-07-04,u1829,page_view,Travel Blog,Udaipur,Block Printing,,,
2026-07-04,u1830,page_view,Travel Blog,Bangalore,Weaving,,,
2026-07-04,u1830,experience_card_viewed,Travel Blog,Bangalore,Weaving,,,
2026-07-04,u1831,page_view,Instagram,Bangalore,Weaving,,,
2026-07-04,u1832,page_view,Direct,Bangalore,Block Printing,,,
2026-07-04,u1832,experience_card_viewed,Direct,Bangalore,Block Printing,,,
2026-07-04,u1833,page_view,Referral,Jaipur,Pottery,,,
2026-07-04,u1833,experience_card_viewed,Referral,Jaipur,Pottery,,,
2026-07-04,u1833,booking_started,Referral,Jaipur,Pottery,,,
2026-07-04,u1834,page_view,Direct,Khurja,Warli Painting,,,
2026-07-04,u1834,booking_started,Direct,Khurja,Warli Painting,,,
2026-07-04,u1834,payment_success,Direct,Khurja,Warli Painting,CRB5167,4,3000
2026-07-04,u1834,booking_completed,Direct,Khurja,Warli Painting,CRB5167,4,3000
2026-07-04,u1835,page_view,Referral,Udaipur,Weaving,,,
2026-07-04,u1835,experience_card_viewed,Referral,Udaipur,Weaving,,,
2026-07-04,u1836,page_view,Instagram,Varanasi,Block Printing,,,
2026-07-04,u1837,page_view,Travel Blog,Bangalore,Block Printing,,,
2026-07-04,u1838,page_view,Google Search,Khurja,Weaving,,,
2026-07-04,u1839,page_view,Direct,Varanasi,Weaving,,,
2026-07-04,u1839,experience_card_viewed,Direct,Varanasi,Weaving,,,
2026-07-04,u1840,page_view,Direct,Khurja,Pottery,,,
2026-07-04,u1841,page_view,Direct,Jaipur,Block Printing,,,
2026-07-04,u1841,experience_card_viewed,Direct,Jaipur,Block Printing,,,
2026-07-04,u1841,booking_started,Direct,Jaipur,Block Printing,,,
2026-07-04,u1842,page_view,Instagram,Varanasi,Blue Pottery,,,
2026-07-04,u1842,booking_started,Instagram,Varanasi,Blue Pottery,,,
2026-07-04,u1843,page_view,Referral,Jaipur,Warli Painting,,,
2026-07-04,u1844,page_view,Google Search,Varanasi,Pottery,,,
2026-07-04,u1844,experience_card_viewed,Google Search,Varanasi,Pottery,,,
2026-07-04,u1844,booking_started,Google Search,Varanasi,Pottery,,,
2026-07-04,u1844,payment_success,Google Search,Varanasi,Pottery,CRB5168,12,3000
2026-07-04,u1844,booking_completed,Google Search,Varanasi,Pottery,CRB5168,12,3000
2026-07-04,u1844,review_submitted,Google Search,Varanasi,Pottery,CRB5168,12,3000
2026-07-04,u1845,page_view,Direct,Varanasi,Warli Painting,,,
2026-07-04,u1845,experience_card_viewed,Direct,Varanasi,Warli Painting,,,
2026-07-04,u1845,booking_started,Direct,Varanasi,Warli Painting,,,
2026-07-04,u1845,payment_success,Direct,Varanasi,Warli Painting,CRB5169,4,2500
2026-07-04,u1845,booking_completed,Direct,Varanasi,Warli Painting,CRB5169,4,2500
2026-07-04,u1845,review_submitted,Direct,Varanasi,Warli Painting,CRB5169,4,2500
2026-07-04,u1846,page_view,Google Search,Jaipur,Blue Pottery,,,
2026-07-04,u1846,booking_started,Google Search,Jaipur,Blue Pottery,,,
2026-07-04,u1846,payment_success,Google Search,Jaipur,Blue Pottery,CRB5170,2,2200
2026-07-04,u1846,booking_completed,Google Search,Jaipur,Blue Pottery,CRB5170,2,2200
2026-07-04,u1847,page_view,Referral,Khurja,Warli Painting,,,
2026-07-04,u1847,experience_card_viewed,Referral,Khurja,Warli Painting,,,
2026-07-05,u1848,page_view,Direct,Khurja,Block Printing,,,
2026-07-05,u1849,page_view,Travel Blog,Jaipur,Blue Pottery,,,
2026-07-05,u1849,experience_card_viewed,Travel Blog,Jaipur,Blue Pottery,,,
2026-07-05,u1850,page_view,Travel Blog,Udaipur,Pottery,,,
2026-07-05,u1850,booking_started,Travel Blog,Udaipur,Pottery,,,
2026-07-05,u1851,page_view,Referral,Varanasi,Blue Pottery,,,
2026-07-05,u1851,experience_card_viewed,Referral,Varanasi,Blue Pottery,,,
2026-07-05,u1852,page_view,Referral,Varanasi,Blue Pottery,,,
2026-07-05,u1852,experience_card_viewed,Referral,Varanasi,Blue Pottery,,,
2026-07-05,u1852,booking_started,Referral,Varanasi,Blue Pottery,,,
2026-07-05,u1852,payment_success,Referral,Varanasi,Blue Pottery,CRB5171,12,2200
2026-07-05,u1852,booking_completed,Referral,Varanasi,Blue Pottery,CRB5171,12,2200
2026-07-05,u1852,review_submitted,Referral,Varanasi,Blue Pottery,CRB5171,12,2200
2026-07-05,u1853,page_view,Instagram,Udaipur,Block Printing,,,
2026-07-05,u1853,experience_card_viewed,Instagram,Udaipur,Block Printing,,,
2026-07-05,u1854,page_view,Referral,Bangalore,Blue Pottery,,,
2026-07-05,u1854,experience_card_viewed,Referral,Bangalore,Blue Pottery,,,
2026-07-05,u1855,page_view,Direct,Khurja,Warli Painting,,,
2026-07-05,u1855,experience_card_viewed,Direct,Khurja,Warli Painting,,,
2026-07-05,u1856,page_view,Instagram,Varanasi,Pottery,,,
2026-07-05,u1857,page_view,Travel Blog,Bangalore,Weaving,,,
2026-07-05,u1857,booking_started,Travel Blog,Bangalore,Weaving,,,
2026-07-05,u1857,payment_success,Travel Blog,Bangalore,Weaving,CRB5172,2,3000
2026-07-05,u1858,page_view,Direct,Bangalore,Blue Pottery,,,
2026-07-05,u1858,experience_card_viewed,Direct,Bangalore,Blue Pottery,,,
2026-07-05,u1858,booking_started,Direct,Bangalore,Blue Pottery,,,
2026-07-05,u1858,payment_success,Direct,Bangalore,Blue Pottery,CRB5173,4,2200
2026-07-05,u1858,booking_completed,Direct,Bangalore,Blue Pottery,CRB5173,4,2200
2026-07-05,u1858,review_submitted,Direct,Bangalore,Blue Pottery,CRB5173,4,2200
2026-07-05,u1859,page_view,Instagram,Jaipur,Pottery,,,
2026-07-05,u1860,page_view,Instagram,Khurja,Pottery,,,
2026-07-05,u1860,experience_card_viewed,Instagram,Khurja,Pottery,,,
2026-07-05,u1861,page_view,Direct,Bangalore,Blue Pottery,,,
2026-07-05,u1861,experience_card_viewed,Direct,Bangalore,Blue Pottery,,,
2026-07-05,u1862,page_view,Referral,Varanasi,Warli Painting,,,
2026-07-05,u1863,page_view,Travel Blog,Varanasi,Block Printing,,,
2026-07-05,u1864,page_view,Direct,Udaipur,Pottery,,,
2026-07-05,u1864,booking_started,Direct,Udaipur,Pottery,,,
2026-07-05,u1865,page_view,Instagram,Jaipur,Warli Painting,,,
2026-07-05,u1866,page_view,Referral,Jaipur,Pottery,,,
2026-07-05,u1866,experience_card_viewed,Referral,Jaipur,Pottery,,,
2026-07-05,u1867,page_view,Referral,Udaipur,Blue Pottery,,,
2026-07-05,u1867,experience_card_viewed,Referral,Udaipur,Blue Pottery,,,
2026-07-05,u1868,page_view,Google Search,Udaipur,Pottery,,,
2026-07-05,u1868,experience_card_viewed,Google Search,Udaipur,Pottery,,,
2026-07-05,u1869,page_view,Referral,Udaipur,Pottery,,,
2026-07-05,u1869,experience_card_viewed,Referral,Udaipur,Pottery,,,
2026-07-05,u1870,page_view,Google Search,Khurja,Block Printing,,,
2026-07-05,u1870,experience_card_viewed,Google Search,Khurja,Block Printing,,,
2026-07-05,u1870,booking_started,Google Search,Khurja,Block Printing,,,
2026-07-05,u1870,payment_success,Google Search,Khurja,Block Printing,CRB5174,12,3000
2026-07-05,u1870,booking_completed,Google Search,Khurja,Block Printing,CRB5174,12,3000
2026-07-05,u1871,page_view,Direct,Udaipur,Warli Painting,,,
2026-07-05,u1871,experience_card_viewed,Direct,Udaipur,Warli Painting,,,
2026-07-05,u1872,page_view,Direct,Udaipur,Blue Pottery,,,
2026-07-05,u1872,experience_card_viewed,Direct,Udaipur,Blue Pottery,,,
2026-07-05,u1872,booking_started,Direct,Udaipur,Blue Pottery,,,
2026-07-05,u1872,payment_success,Direct,Udaipur,Blue Pottery,CRB5175,12,3500
2026-07-05,u1872,booking_completed,Direct,Udaipur,Blue Pottery,CRB5175,12,3500
2026-07-05,u1873,page_view,Instagram,Bangalore,Blue Pottery,,,
2026-07-05,u1873,booking_started,Instagram,Bangalore,Blue Pottery,,,
2026-07-05,u1873,payment_success,Instagram,Bangalore,Blue Pottery,CRB5176,2,1800
2026-07-05,u1873,booking_completed,Instagram,Bangalore,Blue Pottery,CRB5176,2,1800
2026-07-05,u1874,page_view,Instagram,Bangalore,Warli Painting,,,
2026-07-05,u1874,experience_card_viewed,Instagram,Bangalore,Warli Painting,,,
2026-07-05,u1875,page_view,Instagram,Bangalore,Warli Painting,,,
2026-07-05,u1875,experience_card_viewed,Instagram,Bangalore,Warli Painting,,,
2026-07-05,u1875,booking_started,Instagram,Bangalore,Warli Painting,,,
2026-07-05,u1875,payment_success,Instagram,Bangalore,Warli Painting,CRB5177,1,2200
2026-07-05,u1875,booking_completed,Instagram,Bangalore,Warli Painting,CRB5177,1,2200
2026-07-05,u1876,page_view,Referral,Varanasi,Pottery,,,
2026-07-05,u1876,experience_card_viewed,Referral,Varanasi,Pottery,,,
2026-07-05,u1877,page_view,Referral,Bangalore,Weaving,,,
2026-07-05,u1877,experience_card_viewed,Referral,Bangalore,Weaving,,,
2026-07-05,u1878,page_view,Google Search,Bangalore,Block Printing,,,
2026-07-05,u1879,page_view,Direct,Jaipur,Weaving,,,
2026-07-05,u1879,experience_card_viewed,Direct,Jaipur,Weaving,,,
2026-07-05,u1879,booking_started,Direct,Jaipur,Weaving,,,
2026-07-05,u1879,payment_success,Direct,Jaipur,Weaving,CRB5178,4,2000
2026-07-05,u1879,booking_completed,Direct,Jaipur,Weaving,CRB5178,4,2000
2026-07-05,u1879,review_submitted,Direct,Jaipur,Weaving,CRB5178,4,2000
2026-07-05,u1880,page_view,Google Search,Bangalore,Pottery,,,
2026-07-05,u1881,page_view,Google Search,Varanasi,Pottery,,,
2026-07-05,u1881,experience_card_viewed,Google Search,Varanasi,Pottery,,,
2026-07-05,u1882,page_view,Instagram,Varanasi,Block Printing,,,
2026-07-05,u1883,page_view,Google Search,Udaipur,Blue Pottery,,,
2026-07-05,u1883,booking_started,Google Search,Udaipur,Blue Pottery,,,
2026-07-05,u1883,payment_success,Google Search,Udaipur,Blue Pottery,CRB5179,2,1800
2026-07-05,u1883,booking_completed,Google Search,Udaipur,Blue Pottery,CRB5179,2,1800
2026-07-05,u1884,page_view,Google Search,Udaipur,Blue Pottery,,,
2026-07-05,u1884,experience_card_viewed,Google Search,Udaipur,Blue Pottery,,,
2026-07-05,u1885,page_view,Direct,Khurja,Blue Pottery,,,
2026-07-05,u1886,page_view,Referral,Khurja,Warli Painting,,,
2026-07-05,u1886,booking_started,Referral,Khurja,Warli Painting,,,
2026-07-05,u1887,page_view,Travel Blog,Udaipur,Weaving,,,
2026-07-05,u1888,page_view,Instagram,Jaipur,Warli Painting,,,
2026-07-05,u1889,page_view,Travel Blog,Bangalore,Weaving,,,
2026-07-05,u1889,experience_card_viewed,Travel Blog,Bangalore,Weaving,,,
2026-07-05,u1889,booking_started,Travel Blog,Bangalore,Weaving,,,
2026-07-05,u1889,payment_success,Travel Blog,Bangalore,Weaving,CRB5180,10,2200
2026-07-05,u1889,booking_completed,Travel Blog,Bangalore,Weaving,CRB5180,10,2200
2026-07-05,u1890,page_view,Referral,Khurja,Weaving,,,
2026-07-05,u1891,page_view,Instagram,Jaipur,Blue Pottery,,,
2026-07-05,u1891,experience_card_viewed,Instagram,Jaipur,Blue Pottery,,,
2026-07-05,u1891,booking_started,Instagram,Jaipur,Blue Pottery,,,
2026-07-05,u1891,payment_success,Instagram,Jaipur,Blue Pottery,CRB5181,3,3000
2026-07-05,u1891,booking_completed,Instagram,Jaipur,Blue Pottery,CRB5181,3,3000
2026-07-05,u1891,review_submitted,Instagram,Jaipur,Blue Pottery,CRB5181,3,3000
2026-07-05,u1892,page_view,Google Search,Bangalore,Block Printing,,,
2026-07-05,u1892,booking_started,Google Search,Bangalore,Block Printing,,,
2026-07-05,u1893,page_view,Google Search,Udaipur,Warli Painting,,,
2026-07-05,u1893,booking_started,Google Search,Udaipur,Warli Painting,,,
2026-07-05,u1893,payment_success,Google Search,Udaipur,Warli Painting,CRB5182,2,2000
2026-07-05,u1893,booking_completed,Google Search,Udaipur,Warli Painting,CRB5182,2,2000
2026-07-05,u1894,page_view,Referral,Varanasi,Pottery,,,
2026-07-05,u1894,booking_started,Referral,Varanasi,Pottery,,,
2026-07-05,u1894,payment_success,Referral,Varanasi,Pottery,CRB5183,10,2000
2026-07-05,u1895,page_view,Travel Blog,Jaipur,Blue Pottery,,,
2026-07-05,u1895,booking_started,Travel Blog,Jaipur,Blue Pottery,,,
2026-07-05,u1895,payment_success,Travel Blog,Jaipur,Blue Pottery,CRB5184,12,1500
2026-07-05,u1895,booking_completed,Travel Blog,Jaipur,Blue Pottery,CRB5184,12,1500
2026-07-05,u1896,page_view,Referral,Jaipur,Block Printing,,,
2026-07-05,u1896,experience_card_viewed,Referral,Jaipur,Block Printing,,,
2026-07-05,u1897,page_view,Referral,Udaipur,Block Printing,,,
2026-07-05,u1897,booking_started,Referral,Udaipur,Block Printing,,,
2026-07-05,u1897,payment_success,Referral,Udaipur,Block Printing,CRB5185,1,3000
2026-07-05,u1897,booking_completed,Referral,Udaipur,Block Printing,CRB5185,1,3000
2026-07-05,u1897,review_submitted,Referral,Udaipur,Block Printing,CRB5185,1,3000
2026-07-05,u1898,page_view,Travel Blog,Udaipur,Blue Pottery,,,
2026-07-05,u1898,experience_card_viewed,Travel Blog,Udaipur,Blue Pottery,,,
2026-07-05,u1899,page_view,Instagram,Bangalore,Pottery,,,
2026-07-05,u1899,experience_card_viewed,Instagram,Bangalore,Pottery,,,
2026-07-05,u1900,page_view,Travel Blog,Jaipur,Warli Painting,,,
2026-07-05,u1901,page_view,Referral,Varanasi,Blue Pottery,,,
2026-07-05,u1901,experience_card_viewed,Referral,Varanasi,Blue Pottery,,,
2026-07-05,u1902,page_view,Instagram,Varanasi,Warli Painting,,,
2026-07-05,u1903,page_view,Travel Blog,Varanasi,Pottery,,,
2026-07-05,u1903,experience_card_viewed,Travel Blog,Varanasi,Pottery,,,
2026-07-05,u1903,booking_started,Travel Blog,Varanasi,Pottery,,,
2026-07-05,u1903,payment_success,Travel Blog,Varanasi,Pottery,CRB5186,3,2000
2026-07-05,u1903,booking_completed,Travel Blog,Varanasi,Pottery,CRB5186,3,2000
2026-07-05,u1904,page_view,Travel Blog,Khurja,Pottery,,,
2026-07-05,u1904,experience_card_viewed,Travel Blog,Khurja,Pottery,,,
2026-07-05,u1904,booking_started,Travel Blog,Khurja,Pottery,,,
2026-07-05,u1905,page_view,Google Search,Udaipur,Blue Pottery,,,
2026-07-05,u1905,experience_card_viewed,Google Search,Udaipur,Blue Pottery,,,
2026-07-05,u1906,page_view,Referral,Udaipur,Warli Painting,,,
2026-07-05,u1907,page_view,Instagram,Jaipur,Weaving,,,
2026-07-05,u1907,experience_card_viewed,Instagram,Jaipur,Weaving,,,
2026-07-05,u1908,page_view,Instagram,Udaipur,Block Printing,,,
2026-07-05,u1908,experience_card_viewed,Instagram,Udaipur,Block Printing,,,
2026-07-05,u1909,page_view,Direct,Udaipur,Warli Painting,,,
2026-07-05,u1909,experience_card_viewed,Direct,Udaipur,Warli Painting,,,
2026-07-05,u1910,page_view,Instagram,Jaipur,Pottery,,,
2026-07-05,u1910,experience_card_viewed,Instagram,Jaipur,Pottery,,,
2026-07-05,u1910,booking_started,Instagram,Jaipur,Pottery,,,
2026-07-05,u1911,page_view,Direct,Jaipur,Pottery,,,
2026-07-05,u1911,booking_started,Direct,Jaipur,Pottery,,,
2026-07-05,u1911,payment_success,Direct,Jaipur,Pottery,CRB5187,1,2000
2026-07-05,u1911,booking_completed,Direct,Jaipur,Pottery,CRB5187,1,2000
2026-07-05,u1911,review_submitted,Direct,Jaipur,Pottery,CRB5187,1,2000
2026-07-05,u1912,page_view,Instagram,Udaipur,Warli Painting,,,
2026-07-05,u1912,booking_started,Instagram,Udaipur,Warli Painting,,,
2026-07-05,u1913,page_view,Travel Blog,Varanasi,Blue Pottery,,,
2026-07-05,u1913,experience_card_viewed,Travel Blog,Varanasi,Blue Pottery,,,
2026-07-05,u1914,page_view,Direct,Bangalore,Pottery,,,
2026-07-05,u1914,experience_card_viewed,Direct,Bangalore,Pottery,,,
2026-07-05,u1915,page_view,Google Search,Jaipur,Warli Painting,,,
2026-07-05,u1915,experience_card_viewed,Google Search,Jaipur,Warli Painting,,,
2026-07-05,u1915,booking_started,Google Search,Jaipur,Warli Painting,,,
2026-07-05,u1915,payment_success,Google Search,Jaipur,Warli Painting,CRB5188,10,1800
2026-07-05,u1915,booking_completed,Google Search,Jaipur,Warli Painting,CRB5188,10,1800
2026-07-05,u1916,page_view,Instagram,Bangalore,Blue Pottery,,,
2026-07-05,u1916,booking_started,Instagram,Bangalore,Blue Pottery,,,
2026-07-05,u1916,payment_success,Instagram,Bangalore,Blue Pottery,CRB5189,1,1500
2026-07-05,u1916,booking_completed,Instagram,Bangalore,Blue Pottery,CRB5189,1,1500
2026-07-05,u1916,review_submitted,Instagram,Bangalore,Blue Pottery,CRB5189,1,1500
2026-07-05,u1917,page_view,Travel Blog,Khurja,Pottery,,,
2026-07-05,u1917,experience_card_viewed,Travel Blog,Khurja,Pottery,,,
2026-07-05,u1917,booking_started,Travel Blog,Khurja,Pottery,,,
2026-07-05,u1917,payment_success,Travel Blog,Khurja,Pottery,CRB5190,3,1800
2026-07-05,u1917,booking_completed,Travel Blog,Khurja,Pottery,CRB5190,3,1800
2026-07-05,u1917,review_submitted,Travel Blog,Khurja,Pottery,CRB5190,3,1800
2026-07-05,u1918,page_view,Referral,Varanasi,Blue Pottery,,,
2026-07-05,u1918,experience_card_viewed,Referral,Varanasi,Blue Pottery,,,
2026-07-05,u1918,booking_started,Referral,Varanasi,Blue Pottery,,,
2026-07-05,u1918,payment_success,Referral,Varanasi,Blue Pottery,CRB5191,2,2500
2026-07-05,u1918,booking_completed,Referral,Varanasi,Blue Pottery,CRB5191,2,2500
2026-07-05,u1919,page_view,Google Search,Varanasi,Block Printing,,,
2026-07-05,u1919,experience_card_viewed,Google Search,Varanasi,Block Printing,,,
2026-07-05,u1920,page_view,Travel Blog,Udaipur,Pottery,,,
2026-07-05,u1920,experience_card_viewed,Travel Blog,Udaipur,Pottery,,,
2026-07-05,u1921,page_view,Instagram,Varanasi,Weaving,,,
2026-07-05,u1921,experience_card_viewed,Instagram,Varanasi,Weaving,,,
2026-07-05,u1921,booking_started,Instagram,Varanasi,Weaving,,,
2026-07-05,u1921,payment_success,Instagram,Varanasi,Weaving,CRB5192,12,1500
2026-07-05,u1921,booking_completed,Instagram,Varanasi,Weaving,CRB5192,12,1500
2026-07-05,u1921,review_submitted,Instagram,Varanasi,Weaving,CRB5192,12,1500
2026-07-05,u1922,page_view,Direct,Jaipur,Block Printing,,,
2026-07-05,u1923,page_view,Direct,Bangalore,Weaving,,,
2026-07-05,u1923,experience_card_viewed,Direct,Bangalore,Weaving,,,
2026-07-05,u1924,page_view,Referral,Khurja,Block Printing,,,
2026-07-05,u1924,experience_card_viewed,Referral,Khurja,Block Printing,,,
2026-07-05,u1924,booking_started,Referral,Khurja,Block Printing,,,
2026-07-05,u1924,payment_success,Referral,Khurja,Block Printing,CRB5193,3,2200
2026-07-05,u1924,booking_completed,Referral,Khurja,Block Printing,CRB5193,3,2200
2026-07-05,u1924,review_submitted,Referral,Khurja,Block Printing,CRB5193,3,2200
2026-07-05,u1925,page_view,Google Search,Bangalore,Blue Pottery,,,
2026-07-05,u1925,experience_card_viewed,Google Search,Bangalore,Blue Pottery,,,
2026-07-05,u1926,page_view,Travel Blog,Khurja,Weaving,,,
2026-07-05,u1926,booking_started,Travel Blog,Khurja,Weaving,,,
2026-07-05,u1926,payment_success,Travel Blog,Khurja,Weaving,CRB5194,1,2000
2026-07-05,u1926,booking_completed,Travel Blog,Khurja,Weaving,CRB5194,1,2000
2026-07-05,u1927,page_view,Referral,Bangalore,Pottery,,,
2026-07-05,u1928,page_view,Direct,Khurja,Warli Painting,,,
2026-07-05,u1929,page_view,Instagram,Udaipur,Warli Painting,,,
2026-07-05,u1929,experience_card_viewed,Instagram,Udaipur,Warli Painting,,,
2026-07-05,u1930,page_view,Direct,Udaipur,Blue Pottery,,,
2026-07-05,u1930,experience_card_viewed,Direct,Udaipur,Blue Pottery,,,
2026-07-05,u1931,page_view,Google Search,Khurja,Weaving,,,
2026-07-05,u1931,experience_card_viewed,Google Search,Khurja,Weaving,,,
2026-07-05,u1931,booking_started,Google Search,Khurja,Weaving,,,
2026-07-05,u1932,page_view,Google Search,Bangalore,Block Printing,,,
2026-07-05,u1932,experience_card_viewed,Google Search,Bangalore,Block Printing,,,
2026-07-05,u1932,booking_started,Google Search,Bangalore,Block Printing,,,
2026-07-05,u1933,page_view,Direct,Jaipur,Blue Pottery,,,
2026-07-05,u1934,page_view,Instagram,Udaipur,Blue Pottery,,,
2026-07-05,u1934,experience_card_viewed,Instagram,Udaipur,Blue Pottery,,,
2026-07-05,u1935,page_view,Instagram,Udaipur,Pottery,,,
2026-07-05,u1935,experience_card_viewed,Instagram,Udaipur,Pottery,,,
2026-07-05,u1936,page_view,Instagram,Jaipur,Blue Pottery,,,
2026-07-05,u1936,booking_started,Instagram,Jaipur,Blue Pottery,,,
2026-07-05,u1936,payment_success,Instagram,Jaipur,Blue Pottery,CRB5195,1,2200
2026-07-05,u1936,booking_completed,Instagram,Jaipur,Blue Pottery,CRB5195,1,2200
2026-07-05,u1936,review_submitted,Instagram,Jaipur,Blue Pottery,CRB5195,1,2200
2026-07-05,u1937,page_view,Travel Blog,Jaipur,Block Printing,,,
2026-07-05,u1937,experience_card_viewed,Travel Blog,Jaipur,Block Printing,,,
2026-07-05,u1938,page_view,Direct,Jaipur,Weaving,,,
2026-07-05,u1938,experience_card_viewed,Direct,Jaipur,Weaving,,,
2026-07-05,u1938,booking_started,Direct,Jaipur,Weaving,,,
2026-07-05,u1939,page_view,Direct,Bangalore,Pottery,,,
2026-07-05,u1939,booking_started,Direct,Bangalore,Pottery,,,
2026-07-05,u1940,page_view,Instagram,Bangalore,Weaving,,,
2026-07-05,u1940,booking_started,Instagram,Bangalore,Weaving,,,
2026-07-05,u1940,payment_success,Instagram,Bangalore,Weaving,CRB5196,1,2000
2026-07-05,u1940,booking_completed,Instagram,Bangalore,Weaving,CRB5196,1,2000
2026-07-05,u1941,page_view,Referral,Khurja,Warli Painting,,,
2026-07-05,u1941,experience_card_viewed,Referral,Khurja,Warli Painting,,,
2026-07-05,u1942,page_view,Direct,Khurja,Pottery,,,
2026-07-05,u1942,experience_card_viewed,Direct,Khurja,Pottery,,,
2026-07-05,u1943,page_view,Direct,Udaipur,Weaving,,,
2026-07-05,u1943,experience_card_viewed,Direct,Udaipur,Weaving,,,
2026-07-05,u1944,page_view,Travel Blog,Udaipur,Warli Painting,,,
2026-07-05,u1944,booking_started,Travel Blog,Udaipur,Warli Painting,,,
2026-07-05,u1944,payment_success,Travel Blog,Udaipur,Warli Painting,CRB5197,4,2200
2026-07-05,u1944,booking_completed,Travel Blog,Udaipur,Warli Painting,CRB5197,4,2200
2026-07-05,u1945,page_view,Instagram,Jaipur,Blue Pottery,,,
2026-07-05,u1946,page_view,Instagram,Jaipur,Pottery,,,
2026-07-05,u1946,experience_card_viewed,Instagram,Jaipur,Pottery,,,
2026-07-05,u1947,page_view,Travel Blog,Khurja,Pottery,,,
2026-07-05,u1948,page_view,Referral,Udaipur,Warli Painting,,,
2026-07-05,u1949,page_view,Travel Blog,Udaipur,Block Printing,,,
2026-07-05,u1949,experience_card_viewed,Travel Blog,Udaipur,Block Printing,,,
2026-07-05,u1949,booking_started,Travel Blog,Udaipur,Block Printing,,,
2026-07-05,u1950,page_view,Google Search,Bangalore,Weaving,,,
2026-07-05,u1950,experience_card_viewed,Google Search,Bangalore,Weaving,,,
2026-07-05,u1951,page_view,Referral,Udaipur,Warli Painting,,,
2026-07-05,u1952,page_view,Direct,Udaipur,Blue Pottery,,,
2026-07-05,u1952,experience_card_viewed,Direct,Udaipur,Blue Pottery,,,
2026-07-05,u1952,booking_started,Direct,Udaipur,Blue Pottery,,,
2026-07-05,u1953,page_view,Google Search,Varanasi,Pottery,,,
2026-07-05,u1953,experience_card_viewed,Google Search,Varanasi,Pottery,,,
2026-07-05,u1954,page_view,Instagram,Khurja,Weaving,,,
2026-07-05,u1954,experience_card_viewed,Instagram,Khurja,Weaving,,,
2026-07-05,u1955,page_view,Direct,Khurja,Warli Painting,,,
2026-07-05,u1955,experience_card_viewed,Direct,Khurja,Warli Painting,,,
2026-07-05,u1956,page_view,Google Search,Khurja,Pottery,,,
2026-07-05,u1956,experience_card_viewed,Google Search,Khurja,Pottery,,,
2026-07-05,u1957,page_view,Direct,Khurja,Blue Pottery,,,
2026-07-05,u1957,experience_card_viewed,Direct,Khurja,Blue Pottery,,,
2026-07-05,u1957,booking_started,Direct,Khurja,Blue Pottery,,,
2026-07-05,u1957,payment_success,Direct,Khurja,Blue Pottery,CRB5198,1,3000
2026-07-05,u1957,booking_completed,Direct,Khurja,Blue Pottery,CRB5198,1,3000
2026-07-05,u1957,review_submitted,Direct,Khurja,Blue Pottery,CRB5198,1,3000
2026-07-05,u1958,page_view,Referral,Jaipur,Block Printing,,,
2026-07-05,u1958,experience_card_viewed,Referral,Jaipur,Block Printing,,,
2026-07-05,u1959,page_view,Google Search,Udaipur,Weaving,,,
2026-07-05,u1959,experience_card_viewed,Google Search,Udaipur,Weaving,,,
2026-07-05,u1960,page_view,Direct,Bangalore,Weaving,,,
2026-07-05,u1961,page_view,Referral,Bangalore,Pottery,,,
2026-07-05,u1962,page_view,Travel Blog,Varanasi,Block Printing,,,
2026-07-05,u1963,page_view,Google Search,Bangalore,Block Printing,,,
2026-07-05,u1963,experience_card_viewed,Google Search,Bangalore,Block Printing,,,
2026-07-05,u1964,page_view,Google Search,Udaipur,Weaving,,,
2026-07-05,u1964,experience_card_viewed,Google Search,Udaipur,Weaving,,,
2026-07-05,u1964,booking_started,Google Search,Udaipur,Weaving,,,
2026-07-05,u1964,payment_success,Google Search,Udaipur,Weaving,CRB5199,3,3500
2026-07-05,u1965,page_view,Instagram,Bangalore,Blue Pottery,,,
2026-07-05,u1966,page_view,Direct,Udaipur,Pottery,,,
2026-07-05,u1966,experience_card_viewed,Direct,Udaipur,Pottery,,,
2026-07-05,u1967,page_view,Direct,Jaipur,Weaving,,,
2026-07-05,u1967,experience_card_viewed,Direct,Jaipur,Weaving,,,
2026-07-05,u1968,page_view,Travel Blog,Varanasi,Blue Pottery,,,
2026-07-05,u1968,experience_card_viewed,Travel Blog,Varanasi,Blue Pottery,,,
2026-07-05,u1969,page_view,Referral,Varanasi,Blue Pottery,,,
2026-07-05,u1969,booking_started,Referral,Varanasi,Blue Pottery,,,
2026-07-05,u1969,payment_success,Referral,Varanasi,Blue Pottery,CRB5200,12,3000
2026-07-05,u1970,page_view,Travel Blog,Udaipur,Pottery,,,
2026-07-05,u1971,page_view,Google Search,Khurja,Weaving,,,
2026-07-05,u1971,experience_card_viewed,Google Search,Khurja,Weaving,,,
2026-07-05,u1972,page_view,Referral,Jaipur,Warli Painting,,,
2026-07-05,u1972,booking_started,Referral,Jaipur,Warli Painting,,,
2026-07-05,u1972,payment_success,Referral,Jaipur,Warli Painting,CRB5201,4,2200
2026-07-05,u1972,booking_completed,Referral,Jaipur,Warli Painting,CRB5201,4,2200
2026-07-05,u1973,page_view,Travel Blog,Varanasi,Warli Painting,,,
2026-07-05,u1973,experience_card_viewed,Travel Blog,Varanasi,Warli Painting,,,
2026-07-05,u1974,page_view,Referral,Bangalore,Weaving,,,
2026-07-05,u1974,experience_card_viewed,Referral,Bangalore,Weaving,,,
2026-07-05,u1975,page_view,Google Search,Jaipur,Block Printing,,,
2026-07-05,u1975,experience_card_viewed,Google Search,Jaipur,Block Printing,,,
2026-07-05,u1976,page_view,Travel Blog,Jaipur,Weaving,,,
2026-07-05,u1976,experience_card_viewed,Travel Blog,Jaipur,Weaving,,,
2026-07-05,u1977,page_view,Google Search,Jaipur,Block Printing,,,
2026-07-05,u1978,page_view,Instagram,Bangalore,Weaving,,,
2026-07-05,u1979,page_view,Referral,Udaipur,Block Printing,,,
2026-07-05,u1979,experience_card_viewed,Referral,Udaipur,Block Printing,,,
2026-07-05,u1980,page_view,Instagram,Varanasi,Pottery,,,
2026-07-05,u1980,booking_started,Instagram,Varanasi,Pottery,,,
2026-07-05,u1980,payment_success,Instagram,Varanasi,Pottery,CRB5202,2,2000
2026-07-05,u1980,booking_completed,Instagram,Varanasi,Pottery,CRB5202,2,2000
2026-07-05,u1980,review_submitted,Instagram,Varanasi,Pottery,CRB5202,2,2000
2026-07-05,u1981,page_view,Referral,Bangalore,Block Printing,,,
2026-07-05,u1981,experience_card_viewed,Referral,Bangalore,Block Printing,,,
2026-07-05,u1982,page_view,Google Search,Jaipur,Warli Painting,,,
2026-07-05,u1983,page_view,Referral,Varanasi,Weaving,,,
2026-07-05,u1984,page_view,Instagram,Bangalore,Warli Painting,,,
2026-07-05,u1984,experience_card_viewed,Instagram,Bangalore,Warli Painting,,,
2026-07-05,u1984,booking_started,Instagram,Bangalore,Warli Painting,,,
2026-07-05,u1984,payment_success,Instagram,Bangalore,Warli Painting,CRB5203,4,2000
2026-07-05,u1984,booking_completed,Instagram,Bangalore,Warli Painting,CRB5203,4,2000
2026-07-05,u1984,review_submitted,Instagram,Bangalore,Warli Painting,CRB5203,4,2000
2026-07-05,u1985,page_view,Google Search,Bangalore,Pottery,,,
2026-07-05,u1986,page_view,Direct,Bangalore,Warli Painting,,,
2026-07-05,u1987,page_view,Instagram,Udaipur,Blue Pottery,,,
2026-07-05,u1987,booking_started,Instagram,Udaipur,Blue Pottery,,,
2026-07-05,u1987,payment_success,Instagram,Udaipur,Blue Pottery,CRB5204,1,2200
2026-07-05,u1987,booking_completed,Instagram,Udaipur,Blue Pottery,CRB5204,1,2200
2026-07-05,u1988,page_view,Referral,Jaipur,Block Printing,,,
2026-07-05,u1988,experience_card_viewed,Referral,Jaipur,Block Printing,,,
2026-07-05,u1989,page_view,Google Search,Khurja,Weaving,,,
2026-07-05,u1989,experience_card_viewed,Google Search,Khurja,Weaving,,,
2026-07-05,u1989,booking_started,Google Search,Khurja,Weaving,,,
2026-07-05,u1989,payment_success,Google Search,Khurja,Weaving,CRB5205,2,1500
2026-07-05,u1989,booking_completed,Google Search,Khurja,Weaving,CRB5205,2,1500
2026-07-05,u1990,page_view,Direct,Bangalore,Block Printing,,,
2026-07-05,u1990,experience_card_viewed,Direct,Bangalore,Block Printing,,,
2026-07-05,u1991,page_view,Instagram,Jaipur,Weaving,,,
2026-07-05,u1992,page_view,Instagram,Bangalore,Pottery,,,
2026-07-05,u1992,booking_started,Instagram,Bangalore,Pottery,,,
2026-07-05,u1992,payment_success,Instagram,Bangalore,Pottery,CRB5206,1,1500
2026-07-05,u1992,booking_completed,Instagram,Bangalore,Pottery,CRB5206,1,1500
2026-07-05,u1993,page_view,Google Search,Bangalore,Warli Painting,,,
2026-07-05,u1993,experience_card_viewed,Google Search,Bangalore,Warli Painting,,,
2026-07-05,u1994,page_view,Instagram,Bangalore,Block Printing,,,
2026-07-05,u1995,page_view,Referral,Khurja,Warli Painting,,,
2026-07-05,u1995,experience_card_viewed,Referral,Khurja,Warli Painting,,,
2026-07-05,u1996,page_view,Google Search,Bangalore,Blue Pottery,,,
2026-07-05,u1996,experience_card_viewed,Google Search,Bangalore,Blue Pottery,,,
2026-07-05,u1997,page_view,Travel Blog,Jaipur,Pottery,,,
2026-07-05,u1998,page_view,Travel Blog,Khurja,Warli Painting,,,
2026-07-05,u1998,experience_card_viewed,Travel Blog,Khurja,Warli Painting,,,
2026-07-05,u1998,booking_started,Travel Blog,Khurja,Warli Painting,,,
2026-07-05,u1999,page_view,Instagram,Udaipur,Block Printing,,,
2026-07-05,u1999,experience_card_viewed,Instagram,Udaipur,Block Printing,,,
2026-07-05,u2000,page_view,Referral,Varanasi,Warli Painting,,,
2026-07-05,u2000,booking_started,Referral,Varanasi,Warli Painting,,,
2026-07-05,u2000,payment_success,Referral,Varanasi,Warli Painting,CRB5207,10,2000
2026-07-05,u2000,booking_completed,Referral,Varanasi,Warli Painting,CRB5207,10,2000
2026-07-05,u2001,page_view,Travel Blog,Varanasi,Blue Pottery,,,
2026-07-05,u2001,experience_card_viewed,Travel Blog,Varanasi,Blue Pottery,,,
2026-07-05,u2001,booking_started,Travel Blog,Varanasi,Blue Pottery,,,
2026-07-05,u2002,page_view,Travel Blog,Varanasi,Pottery,,,
2026-07-05,u2002,experience_card_viewed,Travel Blog,Varanasi,Pottery,,,
2026-07-05,u2003,page_view,Instagram,Udaipur,Blue Pottery,,,
2026-07-05,u2004,page_view,Instagram,Khurja,Blue Pottery,,,
2026-07-05,u2004,experience_card_viewed,Instagram,Khurja,Blue Pottery,,,
2026-07-05,u2005,page_view,Instagram,Khurja,Block Printing,,,
2026-07-05,u2005,experience_card_viewed,Instagram,Khurja,Block Printing,,,
2026-07-05,u2005,booking_started,Instagram,Khurja,Block Printing,,,
2026-07-05,u2005,payment_success,Instagram,Khurja,Block Printing,CRB5208,10,1500
2026-07-05,u2005,booking_completed,Instagram,Khurja,Block Printing,CRB5208,10,1500
2026-07-05,u2005,review_submitted,Instagram,Khurja,Block Printing,CRB5208,10,1500
2026-07-05,u2006,page_view,Travel Blog,Varanasi,Blue Pottery,,,
2026-07-05,u2007,page_view,Travel Blog,Bangalore,Weaving,,,
2026-07-05,u2007,experience_card_viewed,Travel Blog,Bangalore,Weaving,,,
2026-07-05,u2008,page_view,Instagram,Varanasi,Blue Pottery,,,
2026-07-05,u2008,experience_card_viewed,Instagram,Varanasi,Blue Pottery,,,
2026-07-05,u2009,page_view,Google Search,Jaipur,Block Printing,,,
2026-07-05,u2010,page_view,Travel Blog,Jaipur,Pottery,,,
2026-07-05,u2010,experience_card_viewed,Travel Blog,Jaipur,Pottery,,,
2026-07-05,u2011,page_view,Google Search,Varanasi,Warli Painting,,,
2026-07-05,u2012,page_view,Direct,Udaipur,Blue Pottery,,,
2026-07-05,u2012,experience_card_viewed,Direct,Udaipur,Blue Pottery,,,
2026-07-05,u2013,page_view,Travel Blog,Bangalore,Weaving,,,
2026-07-05,u2014,page_view,Direct,Bangalore,Block Printing,,,
2026-07-05,u2014,booking_started,Direct,Bangalore,Block Printing,,,
2026-07-05,u2014,payment_success,Direct,Bangalore,Block Printing,CRB5209,2,2200
2026-07-05,u2014,booking_completed,Direct,Bangalore,Block Printing,CRB5209,2,2200
2026-07-05,u2015,page_view,Direct,Varanasi,Pottery,,,
2026-07-05,u2015,experience_card_viewed,Direct,Varanasi,Pottery,,,
2026-07-05,u2015,booking_started,Direct,Varanasi,Pottery,,,
2026-07-05,u2015,payment_success,Direct,Varanasi,Pottery,CRB5210,12,3500
2026-07-05,u2015,booking_completed,Direct,Varanasi,Pottery,CRB5210,12,3500
2026-07-05,u2016,page_view,Direct,Khurja,Warli Painting,,,
2026-07-05,u2016,experience_card_viewed,Direct,Khurja,Warli Painting,,,
2026-07-05,u2016,booking_started,Direct,Khurja,Warli Painting,,,
2026-07-05,u2016,payment_success,Direct,Khurja,Warli Painting,CRB5211,10,2500
2026-07-05,u2016,booking_completed,Direct,Khurja,Warli Painting,CRB5211,10,2500
2026-07-05,u2017,page_view,Instagram,Khurja,Weaving,,,
2026-07-05,u2017,experience_card_viewed,Instagram,Khurja,Weaving,,,
2026-07-05,u2018,page_view,Instagram,Varanasi,Blue Pottery,,,
2026-07-05,u2018,experience_card_viewed,Instagram,Varanasi,Blue Pottery,,,
2026-07-05,u2019,page_view,Referral,Udaipur,Weaving,,,
2026-07-05,u2019,experience_card_viewed,Referral,Udaipur,Weaving,,,
2026-07-05,u2019,booking_started,Referral,Udaipur,Weaving,,,
2026-07-05,u2019,payment_success,Referral,Udaipur,Weaving,CRB5212,4,2500
2026-07-05,u2019,booking_completed,Referral,Udaipur,Weaving,CRB5212,4,2500
2026-07-05,u2020,page_view,Instagram,Bangalore,Weaving,,,
2026-07-05,u2020,experience_card_viewed,Instagram,Bangalore,Weaving,,,
2026-07-05,u2021,page_view,Travel Blog,Bangalore,Warli Painting,,,
2026-07-05,u2021,booking_started,Travel Blog,Bangalore,Warli Painting,,,
2026-07-05,u2021,payment_success,Travel Blog,Bangalore,Warli Painting,CRB5213,1,2000
2026-07-05,u2021,booking_completed,Travel Blog,Bangalore,Warli Painting,CRB5213,1,2000
2026-07-05,u2021,review_submitted,Travel Blog,Bangalore,Warli Painting,CRB5213,1,2000
2026-07-05,u2022,page_view,Google Search,Varanasi,Blue Pottery,,,
2026-07-05,u2022,experience_card_viewed,Google Search,Varanasi,Blue Pottery,,,
2026-07-05,u2023,page_view,Referral,Khurja,Warli Painting,,,
2026-07-05,u2023,experience_card_viewed,Referral,Khurja,Warli Painting,,,
2026-07-05,u2024,page_view,Google Search,Udaipur,Block Printing,,,
2026-07-05,u2025,page_view,Referral,Varanasi,Block Printing,,,
2026-07-05,u2025,experience_card_viewed,Referral,Varanasi,Block Printing,,,
2026-07-05,u2026,page_view,Google Search,Bangalore,Block Printing,,,
2026-07-05,u2027,page_view,Direct,Varanasi,Weaving,,,
2026-07-05,u2027,experience_card_viewed,Direct,Varanasi,Weaving,,,
2026-07-05,u2028,page_view,Travel Blog,Udaipur,Pottery,,,
2026-07-05,u2028,experience_card_viewed,Travel Blog,Udaipur,Pottery,,,
2026-07-05,u2028,booking_started,Travel Blog,Udaipur,Pottery,,,
2026-07-05,u2029,page_view,Direct,Varanasi,Blue Pottery,,,
2026-07-05,u2030,page_view,Travel Blog,Udaipur,Weaving,,,
2026-07-05,u2031,page_view,Direct,Khurja,Block Printing,,,
2026-07-05,u2032,page_view,Google Search,Bangalore,Blue Pottery,,,
2026-07-05,u2032,experience_card_viewed,Google Search,Bangalore,Blue Pottery,,,
2026-07-05,u2033,page_view,Travel Blog,Varanasi,Warli Painting,,,
2026-07-05,u2034,page_view,Travel Blog,Bangalore,Block Printing,,,
2026-07-05,u2035,page_view,Google Search,Khurja,Pottery,,,
2026-07-05,u2036,page_view,Travel Blog,Udaipur,Weaving,,,
2026-07-05,u2037,page_view,Google Search,Udaipur,Weaving,,,
2026-07-05,u2038,page_view,Referral,Bangalore,Pottery,,,
2026-07-05,u2038,experience_card_viewed,Referral,Bangalore,Pottery,,,
2026-07-05,u2038,booking_started,Referral,Bangalore,Pottery,,,
2026-07-05,u2038,payment_success,Referral,Bangalore,Pottery,CRB5214,3,3500
2026-07-05,u2038,booking_completed,Referral,Bangalore,Pottery,CRB5214,3,3500
2026-07-05,u2039,page_view,Instagram,Khurja,Pottery,,,
2026-07-05,u2039,experience_card_viewed,Instagram,Khurja,Pottery,,,
2026-07-05,u2039,booking_started,Instagram,Khurja,Pottery,,,
2026-07-05,u2040,page_view,Referral,Bangalore,Pottery,,,
2026-07-05,u2040,booking_started,Referral,Bangalore,Pottery,,,
2026-07-05,u2040,payment_success,Referral,Bangalore,Pottery,CRB5215,1,1500
2026-07-05,u2040,booking_completed,Referral,Bangalore,Pottery,CRB5215,1,1500
2026-07-05,u2040,review_submitted,Referral,Bangalore,Pottery,CRB5215,1,1500
2026-07-05,u2041,page_view,Instagram,Udaipur,Pottery,,,
2026-07-05,u2041,experience_card_viewed,Instagram,Udaipur,Pottery,,,
2026-07-05,u2042,page_view,Direct,Jaipur,Warli Painting,,,
2026-07-05,u2043,page_view,Direct,Varanasi,Blue Pottery,,,
2026-07-05,u2043,booking_started,Direct,Varanasi,Blue Pottery,,,
2026-07-05,u2043,payment_success,Direct,Varanasi,Blue Pottery,CRB5216,6,2000
2026-07-05,u2043,booking_completed,Direct,Varanasi,Blue Pottery,CRB5216,6,2000
2026-07-05,u2044,page_view,Google Search,Jaipur,Pottery,,,
2026-07-05,u2044,experience_card_viewed,Google Search,Jaipur,Pottery,,,
2026-07-05,u2044,booking_started,Google Search,Jaipur,Pottery,,,
2026-07-05,u2044,payment_success,Google Search,Jaipur,Pottery,CRB5217,1,2200
2026-07-05,u2044,booking_completed,Google Search,Jaipur,Pottery,CRB5217,1,2200
2026-07-05,u2045,page_view,Google Search,Varanasi,Pottery,,,
2026-07-05,u2045,experience_card_viewed,Google Search,Varanasi,Pottery,,,
2026-07-05,u2046,page_view,Referral,Jaipur,Warli Painting,,,
2026-07-05,u2046,experience_card_viewed,Referral,Jaipur,Warli Painting,,,
2026-07-05,u2047,page_view,Instagram,Khurja,Weaving,,,
2026-07-05,u2048,page_view,Referral,Jaipur,Warli Painting,,,
2026-07-05,u2049,page_view,Travel Blog,Jaipur,Blue Pottery,,,
2026-07-05,u2050,page_view,Referral,Jaipur,Pottery,,,
2026-07-05,u2050,experience_card_viewed,Referral,Jaipur,Pottery,,,
2026-07-05,u2051,page_view,Google Search,Udaipur,Weaving,,,
2026-07-05,u2052,page_view,Travel Blog,Jaipur,Weaving,,,
2026-07-05,u2053,page_view,Travel Blog,Udaipur,Blue Pottery,,,
2026-07-05,u2054,page_view,Travel Blog,Jaipur,Pottery,,,
2026-07-05,u2055,page_view,Referral,Udaipur,Warli Painting,,,
2026-07-05,u2056,page_view,Referral,Udaipur,Block Printing,,,
2026-07-05,u2057,page_view,Google Search,Udaipur,Pottery,,,
2026-07-05,u2057,experience_card_viewed,Google Search,Udaipur,Pottery,,,
2026-07-05,u2057,booking_started,Google Search,Udaipur,Pottery,,,
2026-07-05,u2057,payment_success,Google Search,Udaipur,Pottery,CRB5218,2,1500
2026-07-05,u2057,booking_completed,Google Search,Udaipur,Pottery,CRB5218,2,1500
2026-07-05,u2058,page_view,Travel Blog,Udaipur,Pottery,,,
2026-07-05,u2058,experience_card_viewed,Travel Blog,Udaipur,Pottery,,,
2026-07-05,u2059,page_view,Referral,Varanasi,Pottery,,,
2026-07-05,u2059,experience_card_viewed,Referral,Varanasi,Pottery,,,
2026-07-05,u2060,page_view,Travel Blog,Udaipur,Warli Painting,,,
2026-07-05,u2060,experience_card_viewed,Travel Blog,Udaipur,Warli Painting,,,
2026-07-05,u2061,page_view,Direct,Bangalore,Pottery,,,
2026-07-05,u2062,page_view,Google Search,Varanasi,Pottery,,,
2026-07-05,u2062,experience_card_viewed,Google Search,Varanasi,Pottery,,,
2026-07-05,u2063,page_view,Direct,Varanasi,Pottery,,,
2026-07-05,u2063,experience_card_viewed,Direct,Varanasi,Pottery,,,
2026-07-05,u2064,page_view,Direct,Jaipur,Block Printing,,,
2026-07-05,u2065,page_view,Travel Blog,Udaipur,Block Printing,,,
2026-07-05,u2065,experience_card_viewed,Travel Blog,Udaipur,Block Printing,,,
2026-07-05,u2065,booking_started,Travel Blog,Udaipur,Block Printing,,,
2026-07-05,u2066,page_view,Referral,Varanasi,Blue Pottery,,,
2026-07-05,u2066,experience_card_viewed,Referral,Varanasi,Blue Pottery,,,
2026-07-05,u2067,page_view,Google Search,Bangalore,Pottery,,,
2026-07-05,u2068,page_view,Google Search,Udaipur,Pottery,,,
2026-07-05,u2068,experience_card_viewed,Google Search,Udaipur,Pottery,,,
2026-07-05,u2068,booking_started,Google Search,Udaipur,Pottery,,,
2026-07-05,u2068,payment_success,Google Search,Udaipur,Pottery,CRB5219,4,1800
2026-07-05,u2068,booking_completed,Google Search,Udaipur,Pottery,CRB5219,4,1800
2026-07-05,u2069,page_view,Travel Blog,Khurja,Weaving,,,
2026-07-05,u2070,page_view,Google Search,Udaipur,Blue Pottery,,,
2026-07-05,u2070,booking_started,Google Search,Udaipur,Blue Pottery,,,
2026-07-05,u2070,payment_success,Google Search,Udaipur,Blue Pottery,CRB5220,1,1500
2026-07-05,u2070,booking_completed,Google Search,Udaipur,Blue Pottery,CRB5220,1,1500
2026-07-05,u2070,review_submitted,Google Search,Udaipur,Blue Pottery,CRB5220,1,1500
2026-07-05,u2071,page_view,Referral,Bangalore,Warli Painting,,,
2026-07-05,u2071,experience_card_viewed,Referral,Bangalore,Warli Painting,,,
2026-07-05,u2072,page_view,Referral,Khurja,Warli Painting,,,
2026-07-05,u2072,experience_card_viewed,Referral,Khurja,Warli Painting,,,
2026-07-05,u2072,booking_started,Referral,Khurja,Warli Painting,,,
2026-07-05,u2072,payment_success,Referral,Khurja,Warli Painting,CRB5221,12,2000
2026-07-05,u2072,booking_completed,Referral,Khurja,Warli Painting,CRB5221,12,2000
2026-07-05,u2072,review_submitted,Referral,Khurja,Warli Painting,CRB5221,12,2000
2026-07-05,u2073,page_view,Referral,Jaipur,Weaving,,,
2026-07-05,u2073,experience_card_viewed,Referral,Jaipur,Weaving,,,
2026-07-05,u2073,booking_started,Referral,Jaipur,Weaving,,,
2026-07-05,u2074,page_view,Referral,Varanasi,Blue Pottery,,,
2026-07-05,u2074,experience_card_viewed,Referral,Varanasi,Blue Pottery,,,
2026-07-05,u2075,page_view,Direct,Varanasi,Warli Painting,,,
2026-07-05,u2075,experience_card_viewed,Direct,Varanasi,Warli Painting,,,
2026-07-05,u2076,page_view,Referral,Udaipur,Pottery,,,
2026-07-05,u2077,page_view,Travel Blog,Jaipur,Pottery,,,
2026-07-05,u2077,experience_card_viewed,Travel Blog,Jaipur,Pottery,,,
2026-07-05,u2077,booking_started,Travel Blog,Jaipur,Pottery,,,
2026-07-05,u2077,payment_success,Travel Blog,Jaipur,Pottery,CRB5222,4,1800
2026-07-05,u2077,booking_completed,Travel Blog,Jaipur,Pottery,CRB5222,4,1800
2026-07-05,u2077,review_submitted,Travel Blog,Jaipur,Pottery,CRB5222,4,1800
2026-07-05,u2078,page_view,Referral,Bangalore,Blue Pottery,,,
2026-07-05,u2078,experience_card_viewed,Referral,Bangalore,Blue Pottery,,,
2026-07-05,u2078,booking_started,Referral,Bangalore,Blue Pottery,,,
2026-07-05,u2078,payment_success,Referral,Bangalore,Blue Pottery,CRB5223,2,1500
2026-07-05,u2078,booking_completed,Referral,Bangalore,Blue Pottery,CRB5223,2,1500
2026-07-05,u2078,review_submitted,Referral,Bangalore,Blue Pottery,CRB5223,2,1500
2026-07-05,u2079,page_view,Direct,Khurja,Warli Painting,,,
2026-07-05,u2079,booking_started,Direct,Khurja,Warli Painting,,,
2026-07-05,u2080,page_view,Google Search,Udaipur,Block Printing,,,
2026-07-05,u2080,experience_card_viewed,Google Search,Udaipur,Block Printing,,,
2026-07-05,u2081,page_view,Instagram,Varanasi,Block Printing,,,
2026-07-05,u2081,experience_card_viewed,Instagram,Varanasi,Block Printing,,,
2026-07-05,u2082,page_view,Instagram,Udaipur,Weaving,,,
2026-07-05,u2083,page_view,Referral,Khurja,Block Printing,,,
2026-07-05,u2083,experience_card_viewed,Referral,Khurja,Block Printing,,,
2026-07-05,u2084,page_view,Travel Blog,Udaipur,Weaving,,,
2026-07-05,u2084,booking_started,Travel Blog,Udaipur,Weaving,,,
2026-07-05,u2085,page_view,Direct,Udaipur,Weaving,,,
2026-07-05,u2086,page_view,Direct,Khurja,Pottery,,,
2026-07-05,u2087,page_view,Referral,Varanasi,Block Printing,,,
2026-07-05,u2088,page_view,Direct,Udaipur,Block Printing,,,
2026-07-05,u2088,experience_card_viewed,Direct,Udaipur,Block Printing,,,
2026-07-05,u2088,booking_started,Direct,Udaipur,Block Printing,,,
2026-07-05,u2089,page_view,Travel Blog,Jaipur,Block Printing,,,
2026-07-05,u2089,booking_started,Travel Blog,Jaipur,Block Printing,,,
2026-07-05,u2090,page_view,Referral,Khurja,Block Printing,,,
2026-07-05,u2090,experience_card_viewed,Referral,Khurja,Block Printing,,,
2026-07-05,u2091,page_view,Referral,Bangalore,Pottery,,,
2026-07-05,u2091,experience_card_viewed,Referral,Bangalore,Pottery,,,
2026-07-05,u2091,booking_started,Referral,Bangalore,Pottery,,,
2026-07-05,u2091,payment_success,Referral,Bangalore,Pottery,CRB5224,3,2200
2026-07-05,u2091,booking_completed,Referral,Bangalore,Pottery,CRB5224,3,2200
2026-07-05,u2091,review_submitted,Referral,Bangalore,Pottery,CRB5224,3,2200
2026-07-05,u2092,page_view,Travel Blog,Varanasi,Warli Painting,,,
2026-07-05,u2092,experience_card_viewed,Travel Blog,Varanasi,Warli Painting,,,
2026-07-05,u2093,page_view,Instagram,Jaipur,Warli Painting,,,
2026-07-05,u2093,experience_card_viewed,Instagram,Jaipur,Warli Painting,,,
2026-07-05,u2094,page_view,Google Search,Khurja,Blue Pottery,,,
2026-07-05,u2095,page_view,Instagram,Varanasi,Blue Pottery,,,
2026-07-05,u2095,experience_card_viewed,Instagram,Varanasi,Blue Pottery,,,
2026-07-05,u2096,page_view,Travel Blog,Varanasi,Pottery,,,
2026-07-05,u2097,page_view,Referral,Khurja,Warli Painting,,,
2026-07-05,u2097,experience_card_viewed,Referral,Khurja,Warli Painting,,,
2026-07-05,u2098,page_view,Direct,Jaipur,Block Printing,,,
2026-07-05,u2098,experience_card_viewed,Direct,Jaipur,Block Printing,,,
2026-07-05,u2099,page_view,Travel Blog,Jaipur,Blue Pottery,,,
2026-07-05,u2100,page_view,Referral,Varanasi,Weaving,,,
2026-07-05,u2101,page_view,Instagram,Jaipur,Blue Pottery,,,
2026-07-05,u2101,experience_card_viewed,Instagram,Jaipur,Blue Pottery,,,
2026-07-05,u2101,booking_started,Instagram,Jaipur,Blue Pottery,,,
2026-07-05,u2101,payment_success,Instagram,Jaipur,Blue Pottery,CRB5225,2,2200
2026-07-05,u2101,booking_completed,Instagram,Jaipur,Blue Pottery,CRB5225,2,2200
2026-07-05,u2101,review_submitted,Instagram,Jaipur,Blue Pottery,CRB5225,2,2200
2026-07-05,u2102,page_view,Referral,Varanasi,Pottery,,,
2026-07-05,u2102,experience_card_viewed,Referral,Varanasi,Pottery,,,
2026-07-05,u2102,booking_started,Referral,Varanasi,Pottery,,,
2026-07-05,u2103,page_view,Referral,Jaipur,Blue Pottery,,,
2026-07-05,u2103,booking_started,Referral,Jaipur,Blue Pottery,,,
2026-07-05,u2103,payment_success,Referral,Jaipur,Blue Pottery,CRB5226,2,3000
2026-07-05,u2103,booking_completed,Referral,Jaipur,Blue Pottery,CRB5226,2,3000
2026-07-05,u2104,page_view,Direct,Bangalore,Weaving,,,
2026-07-05,u2105,page_view,Travel Blog,Varanasi,Block Printing,,,
2026-07-05,u2105,experience_card_viewed,Travel Blog,Varanasi,Block Printing,,,
2026-07-05,u2105,booking_started,Travel Blog,Varanasi,Block Printing,,,
2026-07-05,u2105,payment_success,Travel Blog,Varanasi,Block Printing,CRB5227,1,3000
2026-07-05,u2106,page_view,Google Search,Khurja,Blue Pottery,,,
2026-07-05,u2107,page_view,Direct,Khurja,Block Printing,,,
2026-07-05,u2107,experience_card_viewed,Direct,Khurja,Block Printing,,,
2026-07-05,u2108,page_view,Travel Blog,Udaipur,Block Printing,,,
2026-07-05,u2108,experience_card_viewed,Travel Blog,Udaipur,Block Printing,,,
2026-07-05,u2109,page_view,Travel Blog,Udaipur,Blue Pottery,,,
2026-07-05,u2109,experience_card_viewed,Travel Blog,Udaipur,Blue Pottery,,,
2026-07-05,u2110,page_view,Google Search,Khurja,Weaving,,,
2026-07-05,u2111,page_view,Instagram,Varanasi,Block Printing,,,
2026-07-05,u2111,experience_card_viewed,Instagram,Varanasi,Block Printing,,,
2026-07-05,u2112,page_view,Travel Blog,Udaipur,Blue Pottery,,,
2026-07-05,u2113,page_view,Direct,Varanasi,Block Printing,,,
2026-07-05,u2113,experience_card_viewed,Direct,Varanasi,Block Printing,,,
2026-07-05,u2114,page_view,Direct,Bangalore,Blue Pottery,,,
2026-07-05,u2114,experience_card_viewed,Direct,Bangalore,Blue Pottery,,,
2026-07-05,u2114,booking_started,Direct,Bangalore,Blue Pottery,,,
2026-07-05,u2114,payment_success,Direct,Bangalore,Blue Pottery,CRB5228,6,2500
2026-07-05,u2114,booking_completed,Direct,Bangalore,Blue Pottery,CRB5228,6,2500
2026-07-05,u2115,page_view,Direct,Varanasi,Blue Pottery,,,
2026-07-05,u2115,booking_started,Direct,Varanasi,Blue Pottery,,,
2026-07-05,u2115,payment_success,Direct,Varanasi,Blue Pottery,CRB5229,3,2200
2026-07-05,u2115,booking_completed,Direct,Varanasi,Blue Pottery,CRB5229,3,2200
2026-07-05,u2115,review_submitted,Direct,Varanasi,Blue Pottery,CRB5229,3,2200
2026-07-05,u2116,page_view,Referral,Udaipur,Blue Pottery,,,
2026-07-05,u2117,page_view,Referral,Udaipur,Pottery,,,
2026-07-05,u2118,page_view,Instagram,Udaipur,Pottery,,,
2026-07-05,u2118,experience_card_viewed,Instagram,Udaipur,Pottery,,,
2026-07-05,u2118,booking_started,Instagram,Udaipur,Pottery,,,
2026-07-05,u2118,payment_success,Instagram,Udaipur,Pottery,CRB5230,10,2200
2026-07-05,u2118,booking_completed,Instagram,Udaipur,Pottery,CRB5230,10,2200
2026-07-05,u2118,review_submitted,Instagram,Udaipur,Pottery,CRB5230,10,2200
2026-07-05,u2119,page_view,Referral,Khurja,Pottery,,,
2026-07-05,u2120,page_view,Instagram,Jaipur,Weaving,,,
2026-07-05,u2120,experience_card_viewed,Instagram,Jaipur,Weaving,,,
2026-07-05,u2121,page_view,Instagram,Bangalore,Pottery,,,
2026-07-05,u2121,experience_card_viewed,Instagram,Bangalore,Pottery,,,
2026-07-05,u2122,page_view,Referral,Jaipur,Warli Painting,,,
2026-07-05,u2122,experience_card_viewed,Referral,Jaipur,Warli Painting,,,
2026-07-05,u2122,booking_started,Referral,Jaipur,Warli Painting,,,
2026-07-05,u2122,payment_success,Referral,Jaipur,Warli Painting,CRB5231,2,3000
2026-07-05,u2122,booking_completed,Referral,Jaipur,Warli Painting,CRB5231,2,3000
2026-07-05,u2123,page_view,Direct,Jaipur,Warli Painting,,,
2026-07-05,u2123,experience_card_viewed,Direct,Jaipur,Warli Painting,,,
2026-07-05,u2123,booking_started,Direct,Jaipur,Warli Painting,,,
2026-07-05,u2123,payment_success,Direct,Jaipur,Warli Painting,CRB5232,3,2000
2026-07-05,u2123,booking_completed,Direct,Jaipur,Warli Painting,CRB5232,3,2000
2026-07-05,u2123,review_submitted,Direct,Jaipur,Warli Painting,CRB5232,3,2000
2026-07-05,u2124,page_view,Instagram,Khurja,Weaving,,,
2026-07-05,u2124,experience_card_viewed,Instagram,Khurja,Weaving,,,
2026-07-05,u2124,booking_started,Instagram,Khurja,Weaving,,,
2026-07-05,u2125,page_view,Travel Blog,Udaipur,Block Printing,,,
2026-07-05,u2125,experience_card_viewed,Travel Blog,Udaipur,Block Printing,,,
2026-07-05,u2126,page_view,Referral,Varanasi,Warli Painting,,,
2026-07-05,u2126,experience_card_viewed,Referral,Varanasi,Warli Painting,,,
2026-07-05,u2126,booking_started,Referral,Varanasi,Warli Painting,,,
2026-07-05,u2126,payment_success,Referral,Varanasi,Warli Painting,CRB5233,10,2000
2026-07-05,u2126,booking_completed,Referral,Varanasi,Warli Painting,CRB5233,10,2000
2026-07-05,u2126,review_submitted,Referral,Varanasi,Warli Painting,CRB5233,10,2000
2026-07-05,u2127,page_view,Google Search,Udaipur,Blue Pottery,,,
2026-07-05,u2128,page_view,Direct,Varanasi,Block Printing,,,
2026-07-05,u2128,experience_card_viewed,Direct,Varanasi,Block Printing,,,
2026-07-05,u2129,page_view,Direct,Jaipur,Block Printing,,,
2026-07-05,u2129,experience_card_viewed,Direct,Jaipur,Block Printing,,,
2026-07-05,u2130,page_view,Google Search,Udaipur,Block Printing,,,
2026-07-05,u2130,experience_card_viewed,Google Search,Udaipur,Block Printing,,,
2026-07-05,u2130,booking_started,Google Search,Udaipur,Block Printing,,,
2026-07-05,u2131,page_view,Google Search,Bangalore,Block Printing,,,
2026-07-05,u2132,page_view,Direct,Varanasi,Blue Pottery,,,
2026-07-05,u2132,experience_card_viewed,Direct,Varanasi,Blue Pottery,,,
2026-07-05,u2133,page_view,Direct,Varanasi,Weaving,,,
2026-07-05,u2133,booking_started,Direct,Varanasi,Weaving,,,
2026-07-05,u2133,payment_success,Direct,Varanasi,Weaving,CRB5234,2,3000
2026-07-05,u2133,booking_completed,Direct,Varanasi,Weaving,CRB5234,2,3000
2026-07-05,u2134,page_view,Referral,Udaipur,Pottery,,,
2026-07-05,u2134,booking_started,Referral,Udaipur,Pottery,,,
2026-07-05,u2134,payment_success,Referral,Udaipur,Pottery,CRB5235,10,3000
2026-07-05,u2134,booking_completed,Referral,Udaipur,Pottery,CRB5235,10,3000
2026-07-05,u2135,page_view,Instagram,Bangalore,Warli Painting,,,
2026-07-05,u2135,experience_card_viewed,Instagram,Bangalore,Warli Painting,,,
2026-07-05,u2136,page_view,Google Search,Jaipur,Block Printing,,,
2026-07-05,u2137,page_view,Referral,Khurja,Weaving,,,
2026-07-05,u2138,page_view,Instagram,Jaipur,Weaving,,,
2026-07-05,u2138,experience_card_viewed,Instagram,Jaipur,Weaving,,,
2026-07-05,u2139,page_view,Instagram,Jaipur,Block Printing,,,
2026-07-05,u2139,experience_card_viewed,Instagram,Jaipur,Block Printing,,,
2026-07-05,u2140,page_view,Instagram,Udaipur,Weaving,,,
2026-07-05,u2141,page_view,Direct,Bangalore,Warli Painting,,,
2026-07-05,u2141,booking_started,Direct,Bangalore,Warli Painting,,,
2026-07-05,u2141,payment_success,Direct,Bangalore,Warli Painting,CRB5236,2,3000
2026-07-05,u2141,booking_completed,Direct,Bangalore,Warli Painting,CRB5236,2,3000
2026-07-05,u2142,page_view,Travel Blog,Jaipur,Pottery,,,
2026-07-05,u2143,page_view,Instagram,Jaipur,Block Printing,,,
2026-07-05,u2143,experience_card_viewed,Instagram,Jaipur,Block Printing,,,
2026-07-05,u2143,booking_started,Instagram,Jaipur,Block Printing,,,
2026-07-05,u2143,payment_success,Instagram,Jaipur,Block Printing,CRB5237,2,2000
2026-07-05,u2143,booking_completed,Instagram,Jaipur,Block Printing,CRB5237,2,2000
2026-07-05,u2143,review_submitted,Instagram,Jaipur,Block Printing,CRB5237,2,2000
2026-07-05,u2144,page_view,Travel Blog,Udaipur,Blue Pottery,,,
2026-07-05,u2145,page_view,Travel Blog,Khurja,Pottery,,,
2026-07-05,u2145,experience_card_viewed,Travel Blog,Khurja,Pottery,,,
2026-07-05,u2146,page_view,Travel Blog,Khurja,Warli Painting,,,
2026-07-05,u2146,booking_started,Travel Blog,Khurja,Warli Painting,,,
2026-07-05,u2146,payment_success,Travel Blog,Khurja,Warli Painting,CRB5238,12,1500
2026-07-05,u2146,booking_completed,Travel Blog,Khurja,Warli Painting,CRB5238,12,1500
2026-07-06,u2147,page_view,Referral,Bangalore,Weaving,,,
2026-07-06,u2147,experience_card_viewed,Referral,Bangalore,Weaving,,,
2026-07-06,u2147,booking_started,Referral,Bangalore,Weaving,,,
2026-07-06,u2147,payment_success,Referral,Bangalore,Weaving,CRB5239,6,2000
2026-07-06,u2147,booking_completed,Referral,Bangalore,Weaving,CRB5239,6,2000
2026-07-06,u2147,review_submitted,Referral,Bangalore,Weaving,CRB5239,6,2000
2026-07-06,u2148,page_view,Referral,Varanasi,Pottery,,,
2026-07-06,u2148,experience_card_viewed,Referral,Varanasi,Pottery,,,
2026-07-06,u2149,page_view,Instagram,Jaipur,Warli Painting,,,
2026-07-06,u2149,experience_card_viewed,Instagram,Jaipur,Warli Painting,,,
2026-07-06,u2150,page_view,Travel Blog,Udaipur,Warli Painting,,,
2026-07-06,u2150,experience_card_viewed,Travel Blog,Udaipur,Warli Painting,,,
2026-07-06,u2151,page_view,Referral,Udaipur,Blue Pottery,,,
2026-07-06,u2152,page_view,Google Search,Khurja,Warli Painting,,,
2026-07-06,u2153,page_view,Travel Blog,Khurja,Weaving,,,
2026-07-06,u2153,experience_card_viewed,Travel Blog,Khurja,Weaving,,,
2026-07-06,u2154,page_view,Direct,Udaipur,Blue Pottery,,,
2026-07-06,u2154,experience_card_viewed,Direct,Udaipur,Blue Pottery,,,
2026-07-06,u2155,page_view,Direct,Jaipur,Blue Pottery,,,
2026-07-06,u2156,page_view,Google Search,Jaipur,Warli Painting,,,
2026-07-06,u2157,page_view,Referral,Bangalore,Block Printing,,,
2026-07-06,u2157,booking_started,Referral,Bangalore,Block Printing,,,
2026-07-06,u2158,page_view,Direct,Bangalore,Block Printing,,,
2026-07-06,u2159,page_view,Travel Blog,Bangalore,Block Printing,,,
2026-07-06,u2159,experience_card_viewed,Travel Blog,Bangalore,Block Printing,,,
2026-07-06,u2160,page_view,Google Search,Jaipur,Weaving,,,
2026-07-06,u2160,booking_started,Google Search,Jaipur,Weaving,,,
2026-07-06,u2160,payment_success,Google Search,Jaipur,Weaving,CRB5240,12,1500
2026-07-06,u2160,booking_completed,Google Search,Jaipur,Weaving,CRB5240,12,1500
2026-07-06,u2161,page_view,Referral,Udaipur,Pottery,,,
2026-07-06,u2161,experience_card_viewed,Referral,Udaipur,Pottery,,,
2026-07-06,u2162,page_view,Referral,Udaipur,Weaving,,,
2026-07-06,u2162,experience_card_viewed,Referral,Udaipur,Weaving,,,
2026-07-06,u2163,page_view,Direct,Khurja,Weaving,,,
2026-07-06,u2163,experience_card_viewed,Direct,Khurja,Weaving,,,
2026-07-06,u2163,booking_started,Direct,Khurja,Weaving,,,
2026-07-06,u2163,payment_success,Direct,Khurja,Weaving,CRB5241,4,2200
2026-07-06,u2163,booking_completed,Direct,Khurja,Weaving,CRB5241,4,2200
2026-07-06,u2163,review_submitted,Direct,Khurja,Weaving,CRB5241,4,2200
2026-07-06,u2164,page_view,Instagram,Varanasi,Blue Pottery,,,
2026-07-06,u2164,experience_card_viewed,Instagram,Varanasi,Blue Pottery,,,
2026-07-06,u2164,booking_started,Instagram,Varanasi,Blue Pottery,,,
2026-07-06,u2165,page_view,Referral,Udaipur,Block Printing,,,
2026-07-06,u2165,experience_card_viewed,Referral,Udaipur,Block Printing,,,
2026-07-06,u2165,booking_started,Referral,Udaipur,Block Printing,,,
2026-07-06,u2165,payment_success,Referral,Udaipur,Block Printing,CRB5242,3,2200
2026-07-06,u2165,booking_completed,Referral,Udaipur,Block Printing,CRB5242,3,2200
2026-07-06,u2166,page_view,Travel Blog,Bangalore,Blue Pottery,,,
2026-07-06,u2166,experience_card_viewed,Travel Blog,Bangalore,Blue Pottery,,,
2026-07-06,u2166,booking_started,Travel Blog,Bangalore,Blue Pottery,,,
2026-07-06,u2166,payment_success,Travel Blog,Bangalore,Blue Pottery,CRB5243,1,2000
2026-07-06,u2166,booking_completed,Travel Blog,Bangalore,Blue Pottery,CRB5243,1,2000
2026-07-06,u2167,page_view,Direct,Udaipur,Blue Pottery,,,
2026-07-06,u2167,experience_card_viewed,Direct,Udaipur,Blue Pottery,,,
2026-07-06,u2168,page_view,Google Search,Khurja,Weaving,,,
2026-07-06,u2168,booking_started,Google Search,Khurja,Weaving,,,
2026-07-06,u2168,payment_success,Google Search,Khurja,Weaving,CRB5244,10,2500
2026-07-06,u2168,booking_completed,Google Search,Khurja,Weaving,CRB5244,10,2500
2026-07-06,u2168,review_submitted,Google Search,Khurja,Weaving,CRB5244,10,2500
2026-07-06,u2169,page_view,Google Search,Jaipur,Block Printing,,,
2026-07-06,u2170,page_view,Direct,Varanasi,Blue Pottery,,,
2026-07-06,u2171,page_view,Google Search,Bangalore,Warli Painting,,,
2026-07-06,u2171,experience_card_viewed,Google Search,Bangalore,Warli Painting,,,
2026-07-06,u2171,booking_started,Google Search,Bangalore,Warli Painting,,,
2026-07-06,u2171,payment_success,Google Search,Bangalore,Warli Painting,CRB5245,2,2000
2026-07-06,u2171,booking_completed,Google Search,Bangalore,Warli Painting,CRB5245,2,2000
2026-07-06,u2172,page_view,Google Search,Bangalore,Warli Painting,,,
2026-07-06,u2173,page_view,Referral,Varanasi,Blue Pottery,,,
2026-07-06,u2173,experience_card_viewed,Referral,Varanasi,Blue Pottery,,,
2026-07-06,u2174,page_view,Referral,Varanasi,Pottery,,,
2026-07-06,u2174,experience_card_viewed,Referral,Varanasi,Pottery,,,
2026-07-06,u2175,page_view,Instagram,Khurja,Block Printing,,,
2026-07-06,u2175,booking_started,Instagram,Khurja,Block Printing,,,
2026-07-06,u2175,payment_success,Instagram,Khurja,Block Printing,CRB5246,2,2200
2026-07-06,u2175,booking_completed,Instagram,Khurja,Block Printing,CRB5246,2,2200
2026-07-06,u2176,page_view,Instagram,Bangalore,Block Printing,,,
2026-07-06,u2177,page_view,Travel Blog,Jaipur,Weaving,,,
2026-07-06,u2178,page_view,Direct,Varanasi,Blue Pottery,,,
2026-07-06,u2178,experience_card_viewed,Direct,Varanasi,Blue Pottery,,,
2026-07-06,u2179,page_view,Instagram,Jaipur,Blue Pottery,,,
2026-07-06,u2179,experience_card_viewed,Instagram,Jaipur,Blue Pottery,,,
2026-07-06,u2179,booking_started,Instagram,Jaipur,Blue Pottery,,,
2026-07-06,u2179,payment_success,Instagram,Jaipur,Blue Pottery,CRB5247,1,3500
2026-07-06,u2179,booking_completed,Instagram,Jaipur,Blue Pottery,CRB5247,1,3500
2026-07-06,u2180,page_view,Google Search,Khurja,Blue Pottery,,,
2026-07-06,u2180,booking_started,Google Search,Khurja,Blue Pottery,,,
2026-07-06,u2180,payment_success,Google Search,Khurja,Blue Pottery,CRB5248,3,1500
2026-07-06,u2180,booking_completed,Google Search,Khurja,Blue Pottery,CRB5248,3,1500
2026-07-06,u2181,page_view,Direct,Khurja,Warli Painting,,,
2026-07-06,u2182,page_view,Google Search,Jaipur,Warli Painting,,,
2026-07-06,u2182,experience_card_viewed,Google Search,Jaipur,Warli Painting,,,
2026-07-06,u2182,booking_started,Google Search,Jaipur,Warli Painting,,,
2026-07-06,u2182,payment_success,Google Search,Jaipur,Warli Painting,CRB5249,3,2500
2026-07-06,u2182,booking_completed,Google Search,Jaipur,Warli Painting,CRB5249,3,2500
2026-07-06,u2182,review_submitted,Google Search,Jaipur,Warli Painting,CRB5249,3,2500
2026-07-06,u2183,page_view,Direct,Udaipur,Block Printing,,,
2026-07-06,u2184,page_view,Instagram,Varanasi,Blue Pottery,,,
2026-07-06,u2185,page_view,Instagram,Bangalore,Blue Pottery,,,
2026-07-06,u2185,experience_card_viewed,Instagram,Bangalore,Blue Pottery,,,
2026-07-06,u2186,page_view,Instagram,Khurja,Block Printing,,,
2026-07-06,u2186,experience_card_viewed,Instagram,Khurja,Block Printing,,,
2026-07-06,u2187,page_view,Travel Blog,Varanasi,Block Printing,,,
2026-07-06,u2187,experience_card_viewed,Travel Blog,Varanasi,Block Printing,,,
2026-07-06,u2188,page_view,Direct,Jaipur,Pottery,,,
2026-07-06,u2189,page_view,Instagram,Khurja,Pottery,,,
2026-07-06,u2189,experience_card_viewed,Instagram,Khurja,Pottery,,,
2026-07-06,u2190,page_view,Instagram,Jaipur,Blue Pottery,,,
2026-07-06,u2190,experience_card_viewed,Instagram,Jaipur,Blue Pottery,,,
2026-07-06,u2190,booking_started,Instagram,Jaipur,Blue Pottery,,,
2026-07-06,u2191,page_view,Referral,Varanasi,Pottery,,,
2026-07-06,u2191,experience_card_viewed,Referral,Varanasi,Pottery,,,
2026-07-06,u2191,booking_started,Referral,Varanasi,Pottery,,,
2026-07-06,u2191,payment_success,Referral,Varanasi,Pottery,CRB5250,1,3500
2026-07-06,u2191,booking_completed,Referral,Varanasi,Pottery,CRB5250,1,3500
2026-07-06,u2192,page_view,Travel Blog,Bangalore,Block Printing,,,
2026-07-06,u2192,experience_card_viewed,Travel Blog,Bangalore,Block Printing,,,
2026-07-06,u2192,booking_started,Travel Blog,Bangalore,Block Printing,,,
2026-07-06,u2192,payment_success,Travel Blog,Bangalore,Block Printing,CRB5251,6,3500
2026-07-06,u2192,booking_completed,Travel Blog,Bangalore,Block Printing,CRB5251,6,3500
2026-07-06,u2193,page_view,Direct,Udaipur,Block Printing,,,
2026-07-06,u2193,experience_card_viewed,Direct,Udaipur,Block Printing,,,
2026-07-06,u2193,booking_started,Direct,Udaipur,Block Printing,,,
2026-07-06,u2193,payment_success,Direct,Udaipur,Block Printing,CRB5252,10,2200
2026-07-06,u2193,booking_completed,Direct,Udaipur,Block Printing,CRB5252,10,2200
2026-07-06,u2194,page_view,Travel Blog,Udaipur,Blue Pottery,,,
2026-07-06,u2195,page_view,Referral,Jaipur,Blue Pottery,,,
2026-07-06,u2195,experience_card_viewed,Referral,Jaipur,Blue Pottery,,,
2026-07-06,u2196,page_view,Instagram,Jaipur,Block Printing,,,
2026-07-06,u2196,booking_started,Instagram,Jaipur,Block Printing,,,
2026-07-06,u2197,page_view,Google Search,Bangalore,Pottery,,,
2026-07-06,u2197,booking_started,Google Search,Bangalore,Pottery,,,
2026-07-06,u2197,payment_success,Google Search,Bangalore,Pottery,CRB5253,12,1800
2026-07-06,u2197,booking_completed,Google Search,Bangalore,Pottery,CRB5253,12,1800
2026-07-06,u2198,page_view,Referral,Varanasi,Warli Painting,,,
2026-07-06,u2199,page_view,Google Search,Udaipur,Weaving,,,
2026-07-06,u2200,page_view,Instagram,Bangalore,Warli Painting,,,
2026-07-06,u2200,booking_started,Instagram,Bangalore,Warli Painting,,,
2026-07-06,u2200,payment_success,Instagram,Bangalore,Warli Painting,CRB5254,1,2200
2026-07-06,u2200,booking_completed,Instagram,Bangalore,Warli Painting,CRB5254,1,2200
2026-07-06,u2201,page_view,Google Search,Udaipur,Blue Pottery,,,
2026-07-06,u2202,page_view,Direct,Bangalore,Weaving,,,
2026-07-06,u2203,page_view,Google Search,Jaipur,Blue Pottery,,,
2026-07-06,u2204,page_view,Travel Blog,Khurja,Block Printing,,,
2026-07-06,u2205,page_view,Travel Blog,Bangalore,Pottery,,,
2026-07-06,u2205,experience_card_viewed,Travel Blog,Bangalore,Pottery,,,
2026-07-06,u2206,page_view,Referral,Udaipur,Pottery,,,
2026-07-06,u2206,experience_card_viewed,Referral,Udaipur,Pottery,,,
2026-07-06,u2207,page_view,Instagram,Varanasi,Block Printing,,,
2026-07-06,u2207,experience_card_viewed,Instagram,Varanasi,Block Printing,,,
2026-07-06,u2207,booking_started,Instagram,Varanasi,Block Printing,,,
2026-07-06,u2207,payment_success,Instagram,Varanasi,Block Printing,CRB5255,4,2200
2026-07-06,u2207,booking_completed,Instagram,Varanasi,Block Printing,CRB5255,4,2200
2026-07-06,u2208,page_view,Google Search,Varanasi,Pottery,,,
2026-07-06,u2208,experience_card_viewed,Google Search,Varanasi,Pottery,,,
2026-07-06,u2208,booking_started,Google Search,Varanasi,Pottery,,,
2026-07-06,u2208,payment_success,Google Search,Varanasi,Pottery,CRB5256,3,1800
2026-07-06,u2208,booking_completed,Google Search,Varanasi,Pottery,CRB5256,3,1800
2026-07-06,u2208,review_submitted,Google Search,Varanasi,Pottery,CRB5256,3,1800
2026-07-06,u2209,page_view,Google Search,Udaipur,Block Printing,,,
2026-07-06,u2209,experience_card_viewed,Google Search,Udaipur,Block Printing,,,
2026-07-06,u2209,booking_started,Google Search,Udaipur,Block Printing,,,
2026-07-06,u2209,payment_success,Google Search,Udaipur,Block Printing,CRB5257,6,3500
2026-07-06,u2209,booking_completed,Google Search,Udaipur,Block Printing,CRB5257,6,3500
2026-07-06,u2209,review_submitted,Google Search,Udaipur,Block Printing,CRB5257,6,3500
2026-07-06,u2210,page_view,Instagram,Jaipur,Pottery,,,
2026-07-06,u2210,booking_started,Instagram,Jaipur,Pottery,,,
2026-07-06,u2210,payment_success,Instagram,Jaipur,Pottery,CRB5258,10,3000
2026-07-06,u2210,booking_completed,Instagram,Jaipur,Pottery,CRB5258,10,3000
2026-07-06,u2211,page_view,Direct,Khurja,Warli Painting,,,
2026-07-06,u2211,experience_card_viewed,Direct,Khurja,Warli Painting,,,
2026-07-06,u2211,booking_started,Direct,Khurja,Warli Painting,,,
2026-07-06,u2211,payment_success,Direct,Khurja,Warli Painting,CRB5259,4,3500
2026-07-06,u2211,booking_completed,Direct,Khurja,Warli Painting,CRB5259,4,3500
2026-07-06,u2212,page_view,Instagram,Udaipur,Warli Painting,,,
2026-07-06,u2212,experience_card_viewed,Instagram,Udaipur,Warli Painting,,,
2026-07-06,u2213,page_view,Direct,Varanasi,Blue Pottery,,,
2026-07-06,u2213,experience_card_viewed,Direct,Varanasi,Blue Pottery,,,
2026-07-06,u2213,booking_started,Direct,Varanasi,Blue Pottery,,,
2026-07-06,u2213,payment_success,Direct,Varanasi,Blue Pottery,CRB5260,12,3000
2026-07-06,u2214,page_view,Travel Blog,Bangalore,Block Printing,,,
2026-07-06,u2214,experience_card_viewed,Travel Blog,Bangalore,Block Printing,,,
2026-07-06,u2215,page_view,Travel Blog,Khurja,Blue Pottery,,,
2026-07-06,u2215,experience_card_viewed,Travel Blog,Khurja,Blue Pottery,,,
2026-07-06,u2216,page_view,Travel Blog,Bangalore,Pottery,,,
2026-07-06,u2217,page_view,Direct,Jaipur,Pottery,,,
2026-07-06,u2218,page_view,Direct,Varanasi,Pottery,,,
2026-07-06,u2219,page_view,Direct,Varanasi,Blue Pottery,,,
2026-07-06,u2219,experience_card_viewed,Direct,Varanasi,Blue Pottery,,,
2026-07-06,u2220,page_view,Referral,Udaipur,Weaving,,,
2026-07-06,u2220,experience_card_viewed,Referral,Udaipur,Weaving,,,
2026-07-06,u2220,booking_started,Referral,Udaipur,Weaving,,,
2026-07-06,u2220,payment_success,Referral,Udaipur,Weaving,CRB5261,4,3000
2026-07-06,u2220,booking_completed,Referral,Udaipur,Weaving,CRB5261,4,3000
2026-07-06,u2221,page_view,Google Search,Jaipur,Block Printing,,,
2026-07-06,u2221,experience_card_viewed,Google Search,Jaipur,Block Printing,,,
2026-07-06,u2221,booking_started,Google Search,Jaipur,Block Printing,,,
2026-07-06,u2221,payment_success,Google Search,Jaipur,Block Printing,CRB5262,3,3000
2026-07-06,u2221,booking_completed,Google Search,Jaipur,Block Printing,CRB5262,3,3000
2026-07-06,u2221,review_submitted,Google Search,Jaipur,Block Printing,CRB5262,3,3000
2026-07-06,u2222,page_view,Direct,Khurja,Warli Painting,,,
2026-07-06,u2222,booking_started,Direct,Khurja,Warli Painting,,,
2026-07-06,u2222,payment_success,Direct,Khurja,Warli Painting,CRB5263,6,3500
2026-07-06,u2223,page_view,Direct,Khurja,Blue Pottery,,,
2026-07-06,u2223,experience_card_viewed,Direct,Khurja,Blue Pottery,,,
2026-07-06,u2224,page_view,Google Search,Udaipur,Pottery,,,
2026-07-06,u2224,experience_card_viewed,Google Search,Udaipur,Pottery,,,
2026-07-06,u2225,page_view,Travel Blog,Udaipur,Weaving,,,
2026-07-06,u2226,page_view,Google Search,Udaipur,Blue Pottery,,,
2026-07-06,u2226,experience_card_viewed,Google Search,Udaipur,Blue Pottery,,,
2026-07-06,u2227,page_view,Direct,Jaipur,Weaving,,,
2026-07-06,u2227,experience_card_viewed,Direct,Jaipur,Weaving,,,
2026-07-06,u2228,page_view,Referral,Jaipur,Blue Pottery,,,
2026-07-06,u2229,page_view,Referral,Khurja,Blue Pottery,,,
2026-07-06,u2229,experience_card_viewed,Referral,Khurja,Blue Pottery,,,
2026-07-06,u2230,page_view,Direct,Varanasi,Weaving,,,
2026-07-06,u2231,page_view,Instagram,Khurja,Pottery,,,
2026-07-06,u2232,page_view,Direct,Bangalore,Warli Painting,,,
2026-07-06,u2233,page_view,Travel Blog,Khurja,Blue Pottery,,,
2026-07-06,u2233,experience_card_viewed,Travel Blog,Khurja,Blue Pottery,,,
2026-07-06,u2234,page_view,Travel Blog,Jaipur,Weaving,,,
2026-07-06,u2235,page_view,Referral,Jaipur,Pottery,,,
2026-07-06,u2235,experience_card_viewed,Referral,Jaipur,Pottery,,,
2026-07-06,u2236,page_view,Instagram,Bangalore,Blue Pottery,,,
2026-07-06,u2236,experience_card_viewed,Instagram,Bangalore,Blue Pottery,,,
2026-07-06,u2236,booking_started,Instagram,Bangalore,Blue Pottery,,,
2026-07-06,u2237,page_view,Travel Blog,Varanasi,Pottery,,,
2026-07-06,u2237,experience_card_viewed,Travel Blog,Varanasi,Pottery,,,
2026-07-06,u2238,page_view,Instagram,Udaipur,Block Printing,,,
2026-07-06,u2238,experience_card_viewed,Instagram,Udaipur,Block Printing,,,
2026-07-06,u2238,booking_started,Instagram,Udaipur,Block Printing,,,
2026-07-06,u2238,payment_success,Instagram,Udaipur,Block Printing,CRB5264,10,2200
2026-07-06,u2238,booking_completed,Instagram,Udaipur,Block Printing,CRB5264,10,2200
2026-07-06,u2238,review_submitted,Instagram,Udaipur,Block Printing,CRB5264,10,2200
2026-07-06,u2239,page_view,Google Search,Khurja,Pottery,,,
2026-07-06,u2239,experience_card_viewed,Google Search,Khurja,Pottery,,,
2026-07-06,u2240,page_view,Travel Blog,Khurja,Warli Painting,,,
2026-07-06,u2241,page_view,Google Search,Bangalore,Blue Pottery,,,
2026-07-06,u2241,experience_card_viewed,Google Search,Bangalore,Blue Pottery,,,
2026-07-06,u2241,booking_started,Google Search,Bangalore,Blue Pottery,,,
2026-07-06,u2241,payment_success,Google Search,Bangalore,Blue Pottery,CRB5265,2,3500
2026-07-06,u2241,booking_completed,Google Search,Bangalore,Blue Pottery,CRB5265,2,3500
2026-07-06,u2242,page_view,Travel Blog,Bangalore,Block Printing,,,
2026-07-06,u2243,page_view,Travel Blog,Varanasi,Weaving,,,
2026-07-06,u2243,experience_card_viewed,Travel Blog,Varanasi,Weaving,,,
2026-07-06,u2244,page_view,Google Search,Udaipur,Pottery,,,
2026-07-06,u2244,experience_card_viewed,Google Search,Udaipur,Pottery,,,
2026-07-06,u2245,page_view,Travel Blog,Udaipur,Blue Pottery,,,
2026-07-06,u2245,booking_started,Travel Blog,Udaipur,Blue Pottery,,,
2026-07-06,u2245,payment_success,Travel Blog,Udaipur,Blue Pottery,CRB5266,10,3000
2026-07-06,u2246,page_view,Direct,Varanasi,Block Printing,,,
2026-07-06,u2247,page_view,Google Search,Udaipur,Blue Pottery,,,
2026-07-06,u2248,page_view,Referral,Jaipur,Block Printing,,,
2026-07-06,u2248,experience_card_viewed,Referral,Jaipur,Block Printing,,,
2026-07-06,u2249,page_view,Travel Blog,Udaipur,Pottery,,,
2026-07-06,u2249,experience_card_viewed,Travel Blog,Udaipur,Pottery,,,
2026-07-06,u2250,page_view,Travel Blog,Jaipur,Block Printing,,,
2026-07-06,u2251,page_view,Travel Blog,Udaipur,Weaving,,,
2026-07-06,u2252,page_view,Travel Blog,Jaipur,Block Printing,,,
2026-07-06,u2252,experience_card_viewed,Travel Blog,Jaipur,Block Printing,,,
2026-07-06,u2253,page_view,Google Search,Varanasi,Blue Pottery,,,
2026-07-06,u2253,experience_card_viewed,Google Search,Varanasi,Blue Pottery,,,
2026-07-06,u2253,booking_started,Google Search,Varanasi,Blue Pottery,,,
2026-07-06,u2253,payment_success,Google Search,Varanasi,Blue Pottery,CRB5267,3,3000
2026-07-06,u2254,page_view,Google Search,Khurja,Block Printing,,,
2026-07-06,u2254,booking_started,Google Search,Khurja,Block Printing,,,
2026-07-06,u2254,payment_success,Google Search,Khurja,Block Printing,CRB5268,10,1800
2026-07-06,u2254,booking_completed,Google Search,Khurja,Block Printing,CRB5268,10,1800
2026-07-06,u2255,page_view,Google Search,Khurja,Block Printing,,,
2026-07-06,u2256,page_view,Travel Blog,Jaipur,Warli Painting,,,
2026-07-06,u2257,page_view,Instagram,Udaipur,Weaving,,,
2026-07-06,u2257,experience_card_viewed,Instagram,Udaipur,Weaving,,,
2026-07-06,u2258,page_view,Instagram,Udaipur,Pottery,,,
2026-07-06,u2259,page_view,Google Search,Khurja,Block Printing,,,
2026-07-06,u2259,experience_card_viewed,Google Search,Khurja,Block Printing,,,
2026-07-06,u2259,booking_started,Google Search,Khurja,Block Printing,,,
2026-07-06,u2259,payment_success,Google Search,Khurja,Block Printing,CRB5269,3,3000
2026-07-06,u2259,booking_completed,Google Search,Khurja,Block Printing,CRB5269,3,3000
2026-07-06,u2259,review_submitted,Google Search,Khurja,Block Printing,CRB5269,3,3000
2026-07-06,u2260,page_view,Travel Blog,Bangalore,Block Printing,,,
2026-07-06,u2261,page_view,Google Search,Bangalore,Pottery,,,
2026-07-06,u2262,page_view,Travel Blog,Jaipur,Pottery,,,
2026-07-06,u2262,experience_card_viewed,Travel Blog,Jaipur,Pottery,,,
2026-07-06,u2263,page_view,Google Search,Jaipur,Blue Pottery,,,
2026-07-06,u2263,booking_started,Google Search,Jaipur,Blue Pottery,,,
2026-07-06,u2263,payment_success,Google Search,Jaipur,Blue Pottery,CRB5270,3,1500
2026-07-06,u2263,booking_completed,Google Search,Jaipur,Blue Pottery,CRB5270,3,1500
2026-07-06,u2263,review_submitted,Google Search,Jaipur,Blue Pottery,CRB5270,3,1500
2026-07-06,u2264,page_view,Travel Blog,Varanasi,Warli Painting,,,
2026-07-06,u2264,experience_card_viewed,Travel Blog,Varanasi,Warli Painting,,,
2026-07-06,u2265,page_view,Direct,Bangalore,Pottery,,,
2026-07-06,u2265,experience_card_viewed,Direct,Bangalore,Pottery,,,
2026-07-06,u2265,booking_started,Direct,Bangalore,Pottery,,,
2026-07-06,u2265,payment_success,Direct,Bangalore,Pottery,CRB5271,10,3000
2026-07-06,u2266,page_view,Referral,Udaipur,Block Printing,,,
2026-07-06,u2266,experience_card_viewed,Referral,Udaipur,Block Printing,,,
2026-07-06,u2267,page_view,Direct,Udaipur,Blue Pottery,,,
2026-07-06,u2267,experience_card_viewed,Direct,Udaipur,Blue Pottery,,,
2026-07-06,u2268,page_view,Direct,Bangalore,Block Printing,,,
2026-07-06,u2268,experience_card_viewed,Direct,Bangalore,Block Printing,,,
2026-07-06,u2269,page_view,Instagram,Varanasi,Pottery,,,
2026-07-06,u2270,page_view,Direct,Jaipur,Block Printing,,,
2026-07-06,u2270,experience_card_viewed,Direct,Jaipur,Block Printing,,,
2026-07-06,u2271,page_view,Google Search,Khurja,Blue Pottery,,,
2026-07-06,u2271,experience_card_viewed,Google Search,Khurja,Blue Pottery,,,
2026-07-06,u2271,booking_started,Google Search,Khurja,Blue Pottery,,,
2026-07-06,u2272,page_view,Direct,Udaipur,Weaving,,,
2026-07-06,u2272,experience_card_viewed,Direct,Udaipur,Weaving,,,
2026-07-06,u2273,page_view,Instagram,Bangalore,Blue Pottery,,,
2026-07-06,u2274,page_view,Instagram,Khurja,Weaving,,,
2026-07-06,u2274,experience_card_viewed,Instagram,Khurja,Weaving,,,
2026-07-06,u2274,booking_started,Instagram,Khurja,Weaving,,,
2026-07-06,u2274,payment_success,Instagram,Khurja,Weaving,CRB5272,3,3500
2026-07-06,u2274,booking_completed,Instagram,Khurja,Weaving,CRB5272,3,3500
2026-07-06,u2275,page_view,Travel Blog,Jaipur,Block Printing,,,
2026-07-06,u2275,booking_started,Travel Blog,Jaipur,Block Printing,,,
2026-07-06,u2275,payment_success,Travel Blog,Jaipur,Block Printing,CRB5273,2,1800
2026-07-06,u2275,booking_completed,Travel Blog,Jaipur,Block Printing,CRB5273,2,1800
2026-07-06,u2275,review_submitted,Travel Blog,Jaipur,Block Printing,CRB5273,2,1800
2026-07-06,u2276,page_view,Instagram,Udaipur,Blue Pottery,,,
2026-07-06,u2276,experience_card_viewed,Instagram,Udaipur,Blue Pottery,,,
2026-07-06,u2277,page_view,Google Search,Udaipur,Pottery,,,
2026-07-06,u2278,page_view,Direct,Udaipur,Pottery,,,
2026-07-06,u2278,experience_card_viewed,Direct,Udaipur,Pottery,,,
2026-07-06,u2279,page_view,Instagram,Varanasi,Blue Pottery,,,
2026-07-06,u2279,experience_card_viewed,Instagram,Varanasi,Blue Pottery,,,
2026-07-06,u2280,page_view,Travel Blog,Bangalore,Warli Painting,,,
2026-07-06,u2281,page_view,Travel Blog,Jaipur,Blue Pottery,,,
2026-07-06,u2281,experience_card_viewed,Travel Blog,Jaipur,Blue Pottery,,,
2026-07-06,u2281,booking_started,Travel Blog,Jaipur,Blue Pottery,,,
2026-07-06,u2282,page_view,Referral,Bangalore,Warli Painting,,,
2026-07-06,u2282,experience_card_viewed,Referral,Bangalore,Warli Painting,,,
2026-07-06,u2283,page_view,Referral,Udaipur,Blue Pottery,,,
2026-07-06,u2283,experience_card_viewed,Referral,Udaipur,Blue Pottery,,,
2026-07-06,u2284,page_view,Direct,Bangalore,Blue Pottery,,,
2026-07-06,u2284,experience_card_viewed,Direct,Bangalore,Blue Pottery,,,
2026-07-06,u2284,booking_started,Direct,Bangalore,Blue Pottery,,,
2026-07-06,u2284,payment_success,Direct,Bangalore,Blue Pottery,CRB5274,2,1800
2026-07-06,u2284,booking_completed,Direct,Bangalore,Blue Pottery,CRB5274,2,1800
2026-07-06,u2285,page_view,Travel Blog,Udaipur,Weaving,,,
2026-07-06,u2285,experience_card_viewed,Travel Blog,Udaipur,Weaving,,,
2026-07-06,u2286,page_view,Direct,Jaipur,Blue Pottery,,,
2026-07-06,u2287,page_view,Instagram,Udaipur,Warli Painting,,,
2026-07-06,u2287,experience_card_viewed,Instagram,Udaipur,Warli Painting,,,
2026-07-06,u2288,page_view,Referral,Varanasi,Warli Painting,,,
2026-07-06,u2289,page_view,Referral,Jaipur,Blue Pottery,,,
2026-07-06,u2290,page_view,Google Search,Udaipur,Block Printing,,,
2026-07-06,u2291,page_view,Instagram,Khurja,Weaving,,,
2026-07-06,u2292,page_view,Google Search,Varanasi,Pottery,,,
2026-07-06,u2293,page_view,Google Search,Jaipur,Block Printing,,,
2026-07-06,u2294,page_view,Travel Blog,Udaipur,Warli Painting,,,
2026-07-06,u2294,booking_started,Travel Blog,Udaipur,Warli Painting,,,
2026-07-06,u2295,page_view,Travel Blog,Khurja,Blue Pottery,,,
2026-07-06,u2295,experience_card_viewed,Travel Blog,Khurja,Blue Pottery,,,
2026-07-06,u2296,page_view,Direct,Udaipur,Warli Painting,,,
2026-07-06,u2296,experience_card_viewed,Direct,Udaipur,Warli Painting,,,
2026-07-06,u2297,page_view,Instagram,Jaipur,Warli Painting,,,
2026-07-06,u2298,page_view,Google Search,Varanasi,Pottery,,,
2026-07-06,u2299,page_view,Referral,Jaipur,Pottery,,,
2026-07-06,u2299,booking_started,Referral,Jaipur,Pottery,,,
2026-07-06,u2299,payment_success,Referral,Jaipur,Pottery,CRB5275,10,2500
2026-07-06,u2299,booking_completed,Referral,Jaipur,Pottery,CRB5275,10,2500
2026-07-06,u2299,review_submitted,Referral,Jaipur,Pottery,CRB5275,10,2500
2026-07-06,u2300,page_view,Google Search,Khurja,Blue Pottery,,,
2026-07-06,u2300,experience_card_viewed,Google Search,Khurja,Blue Pottery,,,
2026-07-06,u2301,page_view,Travel Blog,Bangalore,Pottery,,,
2026-07-06,u2301,experience_card_viewed,Travel Blog,Bangalore,Pottery,,,
2026-07-06,u2301,booking_started,Travel Blog,Bangalore,Pottery,,,
2026-07-06,u2301,payment_success,Travel Blog,Bangalore,Pottery,CRB5276,3,2000
2026-07-06,u2302,page_view,Direct,Jaipur,Pottery,,,
2026-07-06,u2302,experience_card_viewed,Direct,Jaipur,Pottery,,,
2026-07-06,u2302,booking_started,Direct,Jaipur,Pottery,,,
2026-07-06,u2302,payment_success,Direct,Jaipur,Pottery,CRB5277,2,2000
2026-07-06,u2302,booking_completed,Direct,Jaipur,Pottery,CRB5277,2,2000
2026-07-06,u2302,review_submitted,Direct,Jaipur,Pottery,CRB5277,2,2000
2026-07-06,u2303,page_view,Referral,Jaipur,Warli Painting,,,
2026-07-06,u2303,booking_started,Referral,Jaipur,Warli Painting,,,
2026-07-06,u2303,payment_success,Referral,Jaipur,Warli Painting,CRB5278,1,2200
2026-07-06,u2303,booking_completed,Referral,Jaipur,Warli Painting,CRB5278,1,2200
2026-07-06,u2304,page_view,Direct,Udaipur,Weaving,,,
2026-07-06,u2304,experience_card_viewed,Direct,Udaipur,Weaving,,,
2026-07-06,u2305,page_view,Referral,Khurja,Weaving,,,
2026-07-06,u2306,page_view,Instagram,Varanasi,Weaving,,,
2026-07-06,u2306,booking_started,Instagram,Varanasi,Weaving,,,
2026-07-06,u2307,page_view,Travel Blog,Khurja,Block Printing,,,
2026-07-06,u2308,page_view,Referral,Khurja,Weaving,,,
2026-07-06,u2308,experience_card_viewed,Referral,Khurja,Weaving,,,
2026-07-06,u2309,page_view,Travel Blog,Bangalore,Blue Pottery,,,
2026-07-06,u2309,booking_started,Travel Blog,Bangalore,Blue Pottery,,,
2026-07-06,u2309,payment_success,Travel Blog,Bangalore,Blue Pottery,CRB5279,6,1500
2026-07-06,u2309,booking_completed,Travel Blog,Bangalore,Blue Pottery,CRB5279,6,1500
2026-07-06,u2310,page_view,Direct,Udaipur,Blue Pottery,,,
2026-07-06,u2311,page_view,Referral,Udaipur,Blue Pottery,,,
2026-07-06,u2312,page_view,Instagram,Udaipur,Weaving,,,
2026-07-06,u2313,page_view,Direct,Bangalore,Warli Painting,,,
2026-07-06,u2313,experience_card_viewed,Direct,Bangalore,Warli Painting,,,
2026-07-06,u2314,page_view,Instagram,Varanasi,Warli Painting,,,
2026-07-06,u2315,page_view,Travel Blog,Jaipur,Blue Pottery,,,
2026-07-06,u2315,booking_started,Travel Blog,Jaipur,Blue Pottery,,,
2026-07-06,u2315,payment_success,Travel Blog,Jaipur,Blue Pottery,CRB5280,2,1500
2026-07-06,u2315,booking_completed,Travel Blog,Jaipur,Blue Pottery,CRB5280,2,1500
2026-07-06,u2316,page_view,Google Search,Varanasi,Blue Pottery,,,
2026-07-06,u2317,page_view,Google Search,Bangalore,Blue Pottery,,,
2026-07-06,u2317,experience_card_viewed,Google Search,Bangalore,Blue Pottery,,,
2026-07-06,u2318,page_view,Google Search,Bangalore,Warli Painting,,,
2026-07-06,u2318,experience_card_viewed,Google Search,Bangalore,Warli Painting,,,
2026-07-06,u2319,page_view,Travel Blog,Bangalore,Blue Pottery,,,
2026-07-06,u2319,booking_started,Travel Blog,Bangalore,Blue Pottery,,,
2026-07-06,u2319,payment_success,Travel Blog,Bangalore,Blue Pottery,CRB5281,2,1500
2026-07-06,u2319,booking_completed,Travel Blog,Bangalore,Blue Pottery,CRB5281,2,1500
2026-07-06,u2320,page_view,Referral,Udaipur,Warli Painting,,,
2026-07-06,u2321,page_view,Direct,Bangalore,Pottery,,,
2026-07-06,u2322,page_view,Referral,Varanasi,Pottery,,,
2026-07-06,u2322,experience_card_viewed,Referral,Varanasi,Pottery,,,
2026-07-06,u2323,page_view,Google Search,Jaipur,Blue Pottery,,,
2026-07-06,u2323,experience_card_viewed,Google Search,Jaipur,Blue Pottery,,,
2026-07-06,u2324,page_view,Referral,Khurja,Weaving,,,
2026-07-06,u2325,page_view,Travel Blog,Khurja,Warli Painting,,,
2026-07-06,u2325,experience_card_viewed,Travel Blog,Khurja,Warli Painting,,,
2026-07-06,u2326,page_view,Instagram,Bangalore,Weaving,,,
2026-07-06,u2326,experience_card_viewed,Instagram,Bangalore,Weaving,,,
2026-07-06,u2327,page_view,Instagram,Varanasi,Warli Painting,,,
2026-07-06,u2327,experience_card_viewed,Instagram,Varanasi,Warli Painting,,,
2026-07-06,u2328,page_view,Travel Blog,Varanasi,Blue Pottery,,,
2026-07-06,u2328,experience_card_viewed,Travel Blog,Varanasi,Blue Pottery,,,
2026-07-06,u2329,page_view,Google Search,Khurja,Pottery,,,
2026-07-06,u2329,booking_started,Google Search,Khurja,Pottery,,,
2026-07-06,u2330,page_view,Google Search,Udaipur,Blue Pottery,,,
2026-07-06,u2330,experience_card_viewed,Google Search,Udaipur,Blue Pottery,,,
2026-07-06,u2331,page_view,Google Search,Jaipur,Warli Painting,,,
2026-07-06,u2331,experience_card_viewed,Google Search,Jaipur,Warli Painting,,,
2026-07-06,u2332,page_view,Travel Blog,Varanasi,Blue Pottery,,,
2026-07-06,u2332,experience_card_viewed,Travel Blog,Varanasi,Blue Pottery,,,
2026-07-06,u2333,page_view,Referral,Varanasi,Pottery,,,
2026-07-06,u2334,page_view,Instagram,Khurja,Weaving,,,
2026-07-06,u2335,page_view,Instagram,Varanasi,Blue Pottery,,,
2026-07-06,u2336,page_view,Travel Blog,Udaipur,Weaving,,,
2026-07-06,u2336,booking_started,Travel Blog,Udaipur,Weaving,,,
2026-07-06,u2337,page_view,Google Search,Jaipur,Weaving,,,
2026-07-06,u2338,page_view,Google Search,Udaipur,Blue Pottery,,,
2026-07-06,u2338,booking_started,Google Search,Udaipur,Blue Pottery,,,
2026-07-06,u2338,payment_success,Google Search,Udaipur,Blue Pottery,CRB5282,6,2200
2026-07-06,u2338,booking_completed,Google Search,Udaipur,Blue Pottery,CRB5282,6,2200
2026-07-06,u2338,review_submitted,Google Search,Udaipur,Blue Pottery,CRB5282,6,2200
2026-07-06,u2339,page_view,Travel Blog,Khurja,Block Printing,,,
2026-07-06,u2339,experience_card_viewed,Travel Blog,Khurja,Block Printing,,,
2026-07-06,u2340,page_view,Referral,Bangalore,Pottery,,,
2026-07-06,u2341,page_view,Instagram,Udaipur,Blue Pottery,,,
2026-07-06,u2341,experience_card_viewed,Instagram,Udaipur,Blue Pottery,,,
2026-07-06,u2342,page_view,Referral,Jaipur,Block Printing,,,
2026-07-06,u2342,experience_card_viewed,Referral,Jaipur,Block Printing,,,
2026-07-06,u2342,booking_started,Referral,Jaipur,Block Printing,,,
2026-07-06,u2342,payment_success,Referral,Jaipur,Block Printing,CRB5283,3,1500
2026-07-06,u2342,booking_completed,Referral,Jaipur,Block Printing,CRB5283,3,1500
2026-07-06,u2343,page_view,Travel Blog,Udaipur,Weaving,,,
2026-07-06,u2343,booking_started,Travel Blog,Udaipur,Weaving,,,
2026-07-06,u2343,payment_success,Travel Blog,Udaipur,Weaving,CRB5284,2,2200
2026-07-06,u2343,booking_completed,Travel Blog,Udaipur,Weaving,CRB5284,2,2200
2026-07-06,u2343,review_submitted,Travel Blog,Udaipur,Weaving,CRB5284,2,2200
2026-07-06,u2344,page_view,Direct,Bangalore,Warli Painting,,,
2026-07-06,u2345,page_view,Instagram,Khurja,Block Printing,,,
2026-07-06,u2345,experience_card_viewed,Instagram,Khurja,Block Printing,,,
2026-07-06,u2346,page_view,Google Search,Jaipur,Warli Painting,,,
2026-07-06,u2346,experience_card_viewed,Google Search,Jaipur,Warli Painting,,,
2026-07-06,u2347,page_view,Instagram,Khurja,Warli Painting,,,
2026-07-06,u2347,experience_card_viewed,Instagram,Khurja,Warli Painting,,,
2026-07-06,u2347,booking_started,Instagram,Khurja,Warli Painting,,,
2026-07-06,u2347,payment_success,Instagram,Khurja,Warli Painting,CRB5285,1,1500
2026-07-06,u2348,page_view,Direct,Khurja,Blue Pottery,,,
2026-07-06,u2349,page_view,Google Search,Varanasi,Block Printing,,,
2026-07-06,u2350,page_view,Referral,Bangalore,Blue Pottery,,,
2026-07-06,u2350,experience_card_viewed,Referral,Bangalore,Blue Pottery,,,
2026-07-06,u2351,page_view,Referral,Bangalore,Weaving,,,
2026-07-06,u2352,page_view,Instagram,Jaipur,Pottery,,,
2026-07-06,u2352,experience_card_viewed,Instagram,Jaipur,Pottery,,,
2026-07-06,u2352,booking_started,Instagram,Jaipur,Pottery,,,
2026-07-06,u2353,page_view,Google Search,Khurja,Warli Painting,,,
2026-07-06,u2354,page_view,Referral,Khurja,Warli Painting,,,
2026-07-06,u2354,experience_card_viewed,Referral,Khurja,Warli Painting,,,
2026-07-06,u2355,page_view,Referral,Udaipur,Pottery,,,
2026-07-06,u2355,experience_card_viewed,Referral,Udaipur,Pottery,,,
2026-07-06,u2355,booking_started,Referral,Udaipur,Pottery,,,
2026-07-06,u2355,payment_success,Referral,Udaipur,Pottery,CRB5286,10,3000
2026-07-06,u2355,booking_completed,Referral,Udaipur,Pottery,CRB5286,10,3000
2026-07-06,u2355,review_submitted,Referral,Udaipur,Pottery,CRB5286,10,3000
2026-07-06,u2356,page_view,Referral,Bangalore,Warli Painting,,,
2026-07-07,u2357,page_view,Referral,Udaipur,Blue Pottery,,,
2026-07-07,u2357,experience_card_viewed,Referral,Udaipur,Blue Pottery,,,
2026-07-07,u2358,page_view,Instagram,Varanasi,Block Printing,,,
2026-07-07,u2359,page_view,Travel Blog,Jaipur,Weaving,,,
2026-07-07,u2360,page_view,Referral,Varanasi,Pottery,,,
2026-07-07,u2360,booking_started,Referral,Varanasi,Pottery,,,
2026-07-07,u2360,payment_success,Referral,Varanasi,Pottery,CRB5287,10,1800
2026-07-07,u2360,booking_completed,Referral,Varanasi,Pottery,CRB5287,10,1800
2026-07-07,u2360,review_submitted,Referral,Varanasi,Pottery,CRB5287,10,1800
2026-07-07,u2361,page_view,Travel Blog,Jaipur,Warli Painting,,,
2026-07-07,u2361,experience_card_viewed,Travel Blog,Jaipur,Warli Painting,,,
2026-07-07,u2362,page_view,Referral,Bangalore,Weaving,,,
2026-07-07,u2363,page_view,Google Search,Varanasi,Blue Pottery,,,
2026-07-07,u2363,experience_card_viewed,Google Search,Varanasi,Blue Pottery,,,
2026-07-07,u2364,page_view,Direct,Bangalore,Warli Painting,,,
2026-07-07,u2365,page_view,Direct,Khurja,Weaving,,,
2026-07-07,u2365,experience_card_viewed,Direct,Khurja,Weaving,,,
2026-07-07,u2366,page_view,Google Search,Khurja,Pottery,,,
2026-07-07,u2366,experience_card_viewed,Google Search,Khurja,Pottery,,,
2026-07-07,u2367,page_view,Instagram,Varanasi,Pottery,,,
2026-07-07,u2368,page_view,Travel Blog,Khurja,Blue Pottery,,,
2026-07-07,u2369,page_view,Direct,Varanasi,Weaving,,,
2026-07-07,u2370,page_view,Google Search,Varanasi,Block Printing,,,
2026-07-07,u2371,page_view,Referral,Jaipur,Block Printing,,,
2026-07-07,u2371,experience_card_viewed,Referral,Jaipur,Block Printing,,,
2026-07-07,u2371,booking_started,Referral,Jaipur,Block Printing,,,
2026-07-07,u2371,payment_success,Referral,Jaipur,Block Printing,CRB5288,1,1500
2026-07-07,u2371,booking_completed,Referral,Jaipur,Block Printing,CRB5288,1,1500
2026-07-07,u2372,page_view,Direct,Khurja,Blue Pottery,,,
2026-07-07,u2372,experience_card_viewed,Direct,Khurja,Blue Pottery,,,
2026-07-07,u2373,page_view,Direct,Jaipur,Blue Pottery,,,
2026-07-07,u2373,experience_card_viewed,Direct,Jaipur,Blue Pottery,,,
2026-07-07,u2373,booking_started,Direct,Jaipur,Blue Pottery,,,
2026-07-07,u2374,page_view,Instagram,Udaipur,Warli Painting,,,
2026-07-07,u2374,booking_started,Instagram,Udaipur,Warli Painting,,,
2026-07-07,u2374,payment_success,Instagram,Udaipur,Warli Painting,CRB5289,1,2500
2026-07-07,u2374,booking_completed,Instagram,Udaipur,Warli Painting,CRB5289,1,2500
2026-07-07,u2374,review_submitted,Instagram,Udaipur,Warli Painting,CRB5289,1,2500
2026-07-07,u2375,page_view,Instagram,Varanasi,Pottery,,,
2026-07-07,u2375,experience_card_viewed,Instagram,Varanasi,Pottery,,,
2026-07-07,u2376,page_view,Travel Blog,Udaipur,Blue Pottery,,,
2026-07-07,u2376,experience_card_viewed,Travel Blog,Udaipur,Blue Pottery,,,
2026-07-07,u2377,page_view,Referral,Khurja,Warli Painting,,,
2026-07-07,u2378,page_view,Referral,Varanasi,Blue Pottery,,,
2026-07-07,u2378,experience_card_viewed,Referral,Varanasi,Blue Pottery,,,
2026-07-07,u2378,booking_started,Referral,Varanasi,Blue Pottery,,,
2026-07-07,u2378,payment_success,Referral,Varanasi,Blue Pottery,CRB5290,10,1800
2026-07-07,u2379,page_view,Direct,Udaipur,Block Printing,,,
2026-07-07,u2379,experience_card_viewed,Direct,Udaipur,Block Printing,,,
2026-07-07,u2380,page_view,Referral,Varanasi,Weaving,,,
2026-07-07,u2380,experience_card_viewed,Referral,Varanasi,Weaving,,,
2026-07-07,u2381,page_view,Google Search,Udaipur,Weaving,,,
2026-07-07,u2381,experience_card_viewed,Google Search,Udaipur,Weaving,,,
2026-07-07,u2382,page_view,Google Search,Jaipur,Warli Painting,,,
2026-07-07,u2382,experience_card_viewed,Google Search,Jaipur,Warli Painting,,,
2026-07-07,u2382,booking_started,Google Search,Jaipur,Warli Painting,,,
2026-07-07,u2382,payment_success,Google Search,Jaipur,Warli Painting,CRB5291,12,1500
2026-07-07,u2382,booking_completed,Google Search,Jaipur,Warli Painting,CRB5291,12,1500
2026-07-07,u2383,page_view,Referral,Udaipur,Pottery,,,
2026-07-07,u2383,booking_started,Referral,Udaipur,Pottery,,,
2026-07-07,u2384,page_view,Travel Blog,Khurja,Pottery,,,
2026-07-07,u2384,experience_card_viewed,Travel Blog,Khurja,Pottery,,,
2026-07-07,u2385,page_view,Referral,Khurja,Block Printing,,,
2026-07-07,u2385,experience_card_viewed,Referral,Khurja,Block Printing,,,
2026-07-07,u2385,booking_started,Referral,Khurja,Block Printing,,,
2026-07-07,u2385,payment_success,Referral,Khurja,Block Printing,CRB5292,6,1500
2026-07-07,u2385,booking_completed,Referral,Khurja,Block Printing,CRB5292,6,1500
2026-07-07,u2385,review_submitted,Referral,Khurja,Block Printing,CRB5292,6,1500
2026-07-07,u2386,page_view,Travel Blog,Bangalore,Blue Pottery,,,
2026-07-07,u2387,page_view,Referral,Udaipur,Warli Painting,,,
2026-07-07,u2388,page_view,Travel Blog,Khurja,Block Printing,,,
2026-07-07,u2389,page_view,Google Search,Khurja,Weaving,,,
2026-07-07,u2389,experience_card_viewed,Google Search,Khurja,Weaving,,,
2026-07-07,u2390,page_view,Google Search,Jaipur,Weaving,,,
2026-07-07,u2390,experience_card_viewed,Google Search,Jaipur,Weaving,,,
2026-07-07,u2391,page_view,Instagram,Udaipur,Blue Pottery,,,
2026-07-07,u2391,experience_card_viewed,Instagram,Udaipur,Blue Pottery,,,
2026-07-07,u2392,page_view,Travel Blog,Khurja,Warli Painting,,,
2026-07-07,u2392,experience_card_viewed,Travel Blog,Khurja,Warli Painting,,,
2026-07-07,u2393,page_view,Google Search,Varanasi,Block Printing,,,
2026-07-07,u2394,page_view,Google Search,Udaipur,Pottery,,,
2026-07-07,u2394,experience_card_viewed,Google Search,Udaipur,Pottery,,,
2026-07-07,u2395,page_view,Instagram,Bangalore,Warli Painting,,,
2026-07-07,u2395,experience_card_viewed,Instagram,Bangalore,Warli Painting,,,
2026-07-07,u2396,page_view,Direct,Khurja,Pottery,,,
2026-07-07,u2396,experience_card_viewed,Direct,Khurja,Pottery,,,
2026-07-07,u2397,page_view,Referral,Khurja,Pottery,,,
2026-07-07,u2397,experience_card_viewed,Referral,Khurja,Pottery,,,
2026-07-07,u2398,page_view,Instagram,Jaipur,Blue Pottery,,,
2026-07-07,u2398,experience_card_viewed,Instagram,Jaipur,Blue Pottery,,,
2026-07-07,u2399,page_view,Google Search,Khurja,Weaving,,,
2026-07-07,u2399,experience_card_viewed,Google Search,Khurja,Weaving,,,
2026-07-07,u2399,booking_started,Google Search,Khurja,Weaving,,,
2026-07-07,u2399,payment_success,Google Search,Khurja,Weaving,CRB5293,1,2000
2026-07-07,u2399,booking_completed,Google Search,Khurja,Weaving,CRB5293,1,2000
2026-07-07,u2399,review_submitted,Google Search,Khurja,Weaving,CRB5293,1,2000
2026-07-07,u2400,page_view,Instagram,Khurja,Block Printing,,,
2026-07-07,u2400,experience_card_viewed,Instagram,Khurja,Block Printing,,,
2026-07-07,u2401,page_view,Referral,Khurja,Weaving,,,
2026-07-07,u2401,experience_card_viewed,Referral,Khurja,Weaving,,,
2026-07-07,u2402,page_view,Instagram,Udaipur,Pottery,,,
2026-07-07,u2402,experience_card_viewed,Instagram,Udaipur,Pottery,,,
2026-07-07,u2403,page_view,Referral,Varanasi,Block Printing,,,
2026-07-07,u2403,experience_card_viewed,Referral,Varanasi,Block Printing,,,
2026-07-07,u2403,booking_started,Referral,Varanasi,Block Printing,,,
2026-07-07,u2403,payment_success,Referral,Varanasi,Block Printing,CRB5294,2,2000
2026-07-07,u2403,booking_completed,Referral,Varanasi,Block Printing,CRB5294,2,2000
2026-07-07,u2404,page_view,Referral,Khurja,Warli Painting,,,
2026-07-07,u2404,experience_card_viewed,Referral,Khurja,Warli Painting,,,
2026-07-07,u2405,page_view,Google Search,Bangalore,Block Printing,,,
2026-07-07,u2405,experience_card_viewed,Google Search,Bangalore,Block Printing,,,
2026-07-07,u2406,page_view,Google Search,Khurja,Blue Pottery,,,
2026-07-07,u2406,booking_started,Google Search,Khurja,Blue Pottery,,,
2026-07-07,u2406,payment_success,Google Search,Khurja,Blue Pottery,CRB5295,6,2000
2026-07-07,u2406,booking_completed,Google Search,Khurja,Blue Pottery,CRB5295,6,2000
2026-07-07,u2407,page_view,Google Search,Udaipur,Warli Painting,,,
2026-07-07,u2408,page_view,Direct,Varanasi,Weaving,,,
2026-07-07,u2408,experience_card_viewed,Direct,Varanasi,Weaving,,,
2026-07-07,u2409,page_view,Travel Blog,Jaipur,Blue Pottery,,,
2026-07-07,u2409,experience_card_viewed,Travel Blog,Jaipur,Blue Pottery,,,
2026-07-07,u2410,page_view,Direct,Jaipur,Pottery,,,
2026-07-07,u2411,page_view,Google Search,Varanasi,Block Printing,,,
2026-07-07,u2411,booking_started,Google Search,Varanasi,Block Printing,,,
2026-07-07,u2412,page_view,Google Search,Udaipur,Blue Pottery,,,
2026-07-07,u2413,page_view,Instagram,Khurja,Blue Pottery,,,
2026-07-07,u2414,page_view,Travel Blog,Udaipur,Warli Painting,,,
2026-07-07,u2414,experience_card_viewed,Travel Blog,Udaipur,Warli Painting,,,
2026-07-07,u2414,booking_started,Travel Blog,Udaipur,Warli Painting,,,
2026-07-07,u2414,payment_success,Travel Blog,Udaipur,Warli Painting,CRB5296,3,2500
2026-07-07,u2414,booking_completed,Travel Blog,Udaipur,Warli Painting,CRB5296,3,2500
2026-07-07,u2415,page_view,Google Search,Varanasi,Weaving,,,
2026-07-07,u2415,booking_started,Google Search,Varanasi,Weaving,,,
2026-07-07,u2415,payment_success,Google Search,Varanasi,Weaving,CRB5297,3,2000
2026-07-07,u2415,booking_completed,Google Search,Varanasi,Weaving,CRB5297,3,2000
2026-07-07,u2415,review_submitted,Google Search,Varanasi,Weaving,CRB5297,3,2000
2026-07-07,u2416,page_view,Google Search,Khurja,Warli Painting,,,
2026-07-07,u2416,experience_card_viewed,Google Search,Khurja,Warli Painting,,,
2026-07-07,u2417,page_view,Direct,Varanasi,Weaving,,,
2026-07-07,u2417,experience_card_viewed,Direct,Varanasi,Weaving,,,
2026-07-07,u2418,page_view,Direct,Varanasi,Pottery,,,
2026-07-07,u2418,experience_card_viewed,Direct,Varanasi,Pottery,,,
2026-07-07,u2419,page_view,Referral,Jaipur,Block Printing,,,
2026-07-07,u2419,booking_started,Referral,Jaipur,Block Printing,,,
2026-07-07,u2420,page_view,Google Search,Varanasi,Block Printing,,,
2026-07-07,u2421,page_view,Direct,Jaipur,Blue Pottery,,,
2026-07-07,u2421,booking_started,Direct,Jaipur,Blue Pottery,,,
2026-07-07,u2421,payment_success,Direct,Jaipur,Blue Pottery,CRB5298,3,3500
2026-07-07,u2421,booking_completed,Direct,Jaipur,Blue Pottery,CRB5298,3,3500
2026-07-07,u2421,review_submitted,Direct,Jaipur,Blue Pottery,CRB5298,3,3500
2026-07-07,u2422,page_view,Google Search,Udaipur,Weaving,,,
2026-07-07,u2422,experience_card_viewed,Google Search,Udaipur,Weaving,,,
2026-07-07,u2423,page_view,Travel Blog,Khurja,Blue Pottery,,,
2026-07-07,u2423,experience_card_viewed,Travel Blog,Khurja,Blue Pottery,,,
2026-07-07,u2424,page_view,Google Search,Bangalore,Blue Pottery,,,
2026-07-07,u2424,booking_started,Google Search,Bangalore,Blue Pottery,,,
2026-07-07,u2424,payment_success,Google Search,Bangalore,Blue Pottery,CRB5299,4,1800
2026-07-07,u2424,booking_completed,Google Search,Bangalore,Blue Pottery,CRB5299,4,1800
2026-07-07,u2425,page_view,Instagram,Udaipur,Pottery,,,
2026-07-07,u2425,experience_card_viewed,Instagram,Udaipur,Pottery,,,
2026-07-07,u2426,page_view,Travel Blog,Jaipur,Warli Painting,,,
2026-07-07,u2426,experience_card_viewed,Travel Blog,Jaipur,Warli Painting,,,
2026-07-07,u2427,page_view,Instagram,Bangalore,Block Printing,,,
2026-07-07,u2427,experience_card_viewed,Instagram,Bangalore,Block Printing,,,
2026-07-07,u2427,booking_started,Instagram,Bangalore,Block Printing,,,
2026-07-07,u2428,page_view,Instagram,Khurja,Pottery,,,
2026-07-07,u2428,booking_started,Instagram,Khurja,Pottery,,,
2026-07-07,u2429,page_view,Direct,Jaipur,Block Printing,,,
2026-07-07,u2429,booking_started,Direct,Jaipur,Block Printing,,,
2026-07-07,u2429,payment_success,Direct,Jaipur,Block Printing,CRB5300,6,3500
2026-07-07,u2429,booking_completed,Direct,Jaipur,Block Printing,CRB5300,6,3500
2026-07-07,u2429,review_submitted,Direct,Jaipur,Block Printing,CRB5300,6,3500
2026-07-07,u2430,page_view,Referral,Varanasi,Blue Pottery,,,
2026-07-07,u2430,experience_card_viewed,Referral,Varanasi,Blue Pottery,,,
2026-07-07,u2430,booking_started,Referral,Varanasi,Blue Pottery,,,
2026-07-07,u2430,payment_success,Referral,Varanasi,Blue Pottery,CRB5301,2,1500
2026-07-07,u2430,booking_completed,Referral,Varanasi,Blue Pottery,CRB5301,2,1500
2026-07-07,u2430,review_submitted,Referral,Varanasi,Blue Pottery,CRB5301,2,1500
2026-07-07,u2431,page_view,Instagram,Khurja,Block Printing,,,
2026-07-07,u2431,experience_card_viewed,Instagram,Khurja,Block Printing,,,
2026-07-07,u2432,page_view,Referral,Varanasi,Pottery,,,
2026-07-07,u2433,page_view,Instagram,Udaipur,Pottery,,,
2026-07-07,u2433,booking_started,Instagram,Udaipur,Pottery,,,
2026-07-07,u2434,page_view,Referral,Varanasi,Block Printing,,,
2026-07-07,u2434,booking_started,Referral,Varanasi,Block Printing,,,
2026-07-07,u2435,page_view,Instagram,Jaipur,Warli Painting,,,
2026-07-07,u2435,experience_card_viewed,Instagram,Jaipur,Warli Painting,,,
2026-07-07,u2436,page_view,Referral,Bangalore,Pottery,,,
2026-07-07,u2436,booking_started,Referral,Bangalore,Pottery,,,
2026-07-07,u2436,payment_success,Referral,Bangalore,Pottery,CRB5302,4,2500
2026-07-07,u2436,booking_completed,Referral,Bangalore,Pottery,CRB5302,4,2500
2026-07-07,u2436,review_submitted,Referral,Bangalore,Pottery,CRB5302,4,2500
2026-07-07,u2437,page_view,Instagram,Jaipur,Pottery,,,
2026-07-07,u2437,booking_started,Instagram,Jaipur,Pottery,,,
2026-07-07,u2437,payment_success,Instagram,Jaipur,Pottery,CRB5303,12,3000
2026-07-07,u2437,booking_completed,Instagram,Jaipur,Pottery,CRB5303,12,3000
2026-07-07,u2438,page_view,Referral,Khurja,Block Printing,,,
2026-07-07,u2438,experience_card_viewed,Referral,Khurja,Block Printing,,,
2026-07-07,u2438,booking_started,Referral,Khurja,Block Printing,,,
2026-07-07,u2439,page_view,Referral,Varanasi,Blue Pottery,,,
2026-07-07,u2439,experience_card_viewed,Referral,Varanasi,Blue Pottery,,,
2026-07-07,u2440,page_view,Travel Blog,Bangalore,Weaving,,,
2026-07-07,u2440,experience_card_viewed,Travel Blog,Bangalore,Weaving,,,
2026-07-07,u2441,page_view,Google Search,Udaipur,Blue Pottery,,,
2026-07-07,u2442,page_view,Travel Blog,Bangalore,Warli Painting,,,
2026-07-07,u2443,page_view,Direct,Udaipur,Warli Painting,,,
2026-07-07,u2444,page_view,Google Search,Jaipur,Pottery,,,
2026-07-07,u2444,experience_card_viewed,Google Search,Jaipur,Pottery,,,
2026-07-07,u2444,booking_started,Google Search,Jaipur,Pottery,,,
2026-07-07,u2445,page_view,Referral,Bangalore,Blue Pottery,,,
2026-07-07,u2446,page_view,Instagram,Varanasi,Weaving,,,
2026-07-07,u2447,page_view,Google Search,Varanasi,Blue Pottery,,,
2026-07-07,u2447,experience_card_viewed,Google Search,Varanasi,Blue Pottery,,,
2026-07-07,u2448,page_view,Travel Blog,Khurja,Pottery,,,
2026-07-07,u2448,booking_started,Travel Blog,Khurja,Pottery,,,
2026-07-07,u2448,payment_success,Travel Blog,Khurja,Pottery,CRB5304,2,2200
2026-07-07,u2448,booking_completed,Travel Blog,Khurja,Pottery,CRB5304,2,2200
2026-07-07,u2449,page_view,Direct,Jaipur,Blue Pottery,,,
2026-07-07,u2450,page_view,Instagram,Khurja,Weaving,,,
2026-07-07,u2450,experience_card_viewed,Instagram,Khurja,Weaving,,,
2026-07-07,u2450,booking_started,Instagram,Khurja,Weaving,,,
2026-07-07,u2450,payment_success,Instagram,Khurja,Weaving,CRB5305,10,1800
2026-07-07,u2450,booking_completed,Instagram,Khurja,Weaving,CRB5305,10,1800
2026-07-07,u2451,page_view,Travel Blog,Varanasi,Blue Pottery,,,
2026-07-07,u2452,page_view,Referral,Jaipur,Pottery,,,
2026-07-07,u2452,experience_card_viewed,Referral,Jaipur,Pottery,,,
2026-07-07,u2453,page_view,Direct,Khurja,Warli Painting,,,
2026-07-07,u2453,experience_card_viewed,Direct,Khurja,Warli Painting,,,
2026-07-07,u2454,page_view,Travel Blog,Udaipur,Warli Painting,,,
2026-07-07,u2454,booking_started,Travel Blog,Udaipur,Warli Painting,,,
2026-07-07,u2454,payment_success,Travel Blog,Udaipur,Warli Painting,CRB5306,4,3000
2026-07-07,u2454,booking_completed,Travel Blog,Udaipur,Warli Painting,CRB5306,4,3000
2026-07-07,u2455,page_view,Google Search,Udaipur,Warli Painting,,,
2026-07-07,u2455,experience_card_viewed,Google Search,Udaipur,Warli Painting,,,
2026-07-07,u2456,page_view,Direct,Bangalore,Block Printing,,,
2026-07-07,u2457,page_view,Referral,Udaipur,Blue Pottery,,,
2026-07-07,u2457,experience_card_viewed,Referral,Udaipur,Blue Pottery,,,
2026-07-07,u2458,page_view,Travel Blog,Khurja,Weaving,,,
2026-07-07,u2458,experience_card_viewed,Travel Blog,Khurja,Weaving,,,
2026-07-07,u2458,booking_started,Travel Blog,Khurja,Weaving,,,
2026-07-07,u2458,payment_success,Travel Blog,Khurja,Weaving,CRB5307,6,1500
2026-07-07,u2458,booking_completed,Travel Blog,Khurja,Weaving,CRB5307,6,1500
2026-07-07,u2458,review_submitted,Travel Blog,Khurja,Weaving,CRB5307,6,1500
2026-07-07,u2459,page_view,Google Search,Bangalore,Pottery,,,
2026-07-07,u2459,booking_started,Google Search,Bangalore,Pottery,,,
2026-07-07,u2459,payment_success,Google Search,Bangalore,Pottery,CRB5308,1,2500
2026-07-07,u2460,page_view,Referral,Jaipur,Weaving,,,
2026-07-07,u2460,experience_card_viewed,Referral,Jaipur,Weaving,,,
2026-07-07,u2461,page_view,Referral,Udaipur,Warli Painting,,,
2026-07-07,u2461,experience_card_viewed,Referral,Udaipur,Warli Painting,,,
2026-07-07,u2462,page_view,Referral,Khurja,Block Printing,,,
2026-07-07,u2462,experience_card_viewed,Referral,Khurja,Block Printing,,,
2026-07-07,u2463,page_view,Direct,Jaipur,Warli Painting,,,
2026-07-07,u2463,booking_started,Direct,Jaipur,Warli Painting,,,
2026-07-07,u2463,payment_success,Direct,Jaipur,Warli Painting,CRB5309,10,2200
2026-07-07,u2463,booking_completed,Direct,Jaipur,Warli Painting,CRB5309,10,2200
2026-07-07,u2464,page_view,Instagram,Khurja,Pottery,,,
2026-07-07,u2465,page_view,Google Search,Bangalore,Warli Painting,,,
2026-07-07,u2466,page_view,Direct,Varanasi,Blue Pottery,,,
2026-07-07,u2467,page_view,Referral,Bangalore,Blue Pottery,,,
2026-07-07,u2467,experience_card_viewed,Referral,Bangalore,Blue Pottery,,,
2026-07-07,u2468,page_view,Travel Blog,Khurja,Pottery,,,
2026-07-07,u2469,page_view,Google Search,Bangalore,Blue Pottery,,,
2026-07-07,u2469,experience_card_viewed,Google Search,Bangalore,Blue Pottery,,,
2026-07-07,u2469,booking_started,Google Search,Bangalore,Blue Pottery,,,
2026-07-07,u2470,page_view,Referral,Bangalore,Block Printing,,,
2026-07-07,u2470,experience_card_viewed,Referral,Bangalore,Block Printing,,,
2026-07-07,u2471,page_view,Google Search,Varanasi,Pottery,,,
2026-07-07,u2471,experience_card_viewed,Google Search,Varanasi,Pottery,,,
2026-07-07,u2472,page_view,Referral,Jaipur,Block Printing,,,
2026-07-07,u2472,experience_card_viewed,Referral,Jaipur,Block Printing,,,
2026-07-07,u2473,page_view,Referral,Udaipur,Weaving,,,
2026-07-07,u2474,page_view,Google Search,Jaipur,Warli Painting,,,
2026-07-07,u2474,experience_card_viewed,Google Search,Jaipur,Warli Painting,,,
2026-07-07,u2475,page_view,Referral,Udaipur,Blue Pottery,,,
2026-07-07,u2476,page_view,Google Search,Udaipur,Weaving,,,
2026-07-07,u2476,experience_card_viewed,Google Search,Udaipur,Weaving,,,
2026-07-07,u2477,page_view,Referral,Varanasi,Block Printing,,,
2026-07-07,u2478,page_view,Referral,Jaipur,Warli Painting,,,
2026-07-07,u2478,booking_started,Referral,Jaipur,Warli Painting,,,
2026-07-07,u2479,page_view,Direct,Jaipur,Pottery,,,
2026-07-07,u2480,page_view,Google Search,Bangalore,Blue Pottery,,,
2026-07-07,u2480,booking_started,Google Search,Bangalore,Blue Pottery,,,
2026-07-07,u2481,page_view,Instagram,Varanasi,Blue Pottery,,,
2026-07-07,u2481,experience_card_viewed,Instagram,Varanasi,Blue Pottery,,,
2026-07-07,u2482,page_view,Travel Blog,Jaipur,Block Printing,,,
2026-07-07,u2482,experience_card_viewed,Travel Blog,Jaipur,Block Printing,,,
2026-07-07,u2482,booking_started,Travel Blog,Jaipur,Block Printing,,,
2026-07-07,u2483,page_view,Travel Blog,Udaipur,Pottery,,,
2026-07-07,u2483,experience_card_viewed,Travel Blog,Udaipur,Pottery,,,
2026-07-07,u2483,booking_started,Travel Blog,Udaipur,Pottery,,,
2026-07-07,u2483,payment_success,Travel Blog,Udaipur,Pottery,CRB5310,12,1800
2026-07-07,u2483,booking_completed,Travel Blog,Udaipur,Pottery,CRB5310,12,1800
2026-07-07,u2484,page_view,Google Search,Khurja,Weaving,,,
2026-07-07,u2485,page_view,Travel Blog,Jaipur,Weaving,,,
2026-07-07,u2486,page_view,Google Search,Jaipur,Pottery,,,
2026-07-07,u2487,page_view,Travel Blog,Varanasi,Weaving,,,
2026-07-07,u2487,booking_started,Travel Blog,Varanasi,Weaving,,,
2026-07-07,u2487,payment_success,Travel Blog,Varanasi,Weaving,CRB5311,10,1500
2026-07-07,u2487,booking_completed,Travel Blog,Varanasi,Weaving,CRB5311,10,1500
2026-07-07,u2488,page_view,Referral,Khurja,Block Printing,,,
2026-07-07,u2488,experience_card_viewed,Referral,Khurja,Block Printing,,,
2026-07-07,u2489,page_view,Referral,Varanasi,Pottery,,,
2026-07-07,u2489,experience_card_viewed,Referral,Varanasi,Pottery,,,
2026-07-07,u2490,page_view,Travel Blog,Udaipur,Warli Painting,,,
2026-07-07,u2490,booking_started,Travel Blog,Udaipur,Warli Painting,,,
2026-07-07,u2490,payment_success,Travel Blog,Udaipur,Warli Painting,CRB5312,6,3000
2026-07-07,u2490,booking_completed,Travel Blog,Udaipur,Warli Painting,CRB5312,6,3000
2026-07-07,u2491,page_view,Direct,Bangalore,Pottery,,,
2026-07-07,u2491,experience_card_viewed,Direct,Bangalore,Pottery,,,
2026-07-07,u2492,page_view,Referral,Jaipur,Pottery,,,
2026-07-07,u2493,page_view,Travel Blog,Varanasi,Block Printing,,,
2026-07-07,u2494,page_view,Referral,Bangalore,Block Printing,,,
2026-07-07,u2495,page_view,Google Search,Udaipur,Warli Painting,,,
2026-07-07,u2495,experience_card_viewed,Google Search,Udaipur,Warli Painting,,,
2026-07-07,u2495,booking_started,Google Search,Udaipur,Warli Painting,,,
2026-07-07,u2496,page_view,Travel Blog,Bangalore,Pottery,,,
2026-07-07,u2496,booking_started,Travel Blog,Bangalore,Pottery,,,
2026-07-07,u2496,payment_success,Travel Blog,Bangalore,Pottery,CRB5313,3,3000
2026-07-07,u2496,booking_completed,Travel Blog,Bangalore,Pottery,CRB5313,3,3000
2026-07-07,u2496,review_submitted,Travel Blog,Bangalore,Pottery,CRB5313,3,3000
2026-07-07,u2497,page_view,Direct,Jaipur,Blue Pottery,,,
2026-07-07,u2498,page_view,Travel Blog,Varanasi,Weaving,,,
2026-07-07,u2499,page_view,Referral,Jaipur,Pottery,,,
2026-07-07,u2499,experience_card_viewed,Referral,Jaipur,Pottery,,,
2026-07-07,u2500,page_view,Direct,Bangalore,Pottery,,,
2026-07-07,u2501,page_view,Travel Blog,Varanasi,Warli Painting,,,
2026-07-07,u2502,page_view,Instagram,Jaipur,Block Printing,,,
2026-07-07,u2502,experience_card_viewed,Instagram,Jaipur,Block Printing,,,
2026-07-07,u2502,booking_started,Instagram,Jaipur,Block Printing,,,
2026-07-07,u2503,page_view,Instagram,Udaipur,Warli Painting,,,
2026-07-07,u2503,booking_started,Instagram,Udaipur,Warli Painting,,,
2026-07-07,u2503,payment_success,Instagram,Udaipur,Warli Painting,CRB5314,1,3000
2026-07-07,u2503,booking_completed,Instagram,Udaipur,Warli Painting,CRB5314,1,3000
2026-07-07,u2503,review_submitted,Instagram,Udaipur,Warli Painting,CRB5314,1,3000
2026-07-07,u2504,page_view,Google Search,Udaipur,Block Printing,,,
2026-07-07,u2504,experience_card_viewed,Google Search,Udaipur,Block Printing,,,
2026-07-07,u2505,page_view,Travel Blog,Udaipur,Blue Pottery,,,
2026-07-07,u2505,experience_card_viewed,Travel Blog,Udaipur,Blue Pottery,,,
2026-07-07,u2506,page_view,Google Search,Bangalore,Weaving,,,
2026-07-07,u2506,experience_card_viewed,Google Search,Bangalore,Weaving,,,
2026-07-07,u2507,page_view,Referral,Udaipur,Pottery,,,
2026-07-07,u2507,experience_card_viewed,Referral,Udaipur,Pottery,,,
2026-07-07,u2508,page_view,Instagram,Jaipur,Block Printing,,,
2026-07-07,u2508,experience_card_viewed,Instagram,Jaipur,Block Printing,,,
2026-07-07,u2509,page_view,Direct,Bangalore,Weaving,,,
2026-07-07,u2509,experience_card_viewed,Direct,Bangalore,Weaving,,,
2026-07-07,u2510,page_view,Travel Blog,Khurja,Warli Painting,,,
2026-07-07,u2510,booking_started,Travel Blog,Khurja,Warli Painting,,,
2026-07-07,u2510,payment_success,Travel Blog,Khurja,Warli Painting,CRB5315,1,3500
2026-07-07,u2511,page_view,Travel Blog,Khurja,Blue Pottery,,,
2026-07-07,u2512,page_view,Travel Blog,Khurja,Block Printing,,,
2026-07-07,u2512,booking_started,Travel Blog,Khurja,Block Printing,,,
2026-07-07,u2512,payment_success,Travel Blog,Khurja,Block Printing,CRB5316,10,3500
2026-07-07,u2512,booking_completed,Travel Blog,Khurja,Block Printing,CRB5316,10,3500
2026-07-07,u2513,page_view,Instagram,Jaipur,Block Printing,,,
2026-07-07,u2513,experience_card_viewed,Instagram,Jaipur,Block Printing,,,
2026-07-07,u2514,page_view,Direct,Khurja,Block Printing,,,
2026-07-07,u2515,page_view,Instagram,Bangalore,Blue Pottery,,,
2026-07-07,u2515,experience_card_viewed,Instagram,Bangalore,Blue Pottery,,,
2026-07-07,u2516,page_view,Travel Blog,Varanasi,Pottery,,,
2026-07-07,u2516,experience_card_viewed,Travel Blog,Varanasi,Pottery,,,
2026-07-07,u2517,page_view,Referral,Khurja,Warli Painting,,,
2026-07-07,u2518,page_view,Travel Blog,Varanasi,Block Printing,,,
2026-07-07,u2518,experience_card_viewed,Travel Blog,Varanasi,Block Printing,,,
2026-07-07,u2519,page_view,Instagram,Bangalore,Block Printing,,,
2026-07-07,u2519,experience_card_viewed,Instagram,Bangalore,Block Printing,,,
2026-07-07,u2520,page_view,Instagram,Jaipur,Pottery,,,
2026-07-07,u2520,experience_card_viewed,Instagram,Jaipur,Pottery,,,
2026-07-07,u2521,page_view,Instagram,Jaipur,Blue Pottery,,,
2026-07-07,u2522,page_view,Google Search,Udaipur,Block Printing,,,
2026-07-07,u2522,experience_card_viewed,Google Search,Udaipur,Block Printing,,,
2026-07-07,u2522,booking_started,Google Search,Udaipur,Block Printing,,,
2026-07-07,u2522,payment_success,Google Search,Udaipur,Block Printing,CRB5317,2,1800
2026-07-07,u2522,booking_completed,Google Search,Udaipur,Block Printing,CRB5317,2,1800
2026-07-07,u2522,review_submitted,Google Search,Udaipur,Block Printing,CRB5317,2,1800
2026-07-07,u2523,page_view,Referral,Jaipur,Pottery,,,
2026-07-07,u2524,page_view,Instagram,Jaipur,Weaving,,,
2026-07-07,u2525,page_view,Direct,Bangalore,Warli Painting,,,
2026-07-07,u2525,experience_card_viewed,Direct,Bangalore,Warli Painting,,,
2026-07-07,u2526,page_view,Referral,Jaipur,Pottery,,,
2026-07-07,u2527,page_view,Direct,Bangalore,Pottery,,,
2026-07-07,u2527,experience_card_viewed,Direct,Bangalore,Pottery,,,
2026-07-07,u2528,page_view,Google Search,Jaipur,Weaving,,,
2026-07-07,u2528,experience_card_viewed,Google Search,Jaipur,Weaving,,,
2026-07-07,u2528,booking_started,Google Search,Jaipur,Weaving,,,
2026-07-07,u2528,payment_success,Google Search,Jaipur,Weaving,CRB5318,2,2000
2026-07-07,u2528,booking_completed,Google Search,Jaipur,Weaving,CRB5318,2,2000
2026-07-07,u2528,review_submitted,Google Search,Jaipur,Weaving,CRB5318,2,2000
2026-07-07,u2529,page_view,Travel Blog,Udaipur,Warli Painting,,,
2026-07-07,u2530,page_view,Referral,Khurja,Pottery,,,
2026-07-07,u2531,page_view,Referral,Udaipur,Block Printing,,,
2026-07-07,u2532,page_view,Referral,Khurja,Pottery,,,
2026-07-07,u2533,page_view,Travel Blog,Udaipur,Warli Painting,,,
2026-07-07,u2534,page_view,Direct,Jaipur,Warli Painting,,,
2026-07-07,u2534,experience_card_viewed,Direct,Jaipur,Warli Painting,,,
2026-07-07,u2534,booking_started,Direct,Jaipur,Warli Painting,,,
2026-07-07,u2534,payment_success,Direct,Jaipur,Warli Painting,CRB5319,2,2200
2026-07-07,u2534,booking_completed,Direct,Jaipur,Warli Painting,CRB5319,2,2200
2026-07-07,u2534,review_submitted,Direct,Jaipur,Warli Painting,CRB5319,2,2200
2026-07-07,u2535,page_view,Direct,Bangalore,Weaving,,,
2026-07-07,u2535,experience_card_viewed,Direct,Bangalore,Weaving,,,
2026-07-07,u2535,booking_started,Direct,Bangalore,Weaving,,,
2026-07-07,u2536,page_view,Travel Blog,Khurja,Weaving,,,
2026-07-07,u2536,experience_card_viewed,Travel Blog,Khurja,Weaving,,,
2026-07-07,u2536,booking_started,Travel Blog,Khurja,Weaving,,,
2026-07-07,u2536,payment_success,Travel Blog,Khurja,Weaving,CRB5320,2,3500
2026-07-07,u2536,booking_completed,Travel Blog,Khurja,Weaving,CRB5320,2,3500
2026-07-07,u2536,review_submitted,Travel Blog,Khurja,Weaving,CRB5320,2,3500
2026-07-07,u2537,page_view,Direct,Varanasi,Pottery,,,
2026-07-07,u2538,page_view,Direct,Khurja,Warli Painting,,,
2026-07-07,u2538,experience_card_viewed,Direct,Khurja,Warli Painting,,,
2026-07-07,u2539,page_view,Direct,Jaipur,Warli Painting,,,
2026-07-07,u2540,page_view,Travel Blog,Varanasi,Weaving,,,
2026-07-07,u2540,experience_card_viewed,Travel Blog,Varanasi,Weaving,,,
2026-07-07,u2540,booking_started,Travel Blog,Varanasi,Weaving,,,
2026-07-07,u2540,payment_success,Travel Blog,Varanasi,Weaving,CRB5321,1,2000
2026-07-07,u2540,booking_completed,Travel Blog,Varanasi,Weaving,CRB5321,1,2000
2026-07-07,u2540,review_submitted,Travel Blog,Varanasi,Weaving,CRB5321,1,2000
2026-07-07,u2541,page_view,Direct,Jaipur,Weaving,,,
2026-07-07,u2541,experience_card_viewed,Direct,Jaipur,Weaving,,,
2026-07-07,u2542,page_view,Direct,Jaipur,Blue Pottery,,,
2026-07-07,u2542,experience_card_viewed,Direct,Jaipur,Blue Pottery,,,
2026-07-07,u2543,page_view,Travel Blog,Jaipur,Warli Painting,,,
2026-07-07,u2543,booking_started,Travel Blog,Jaipur,Warli Painting,,,
2026-07-07,u2543,payment_success,Travel Blog,Jaipur,Warli Painting,CRB5322,2,2200
2026-07-07,u2543,booking_completed,Travel Blog,Jaipur,Warli Painting,CRB5322,2,2200
2026-07-07,u2544,page_view,Travel Blog,Jaipur,Warli Painting,,,
2026-07-07,u2545,page_view,Instagram,Udaipur,Weaving,,,
2026-07-07,u2546,page_view,Instagram,Varanasi,Warli Painting,,,
2026-07-07,u2546,experience_card_viewed,Instagram,Varanasi,Warli Painting,,,
2026-07-07,u2546,booking_started,Instagram,Varanasi,Warli Painting,,,
2026-07-07,u2547,page_view,Google Search,Jaipur,Weaving,,,
2026-07-07,u2548,page_view,Google Search,Khurja,Block Printing,,,
2026-07-07,u2548,experience_card_viewed,Google Search,Khurja,Block Printing,,,
2026-07-07,u2549,page_view,Referral,Bangalore,Block Printing,,,
2026-07-07,u2550,page_view,Referral,Jaipur,Block Printing,,,
2026-07-07,u2550,experience_card_viewed,Referral,Jaipur,Block Printing,,,
2026-07-07,u2551,page_view,Referral,Varanasi,Warli Painting,,,
2026-07-07,u2552,page_view,Google Search,Khurja,Warli Painting,,,
2026-07-07,u2552,experience_card_viewed,Google Search,Khurja,Warli Painting,,,
2026-07-07,u2552,booking_started,Google Search,Khurja,Warli Painting,,,
2026-07-07,u2553,page_view,Direct,Udaipur,Blue Pottery,,,
2026-07-07,u2554,page_view,Google Search,Bangalore,Blue Pottery,,,
2026-07-07,u2555,page_view,Referral,Udaipur,Pottery,,,
2026-07-07,u2555,experience_card_viewed,Referral,Udaipur,Pottery,,,
2026-07-07,u2556,page_view,Instagram,Varanasi,Warli Painting,,,
2026-07-07,u2556,booking_started,Instagram,Varanasi,Warli Painting,,,
2026-07-07,u2556,payment_success,Instagram,Varanasi,Warli Painting,CRB5323,3,3000
2026-07-07,u2556,booking_completed,Instagram,Varanasi,Warli Painting,CRB5323,3,3000
2026-07-07,u2557,page_view,Travel Blog,Khurja,Blue Pottery,,,
2026-07-07,u2557,experience_card_viewed,Travel Blog,Khurja,Blue Pottery,,,
2026-07-07,u2557,booking_started,Travel Blog,Khurja,Blue Pottery,,,
2026-07-07,u2557,payment_success,Travel Blog,Khurja,Blue Pottery,CRB5324,6,3500
2026-07-07,u2558,page_view,Instagram,Khurja,Pottery,,,
2026-07-07,u2559,page_view,Travel Blog,Bangalore,Warli Painting,,,
2026-07-07,u2559,experience_card_viewed,Travel Blog,Bangalore,Warli Painting,,,
2026-07-07,u2560,page_view,Instagram,Varanasi,Blue Pottery,,,
2026-07-07,u2560,experience_card_viewed,Instagram,Varanasi,Blue Pottery,,,
2026-07-07,u2561,page_view,Direct,Jaipur,Pottery,,,
2026-07-07,u2561,experience_card_viewed,Direct,Jaipur,Pottery,,,
2026-07-07,u2561,booking_started,Direct,Jaipur,Pottery,,,
2026-07-07,u2561,payment_success,Direct,Jaipur,Pottery,CRB5325,1,2200
2026-07-07,u2561,booking_completed,Direct,Jaipur,Pottery,CRB5325,1,2200
2026-07-07,u2561,review_submitted,Direct,Jaipur,Pottery,CRB5325,1,2200
2026-07-07,u2562,page_view,Instagram,Bangalore,Block Printing,,,
2026-07-07,u2562,experience_card_viewed,Instagram,Bangalore,Block Printing,,,
2026-07-07,u2562,booking_started,Instagram,Bangalore,Block Printing,,,
2026-07-07,u2562,payment_success,Instagram,Bangalore,Block Printing,CRB5326,10,2500
2026-07-07,u2562,booking_completed,Instagram,Bangalore,Block Printing,CRB5326,10,2500
2026-07-07,u2562,review_submitted,Instagram,Bangalore,Block Printing,CRB5326,10,2500
2026-07-07,u2563,page_view,Travel Blog,Khurja,Weaving,,,
2026-07-07,u2563,experience_card_viewed,Travel Blog,Khurja,Weaving,,,
2026-07-07,u2563,booking_started,Travel Blog,Khurja,Weaving,,,
2026-07-07,u2563,payment_success,Travel Blog,Khurja,Weaving,CRB5327,12,2500
2026-07-07,u2563,booking_completed,Travel Blog,Khurja,Weaving,CRB5327,12,2500
2026-07-07,u2564,page_view,Instagram,Jaipur,Warli Painting,,,
2026-07-07,u2564,experience_card_viewed,Instagram,Jaipur,Warli Painting,,,
2026-07-07,u2564,booking_started,Instagram,Jaipur,Warli Painting,,,
2026-07-07,u2564,payment_success,Instagram,Jaipur,Warli Painting,CRB5328,3,2500
2026-07-07,u2564,booking_completed,Instagram,Jaipur,Warli Painting,CRB5328,3,2500
2026-07-07,u2564,review_submitted,Instagram,Jaipur,Warli Painting,CRB5328,3,2500
2026-07-07,u2565,page_view,Google Search,Khurja,Pottery,,,
2026-07-07,u2565,experience_card_viewed,Google Search,Khurja,Pottery,,,
2026-07-07,u2566,page_view,Direct,Varanasi,Block Printing,,,
2026-07-07,u2566,experience_card_viewed,Direct,Varanasi,Block Printing,,,
2026-07-07,u2567,page_view,Direct,Udaipur,Weaving,,,
2026-07-07,u2568,page_view,Google Search,Varanasi,Block Printing,,,
2026-07-07,u2568,experience_card_viewed,Google Search,Varanasi,Block Printing,,,
2026-07-07,u2569,page_view,Travel Blog,Khurja,Block Printing,,,
2026-07-07,u2570,page_view,Instagram,Khurja,Weaving,,,
2026-07-07,u2570,booking_started,Instagram,Khurja,Weaving,,,
2026-07-07,u2571,page_view,Instagram,Bangalore,Weaving,,,
2026-07-07,u2572,page_view,Travel Blog,Khurja,Blue Pottery,,,
2026-07-07,u2572,experience_card_viewed,Travel Blog,Khurja,Blue Pottery,,,
2026-07-07,u2573,page_view,Direct,Varanasi,Pottery,,,
2026-07-07,u2573,booking_started,Direct,Varanasi,Pottery,,,
2026-07-07,u2573,payment_success,Direct,Varanasi,Pottery,CRB5329,2,1500
2026-07-07,u2573,booking_completed,Direct,Varanasi,Pottery,CRB5329,2,1500
2026-07-07,u2574,page_view,Travel Blog,Varanasi,Weaving,,,
2026-07-07,u2574,experience_card_viewed,Travel Blog,Varanasi,Weaving,,,
2026-07-07,u2575,page_view,Referral,Varanasi,Warli Painting,,,
2026-07-08,u2576,page_view,Instagram,Varanasi,Warli Painting,,,
2026-07-08,u2576,booking_started,Instagram,Varanasi,Warli Painting,,,
2026-07-08,u2577,page_view,Google Search,Khurja,Weaving,,,
2026-07-08,u2577,experience_card_viewed,Google Search,Khurja,Weaving,,,
2026-07-08,u2577,booking_started,Google Search,Khurja,Weaving,,,
2026-07-08,u2578,page_view,Travel Blog,Varanasi,Pottery,,,
2026-07-08,u2578,booking_started,Travel Blog,Varanasi,Pottery,,,
2026-07-08,u2579,page_view,Instagram,Varanasi,Warli Painting,,,
2026-07-08,u2580,page_view,Direct,Khurja,Weaving,,,
2026-07-08,u2581,page_view,Referral,Udaipur,Warli Painting,,,
2026-07-08,u2581,experience_card_viewed,Referral,Udaipur,Warli Painting,,,
2026-07-08,u2582,page_view,Referral,Khurja,Block Printing,,,
2026-07-08,u2583,page_view,Direct,Jaipur,Blue Pottery,,,
2026-07-08,u2584,page_view,Referral,Varanasi,Block Printing,,,
2026-07-08,u2585,page_view,Google Search,Udaipur,Pottery,,,
2026-07-08,u2586,page_view,Direct,Khurja,Weaving,,,
2026-07-08,u2586,experience_card_viewed,Direct,Khurja,Weaving,,,
2026-07-08,u2586,booking_started,Direct,Khurja,Weaving,,,
2026-07-08,u2586,payment_success,Direct,Khurja,Weaving,CRB5330,12,1500
2026-07-08,u2586,booking_completed,Direct,Khurja,Weaving,CRB5330,12,1500
2026-07-08,u2587,page_view,Travel Blog,Varanasi,Block Printing,,,
2026-07-08,u2587,experience_card_viewed,Travel Blog,Varanasi,Block Printing,,,
2026-07-08,u2587,booking_started,Travel Blog,Varanasi,Block Printing,,,
2026-07-08,u2588,page_view,Direct,Bangalore,Pottery,,,
2026-07-08,u2589,page_view,Google Search,Khurja,Blue Pottery,,,
2026-07-08,u2589,booking_started,Google Search,Khurja,Blue Pottery,,,
2026-07-08,u2589,payment_success,Google Search,Khurja,Blue Pottery,CRB5331,12,2000
2026-07-08,u2589,booking_completed,Google Search,Khurja,Blue Pottery,CRB5331,12,2000
2026-07-08,u2590,page_view,Referral,Bangalore,Weaving,,,
2026-07-08,u2590,experience_card_viewed,Referral,Bangalore,Weaving,,,
2026-07-08,u2591,page_view,Referral,Bangalore,Pottery,,,
2026-07-08,u2591,booking_started,Referral,Bangalore,Pottery,,,
2026-07-08,u2591,payment_success,Referral,Bangalore,Pottery,CRB5332,3,2000
2026-07-08,u2591,booking_completed,Referral,Bangalore,Pottery,CRB5332,3,2000
2026-07-08,u2591,review_submitted,Referral,Bangalore,Pottery,CRB5332,3,2000
2026-07-08,u2592,page_view,Travel Blog,Jaipur,Pottery,,,
2026-07-08,u2593,page_view,Direct,Varanasi,Blue Pottery,,,
2026-07-08,u2593,experience_card_viewed,Direct,Varanasi,Blue Pottery,,,
2026-07-08,u2594,page_view,Travel Blog,Udaipur,Block Printing,,,
2026-07-08,u2594,booking_started,Travel Blog,Udaipur,Block Printing,,,
2026-07-08,u2595,page_view,Instagram,Khurja,Warli Painting,,,
2026-07-08,u2596,page_view,Direct,Bangalore,Weaving,,,
2026-07-08,u2596,experience_card_viewed,Direct,Bangalore,Weaving,,,
2026-07-08,u2597,page_view,Direct,Varanasi,Block Printing,,,
2026-07-08,u2598,page_view,Travel Blog,Jaipur,Blue Pottery,,,
2026-07-08,u2599,page_view,Travel Blog,Jaipur,Block Printing,,,
2026-07-08,u2599,experience_card_viewed,Travel Blog,Jaipur,Block Printing,,,
2026-07-08,u2600,page_view,Instagram,Varanasi,Warli Painting,,,
2026-07-08,u2600,experience_card_viewed,Instagram,Varanasi,Warli Painting,,,
2026-07-08,u2601,page_view,Travel Blog,Varanasi,Block Printing,,,
2026-07-08,u2601,experience_card_viewed,Travel Blog,Varanasi,Block Printing,,,
2026-07-08,u2602,page_view,Direct,Jaipur,Pottery,,,
2026-07-08,u2602,experience_card_viewed,Direct,Jaipur,Pottery,,,
2026-07-08,u2603,page_view,Travel Blog,Khurja,Pottery,,,
2026-07-08,u2604,page_view,Google Search,Varanasi,Weaving,,,
2026-07-08,u2605,page_view,Travel Blog,Bangalore,Pottery,,,
2026-07-08,u2605,experience_card_viewed,Travel Blog,Bangalore,Pottery,,,
2026-07-08,u2605,booking_started,Travel Blog,Bangalore,Pottery,,,
2026-07-08,u2605,payment_success,Travel Blog,Bangalore,Pottery,CRB5333,2,2500
2026-07-08,u2605,booking_completed,Travel Blog,Bangalore,Pottery,CRB5333,2,2500
2026-07-08,u2605,review_submitted,Travel Blog,Bangalore,Pottery,CRB5333,2,2500
2026-07-08,u2606,page_view,Instagram,Jaipur,Weaving,,,
2026-07-08,u2606,experience_card_viewed,Instagram,Jaipur,Weaving,,,
2026-07-08,u2607,page_view,Google Search,Bangalore,Weaving,,,
2026-07-08,u2608,page_view,Direct,Jaipur,Blue Pottery,,,
2026-07-08,u2608,experience_card_viewed,Direct,Jaipur,Blue Pottery,,,
2026-07-08,u2608,booking_started,Direct,Jaipur,Blue Pottery,,,
2026-07-08,u2608,payment_success,Direct,Jaipur,Blue Pottery,CRB5334,3,1800
2026-07-08,u2608,booking_completed,Direct,Jaipur,Blue Pottery,CRB5334,3,1800
2026-07-08,u2609,page_view,Instagram,Bangalore,Blue Pottery,,,
2026-07-08,u2609,experience_card_viewed,Instagram,Bangalore,Blue Pottery,,,
2026-07-08,u2609,booking_started,Instagram,Bangalore,Blue Pottery,,,
2026-07-08,u2609,payment_success,Instagram,Bangalore,Blue Pottery,CRB5335,2,2200
2026-07-08,u2609,booking_completed,Instagram,Bangalore,Blue Pottery,CRB5335,2,2200
2026-07-08,u2609,review_submitted,Instagram,Bangalore,Blue Pottery,CRB5335,2,2200
2026-07-08,u2610,page_view,Travel Blog,Jaipur,Warli Painting,,,
2026-07-08,u2610,experience_card_viewed,Travel Blog,Jaipur,Warli Painting,,,
2026-07-08,u2611,page_view,Direct,Udaipur,Block Printing,,,
2026-07-08,u2612,page_view,Google Search,Udaipur,Blue Pottery,,,
2026-07-08,u2612,experience_card_viewed,Google Search,Udaipur,Blue Pottery,,,
2026-07-08,u2613,page_view,Referral,Bangalore,Warli Painting,,,
2026-07-08,u2613,experience_card_viewed,Referral,Bangalore,Warli Painting,,,
2026-07-08,u2614,page_view,Direct,Udaipur,Warli Painting,,,
2026-07-08,u2614,experience_card_viewed,Direct,Udaipur,Warli Painting,,,
2026-07-08,u2615,page_view,Referral,Bangalore,Weaving,,,
2026-07-08,u2615,experience_card_viewed,Referral,Bangalore,Weaving,,,
2026-07-08,u2616,page_view,Google Search,Varanasi,Weaving,,,
2026-07-08,u2616,booking_started,Google Search,Varanasi,Weaving,,,
2026-07-08,u2617,page_view,Travel Blog,Udaipur,Blue Pottery,,,
2026-07-08,u2617,booking_started,Travel Blog,Udaipur,Blue Pottery,,,
2026-07-08,u2617,payment_success,Travel Blog,Udaipur,Blue Pottery,CRB5336,4,1800
2026-07-08,u2617,booking_completed,Travel Blog,Udaipur,Blue Pottery,CRB5336,4,1800
2026-07-08,u2618,page_view,Instagram,Jaipur,Pottery,,,
2026-07-08,u2618,experience_card_viewed,Instagram,Jaipur,Pottery,,,
2026-07-08,u2619,page_view,Travel Blog,Udaipur,Weaving,,,
2026-07-08,u2620,page_view,Google Search,Jaipur,Pottery,,,
2026-07-08,u2621,page_view,Travel Blog,Jaipur,Block Printing,,,
2026-07-08,u2621,booking_started,Travel Blog,Jaipur,Block Printing,,,
2026-07-08,u2622,page_view,Instagram,Udaipur,Weaving,,,
2026-07-08,u2623,page_view,Google Search,Varanasi,Block Printing,,,
2026-07-08,u2624,page_view,Direct,Bangalore,Pottery,,,
2026-07-08,u2624,experience_card_viewed,Direct,Bangalore,Pottery,,,
2026-07-08,u2625,page_view,Referral,Khurja,Pottery,,,
2026-07-08,u2626,page_view,Direct,Khurja,Block Printing,,,
2026-07-08,u2627,page_view,Instagram,Khurja,Block Printing,,,
2026-07-08,u2628,page_view,Referral,Udaipur,Warli Painting,,,
2026-07-08,u2628,booking_started,Referral,Udaipur,Warli Painting,,,
2026-07-08,u2628,payment_success,Referral,Udaipur,Warli Painting,CRB5337,12,1800
2026-07-08,u2628,booking_completed,Referral,Udaipur,Warli Painting,CRB5337,12,1800
2026-07-08,u2629,page_view,Direct,Khurja,Block Printing,,,
2026-07-08,u2629,experience_card_viewed,Direct,Khurja,Block Printing,,,
2026-07-08,u2630,page_view,Instagram,Bangalore,Block Printing,,,
2026-07-08,u2630,experience_card_viewed,Instagram,Bangalore,Block Printing,,,
2026-07-08,u2631,page_view,Instagram,Jaipur,Blue Pottery,,,
2026-07-08,u2631,experience_card_viewed,Instagram,Jaipur,Blue Pottery,,,
2026-07-08,u2632,page_view,Referral,Jaipur,Pottery,,,
2026-07-08,u2633,page_view,Referral,Udaipur,Weaving,,,
2026-07-08,u2633,experience_card_viewed,Referral,Udaipur,Weaving,,,
2026-07-08,u2634,page_view,Referral,Jaipur,Warli Painting,,,
2026-07-08,u2635,page_view,Direct,Bangalore,Weaving,,,
2026-07-08,u2635,experience_card_viewed,Direct,Bangalore,Weaving,,,
2026-07-08,u2635,booking_started,Direct,Bangalore,Weaving,,,
2026-07-08,u2635,payment_success,Direct,Bangalore,Weaving,CRB5338,2,2500
2026-07-08,u2635,booking_completed,Direct,Bangalore,Weaving,CRB5338,2,2500
2026-07-08,u2636,page_view,Travel Blog,Varanasi,Pottery,,,
2026-07-08,u2636,experience_card_viewed,Travel Blog,Varanasi,Pottery,,,
2026-07-08,u2637,page_view,Google Search,Khurja,Warli Painting,,,
2026-07-08,u2638,page_view,Instagram,Khurja,Blue Pottery,,,
2026-07-08,u2638,experience_card_viewed,Instagram,Khurja,Blue Pottery,,,
2026-07-08,u2639,page_view,Direct,Jaipur,Weaving,,,
2026-07-08,u2640,page_view,Direct,Bangalore,Block Printing,,,
2026-07-08,u2641,page_view,Google Search,Varanasi,Block Printing,,,
2026-07-08,u2641,experience_card_viewed,Google Search,Varanasi,Block Printing,,,
2026-07-08,u2642,page_view,Google Search,Varanasi,Blue Pottery,,,
2026-07-08,u2642,experience_card_viewed,Google Search,Varanasi,Blue Pottery,,,
2026-07-08,u2643,page_view,Google Search,Jaipur,Block Printing,,,
2026-07-08,u2643,experience_card_viewed,Google Search,Jaipur,Block Printing,,,
2026-07-08,u2644,page_view,Google Search,Bangalore,Warli Painting,,,
2026-07-08,u2645,page_view,Instagram,Bangalore,Blue Pottery,,,
2026-07-08,u2645,experience_card_viewed,Instagram,Bangalore,Blue Pottery,,,
2026-07-08,u2646,page_view,Google Search,Udaipur,Blue Pottery,,,
2026-07-08,u2646,booking_started,Google Search,Udaipur,Blue Pottery,,,
2026-07-08,u2646,payment_success,Google Search,Udaipur,Blue Pottery,CRB5339,6,2000
2026-07-08,u2646,booking_completed,Google Search,Udaipur,Blue Pottery,CRB5339,6,2000
2026-07-08,u2646,review_submitted,Google Search,Udaipur,Blue Pottery,CRB5339,6,2000
2026-07-08,u2647,page_view,Instagram,Khurja,Blue Pottery,,,
2026-07-08,u2648,page_view,Direct,Bangalore,Block Printing,,,
2026-07-08,u2648,booking_started,Direct,Bangalore,Block Printing,,,
2026-07-08,u2648,payment_success,Direct,Bangalore,Block Printing,CRB5340,1,1500
2026-07-08,u2648,booking_completed,Direct,Bangalore,Block Printing,CRB5340,1,1500
2026-07-08,u2648,review_submitted,Direct,Bangalore,Block Printing,CRB5340,1,1500
2026-07-08,u2649,page_view,Google Search,Varanasi,Pottery,,,
2026-07-08,u2650,page_view,Instagram,Jaipur,Block Printing,,,
2026-07-08,u2650,experience_card_viewed,Instagram,Jaipur,Block Printing,,,
2026-07-08,u2651,page_view,Travel Blog,Varanasi,Pottery,,,
2026-07-08,u2651,experience_card_viewed,Travel Blog,Varanasi,Pottery,,,
2026-07-08,u2652,page_view,Referral,Bangalore,Weaving,,,
2026-07-08,u2652,booking_started,Referral,Bangalore,Weaving,,,
2026-07-08,u2653,page_view,Referral,Bangalore,Warli Painting,,,
2026-07-08,u2653,experience_card_viewed,Referral,Bangalore,Warli Painting,,,
2026-07-08,u2654,page_view,Travel Blog,Bangalore,Blue Pottery,,,
2026-07-08,u2654,experience_card_viewed,Travel Blog,Bangalore,Blue Pottery,,,
2026-07-08,u2654,booking_started,Travel Blog,Bangalore,Blue Pottery,,,
2026-07-08,u2654,payment_success,Travel Blog,Bangalore,Blue Pottery,CRB5341,3,2000
2026-07-08,u2654,booking_completed,Travel Blog,Bangalore,Blue Pottery,CRB5341,3,2000
2026-07-08,u2654,review_submitted,Travel Blog,Bangalore,Blue Pottery,CRB5341,3,2000
2026-07-08,u2655,page_view,Travel Blog,Udaipur,Block Printing,,,
2026-07-08,u2655,experience_card_viewed,Travel Blog,Udaipur,Block Printing,,,
2026-07-08,u2656,page_view,Referral,Varanasi,Warli Painting,,,
2026-07-08,u2656,experience_card_viewed,Referral,Varanasi,Warli Painting,,,
2026-07-08,u2657,page_view,Instagram,Jaipur,Weaving,,,
2026-07-08,u2658,page_view,Instagram,Udaipur,Blue Pottery,,,
2026-07-08,u2658,experience_card_viewed,Instagram,Udaipur,Blue Pottery,,,
2026-07-08,u2658,booking_started,Instagram,Udaipur,Blue Pottery,,,
2026-07-08,u2658,payment_success,Instagram,Udaipur,Blue Pottery,CRB5342,10,2500
2026-07-08,u2658,booking_completed,Instagram,Udaipur,Blue Pottery,CRB5342,10,2500
2026-07-08,u2658,review_submitted,Instagram,Udaipur,Blue Pottery,CRB5342,10,2500
2026-07-08,u2659,page_view,Referral,Varanasi,Warli Painting,,,
2026-07-08,u2659,experience_card_viewed,Referral,Varanasi,Warli Painting,,,
2026-07-08,u2659,booking_started,Referral,Varanasi,Warli Painting,,,
2026-07-08,u2659,payment_success,Referral,Varanasi,Warli Painting,CRB5343,10,3500
2026-07-08,u2659,booking_completed,Referral,Varanasi,Warli Painting,CRB5343,10,3500
2026-07-08,u2660,page_view,Travel Blog,Varanasi,Warli Painting,,,
2026-07-08,u2660,experience_card_viewed,Travel Blog,Varanasi,Warli Painting,,,
2026-07-08,u2661,page_view,Direct,Bangalore,Weaving,,,
2026-07-08,u2661,experience_card_viewed,Direct,Bangalore,Weaving,,,
2026-07-08,u2662,page_view,Google Search,Khurja,Block Printing,,,
2026-07-08,u2662,experience_card_viewed,Google Search,Khurja,Block Printing,,,
2026-07-08,u2663,page_view,Referral,Jaipur,Pottery,,,
2026-07-08,u2664,page_view,Direct,Udaipur,Block Printing,,,
2026-07-08,u2665,page_view,Referral,Bangalore,Block Printing,,,
2026-07-08,u2665,experience_card_viewed,Referral,Bangalore,Block Printing,,,
2026-07-08,u2666,page_view,Referral,Varanasi,Pottery,,,
2026-07-08,u2666,experience_card_viewed,Referral,Varanasi,Pottery,,,
2026-07-08,u2666,booking_started,Referral,Varanasi,Pottery,,,
2026-07-08,u2666,payment_success,Referral,Varanasi,Pottery,CRB5344,1,2000
2026-07-08,u2666,booking_completed,Referral,Varanasi,Pottery,CRB5344,1,2000
2026-07-08,u2667,page_view,Direct,Bangalore,Weaving,,,
2026-07-08,u2668,page_view,Referral,Varanasi,Weaving,,,
2026-07-08,u2668,booking_started,Referral,Varanasi,Weaving,,,
2026-07-08,u2668,payment_success,Referral,Varanasi,Weaving,CRB5345,2,3500
2026-07-08,u2668,booking_completed,Referral,Varanasi,Weaving,CRB5345,2,3500
2026-07-08,u2668,review_submitted,Referral,Varanasi,Weaving,CRB5345,2,3500
2026-07-08,u2669,page_view,Direct,Udaipur,Warli Painting,,,
2026-07-08,u2669,experience_card_viewed,Direct,Udaipur,Warli Painting,,,
2026-07-08,u2670,page_view,Google Search,Jaipur,Weaving,,,
2026-07-08,u2670,booking_started,Google Search,Jaipur,Weaving,,,
2026-07-08,u2671,page_view,Referral,Bangalore,Block Printing,,,
2026-07-08,u2672,page_view,Instagram,Bangalore,Blue Pottery,,,
2026-07-08,u2672,experience_card_viewed,Instagram,Bangalore,Blue Pottery,,,
2026-07-08,u2672,booking_started,Instagram,Bangalore,Blue Pottery,,,
2026-07-08,u2672,payment_success,Instagram,Bangalore,Blue Pottery,CRB5346,6,3500
2026-07-08,u2672,booking_completed,Instagram,Bangalore,Blue Pottery,CRB5346,6,3500
2026-07-08,u2672,review_submitted,Instagram,Bangalore,Blue Pottery,CRB5346,6,3500
2026-07-08,u2673,page_view,Referral,Bangalore,Weaving,,,
2026-07-08,u2673,experience_card_viewed,Referral,Bangalore,Weaving,,,
2026-07-08,u2674,page_view,Referral,Udaipur,Weaving,,,
2026-07-08,u2674,booking_started,Referral,Udaipur,Weaving,,,
2026-07-08,u2674,payment_success,Referral,Udaipur,Weaving,CRB5347,2,2500
2026-07-08,u2674,booking_completed,Referral,Udaipur,Weaving,CRB5347,2,2500
2026-07-08,u2675,page_view,Travel Blog,Bangalore,Block Printing,,,
2026-07-08,u2675,booking_started,Travel Blog,Bangalore,Block Printing,,,
2026-07-08,u2676,page_view,Instagram,Jaipur,Pottery,,,
2026-07-08,u2677,page_view,Direct,Udaipur,Warli Painting,,,
2026-07-08,u2678,page_view,Direct,Jaipur,Warli Painting,,,
2026-07-08,u2678,experience_card_viewed,Direct,Jaipur,Warli Painting,,,
2026-07-08,u2679,page_view,Travel Blog,Varanasi,Weaving,,,
2026-07-08,u2679,experience_card_viewed,Travel Blog,Varanasi,Weaving,,,
2026-07-08,u2680,page_view,Google Search,Varanasi,Pottery,,,
2026-07-08,u2681,page_view,Google Search,Udaipur,Weaving,,,
2026-07-08,u2681,booking_started,Google Search,Udaipur,Weaving,,,
2026-07-08,u2681,payment_success,Google Search,Udaipur,Weaving,CRB5348,10,2000
2026-07-08,u2681,booking_completed,Google Search,Udaipur,Weaving,CRB5348,10,2000
2026-07-08,u2682,page_view,Google Search,Udaipur,Blue Pottery,,,
2026-07-08,u2682,experience_card_viewed,Google Search,Udaipur,Blue Pottery,,,
2026-07-08,u2683,page_view,Google Search,Bangalore,Pottery,,,
2026-07-08,u2684,page_view,Direct,Khurja,Warli Painting,,,
2026-07-08,u2684,experience_card_viewed,Direct,Khurja,Warli Painting,,,
2026-07-08,u2685,page_view,Referral,Jaipur,Block Printing,,,
2026-07-08,u2685,experience_card_viewed,Referral,Jaipur,Block Printing,,,
2026-07-08,u2686,page_view,Google Search,Bangalore,Blue Pottery,,,
2026-07-08,u2687,page_view,Google Search,Udaipur,Block Printing,,,
2026-07-08,u2687,experience_card_viewed,Google Search,Udaipur,Block Printing,,,
2026-07-08,u2688,page_view,Direct,Udaipur,Block Printing,,,
2026-07-08,u2688,experience_card_viewed,Direct,Udaipur,Block Printing,,,
2026-07-08,u2688,booking_started,Direct,Udaipur,Block Printing,,,
2026-07-08,u2688,payment_success,Direct,Udaipur,Block Printing,CRB5349,2,1500
2026-07-08,u2688,booking_completed,Direct,Udaipur,Block Printing,CRB5349,2,1500
2026-07-08,u2689,page_view,Travel Blog,Bangalore,Pottery,,,
2026-07-08,u2689,booking_started,Travel Blog,Bangalore,Pottery,,,
2026-07-08,u2690,page_view,Referral,Bangalore,Warli Painting,,,
2026-07-08,u2691,page_view,Instagram,Jaipur,Weaving,,,
2026-07-08,u2692,page_view,Travel Blog,Udaipur,Weaving,,,
2026-07-08,u2693,page_view,Google Search,Bangalore,Warli Painting,,,
2026-07-08,u2693,experience_card_viewed,Google Search,Bangalore,Warli Painting,,,
2026-07-08,u2694,page_view,Direct,Bangalore,Weaving,,,
2026-07-08,u2695,page_view,Referral,Udaipur,Pottery,,,
2026-07-08,u2695,experience_card_viewed,Referral,Udaipur,Pottery,,,
2026-07-08,u2696,page_view,Instagram,Khurja,Weaving,,,
2026-07-08,u2696,experience_card_viewed,Instagram,Khurja,Weaving,,,
2026-07-08,u2696,booking_started,Instagram,Khurja,Weaving,,,
2026-07-08,u2696,payment_success,Instagram,Khurja,Weaving,CRB5350,10,2000
2026-07-08,u2696,booking_completed,Instagram,Khurja,Weaving,CRB5350,10,2000
2026-07-08,u2696,review_submitted,Instagram,Khurja,Weaving,CRB5350,10,2000
2026-07-08,u2697,page_view,Google Search,Udaipur,Warli Painting,,,
2026-07-08,u2697,experience_card_viewed,Google Search,Udaipur,Warli Painting,,,
2026-07-08,u2698,page_view,Referral,Jaipur,Weaving,,,
2026-07-08,u2698,experience_card_viewed,Referral,Jaipur,Weaving,,,
2026-07-08,u2698,booking_started,Referral,Jaipur,Weaving,,,
2026-07-08,u2698,payment_success,Referral,Jaipur,Weaving,CRB5351,12,1800
2026-07-08,u2698,booking_completed,Referral,Jaipur,Weaving,CRB5351,12,1800
2026-07-08,u2698,review_submitted,Referral,Jaipur,Weaving,CRB5351,12,1800
2026-07-08,u2699,page_view,Referral,Khurja,Block Printing,,,
2026-07-08,u2699,experience_card_viewed,Referral,Khurja,Block Printing,,,
2026-07-08,u2700,page_view,Google Search,Jaipur,Warli Painting,,,
2026-07-08,u2701,page_view,Direct,Bangalore,Pottery,,,
2026-07-08,u2701,experience_card_viewed,Direct,Bangalore,Pottery,,,
2026-07-08,u2702,page_view,Instagram,Varanasi,Pottery,,,
2026-07-08,u2702,experience_card_viewed,Instagram,Varanasi,Pottery,,,
2026-07-08,u2703,page_view,Travel Blog,Udaipur,Warli Painting,,,
2026-07-08,u2703,experience_card_viewed,Travel Blog,Udaipur,Warli Painting,,,
2026-07-08,u2704,page_view,Instagram,Jaipur,Blue Pottery,,,
2026-07-08,u2705,page_view,Instagram,Khurja,Weaving,,,
2026-07-08,u2705,booking_started,Instagram,Khurja,Weaving,,,
2026-07-08,u2705,payment_success,Instagram,Khurja,Weaving,CRB5352,2,3000
2026-07-08,u2705,booking_completed,Instagram,Khurja,Weaving,CRB5352,2,3000
2026-07-08,u2706,page_view,Travel Blog,Bangalore,Block Printing,,,
2026-07-08,u2707,page_view,Instagram,Udaipur,Block Printing,,,
2026-07-08,u2708,page_view,Referral,Khurja,Warli Painting,,,
2026-07-08,u2709,page_view,Instagram,Jaipur,Pottery,,,
2026-07-08,u2709,experience_card_viewed,Instagram,Jaipur,Pottery,,,
2026-07-08,u2710,page_view,Google Search,Khurja,Weaving,,,
2026-07-08,u2710,experience_card_viewed,Google Search,Khurja,Weaving,,,
2026-07-08,u2711,page_view,Google Search,Udaipur,Weaving,,,
2026-07-08,u2711,experience_card_viewed,Google Search,Udaipur,Weaving,,,
2026-07-08,u2712,page_view,Instagram,Bangalore,Pottery,,,
2026-07-08,u2712,experience_card_viewed,Instagram,Bangalore,Pottery,,,
2026-07-08,u2712,booking_started,Instagram,Bangalore,Pottery,,,
2026-07-08,u2712,payment_success,Instagram,Bangalore,Pottery,CRB5353,3,3000
2026-07-08,u2712,booking_completed,Instagram,Bangalore,Pottery,CRB5353,3,3000
2026-07-08,u2712,review_submitted,Instagram,Bangalore,Pottery,CRB5353,3,3000
2026-07-08,u2713,page_view,Referral,Udaipur,Warli Painting,,,
2026-07-08,u2713,booking_started,Referral,Udaipur,Warli Painting,,,
2026-07-08,u2713,payment_success,Referral,Udaipur,Warli Painting,CRB5354,3,2000
2026-07-08,u2713,booking_completed,Referral,Udaipur,Warli Painting,CRB5354,3,2000
2026-07-08,u2714,page_view,Travel Blog,Varanasi,Block Printing,,,
2026-07-08,u2714,experience_card_viewed,Travel Blog,Varanasi,Block Printing,,,
2026-07-08,u2715,page_view,Referral,Udaipur,Blue Pottery,,,
2026-07-08,u2715,experience_card_viewed,Referral,Udaipur,Blue Pottery,,,
2026-07-08,u2716,page_view,Instagram,Khurja,Blue Pottery,,,
2026-07-08,u2717,page_view,Referral,Udaipur,Pottery,,,
2026-07-08,u2718,page_view,Travel Blog,Bangalore,Blue Pottery,,,
2026-07-08,u2718,booking_started,Travel Blog,Bangalore,Blue Pottery,,,
2026-07-08,u2718,payment_success,Travel Blog,Bangalore,Blue Pottery,CRB5355,3,3500
2026-07-08,u2718,booking_completed,Travel Blog,Bangalore,Blue Pottery,CRB5355,3,3500
2026-07-08,u2718,review_submitted,Travel Blog,Bangalore,Blue Pottery,CRB5355,3,3500
2026-07-08,u2719,page_view,Travel Blog,Udaipur,Blue Pottery,,,
2026-07-08,u2719,experience_card_viewed,Travel Blog,Udaipur,Blue Pottery,,,
2026-07-08,u2720,page_view,Referral,Udaipur,Pottery,,,
2026-07-08,u2720,experience_card_viewed,Referral,Udaipur,Pottery,,,
2026-07-08,u2721,page_view,Referral,Udaipur,Blue Pottery,,,
2026-07-08,u2721,experience_card_viewed,Referral,Udaipur,Blue Pottery,,,
2026-07-08,u2722,page_view,Direct,Khurja,Block Printing,,,
2026-07-08,u2723,page_view,Referral,Khurja,Warli Painting,,,
2026-07-08,u2724,page_view,Instagram,Udaipur,Block Printing,,,
2026-07-08,u2725,page_view,Referral,Bangalore,Block Printing,,,
2026-07-08,u2726,page_view,Referral,Bangalore,Pottery,,,
2026-07-08,u2727,page_view,Travel Blog,Khurja,Weaving,,,
2026-07-08,u2728,page_view,Referral,Udaipur,Pottery,,,
2026-07-08,u2728,booking_started,Referral,Udaipur,Pottery,,,
2026-07-08,u2728,payment_success,Referral,Udaipur,Pottery,CRB5356,1,3500
2026-07-08,u2729,page_view,Instagram,Khurja,Weaving,,,
2026-07-08,u2729,experience_card_viewed,Instagram,Khurja,Weaving,,,
2026-07-08,u2729,booking_started,Instagram,Khurja,Weaving,,,
2026-07-08,u2730,page_view,Google Search,Jaipur,Weaving,,,
2026-07-08,u2731,page_view,Travel Blog,Udaipur,Pottery,,,
2026-07-08,u2732,page_view,Instagram,Jaipur,Block Printing,,,
2026-07-08,u2732,experience_card_viewed,Instagram,Jaipur,Block Printing,,,
2026-07-08,u2733,page_view,Travel Blog,Jaipur,Block Printing,,,
2026-07-08,u2734,page_view,Google Search,Jaipur,Warli Painting,,,
2026-07-08,u2734,booking_started,Google Search,Jaipur,Warli Painting,,,
2026-07-08,u2734,payment_success,Google Search,Jaipur,Warli Painting,CRB5357,4,3500
2026-07-08,u2734,booking_completed,Google Search,Jaipur,Warli Painting,CRB5357,4,3500
2026-07-08,u2735,page_view,Instagram,Varanasi,Warli Painting,,,
2026-07-08,u2735,experience_card_viewed,Instagram,Varanasi,Warli Painting,,,
2026-07-08,u2736,page_view,Instagram,Khurja,Blue Pottery,,,
2026-07-08,u2737,page_view,Direct,Bangalore,Pottery,,,
2026-07-08,u2737,experience_card_viewed,Direct,Bangalore,Pottery,,,
2026-07-08,u2738,page_view,Travel Blog,Varanasi,Warli Painting,,,
2026-07-08,u2739,page_view,Direct,Jaipur,Blue Pottery,,,
2026-07-08,u2740,page_view,Travel Blog,Bangalore,Block Printing,,,
2026-07-08,u2741,page_view,Instagram,Jaipur,Warli Painting,,,
2026-07-08,u2741,experience_card_viewed,Instagram,Jaipur,Warli Painting,,,
2026-07-08,u2742,page_view,Travel Blog,Bangalore,Pottery,,,
2026-07-08,u2742,experience_card_viewed,Travel Blog,Bangalore,Pottery,,,
2026-07-08,u2743,page_view,Travel Blog,Bangalore,Warli Painting,,,
2026-07-08,u2743,booking_started,Travel Blog,Bangalore,Warli Painting,,,
2026-07-08,u2743,payment_success,Travel Blog,Bangalore,Warli Painting,CRB5358,10,2000
2026-07-08,u2743,booking_completed,Travel Blog,Bangalore,Warli Painting,CRB5358,10,2000
2026-07-08,u2744,page_view,Referral,Khurja,Warli Painting,,,
2026-07-08,u2745,page_view,Referral,Khurja,Weaving,,,
2026-07-08,u2745,experience_card_viewed,Referral,Khurja,Weaving,,,
2026-07-08,u2746,page_view,Direct,Jaipur,Block Printing,,,
2026-07-08,u2746,experience_card_viewed,Direct,Jaipur,Block Printing,,,
2026-07-08,u2746,booking_started,Direct,Jaipur,Block Printing,,,
2026-07-08,u2746,payment_success,Direct,Jaipur,Block Printing,CRB5359,1,1800
2026-07-08,u2746,booking_completed,Direct,Jaipur,Block Printing,CRB5359,1,1800
2026-07-08,u2746,review_submitted,Direct,Jaipur,Block Printing,CRB5359,1,1800
2026-07-08,u2747,page_view,Travel Blog,Khurja,Warli Painting,,,
2026-07-08,u2747,experience_card_viewed,Travel Blog,Khurja,Warli Painting,,,
2026-07-08,u2748,page_view,Direct,Udaipur,Blue Pottery,,,
2026-07-08,u2748,experience_card_viewed,Direct,Udaipur,Blue Pottery,,,
2026-07-08,u2748,booking_started,Direct,Udaipur,Blue Pottery,,,
2026-07-08,u2749,page_view,Referral,Bangalore,Weaving,,,
2026-07-08,u2750,page_view,Google Search,Khurja,Weaving,,,
2026-07-08,u2750,booking_started,Google Search,Khurja,Weaving,,,
2026-07-08,u2750,payment_success,Google Search,Khurja,Weaving,CRB5360,6,2500
2026-07-08,u2750,booking_completed,Google Search,Khurja,Weaving,CRB5360,6,2500
2026-07-08,u2751,page_view,Direct,Udaipur,Block Printing,,,
2026-07-08,u2751,experience_card_viewed,Direct,Udaipur,Block Printing,,,
2026-07-08,u2751,booking_started,Direct,Udaipur,Block Printing,,,
2026-07-08,u2751,payment_success,Direct,Udaipur,Block Printing,CRB5361,1,2000
2026-07-08,u2751,booking_completed,Direct,Udaipur,Block Printing,CRB5361,1,2000
2026-07-08,u2751,review_submitted,Direct,Udaipur,Block Printing,CRB5361,1,2000
2026-07-08,u2752,page_view,Instagram,Bangalore,Blue Pottery,,,
2026-07-08,u2752,booking_started,Instagram,Bangalore,Blue Pottery,,,
2026-07-08,u2752,payment_success,Instagram,Bangalore,Blue Pottery,CRB5362,3,2000
2026-07-08,u2752,booking_completed,Instagram,Bangalore,Blue Pottery,CRB5362,3,2000
2026-07-08,u2753,page_view,Direct,Udaipur,Weaving,,,
2026-07-08,u2754,page_view,Google Search,Jaipur,Warli Painting,,,
2026-07-08,u2754,experience_card_viewed,Google Search,Jaipur,Warli Painting,,,
2026-07-08,u2755,page_view,Referral,Khurja,Weaving,,,
2026-07-08,u2755,booking_started,Referral,Khurja,Weaving,,,
2026-07-08,u2755,payment_success,Referral,Khurja,Weaving,CRB5363,10,2000
2026-07-08,u2755,booking_completed,Referral,Khurja,Weaving,CRB5363,10,2000
2026-07-08,u2756,page_view,Google Search,Jaipur,Pottery,,,
2026-07-08,u2756,booking_started,Google Search,Jaipur,Pottery,,,
2026-07-08,u2757,page_view,Google Search,Khurja,Pottery,,,
2026-07-08,u2757,experience_card_viewed,Google Search,Khurja,Pottery,,,
2026-07-08,u2757,booking_started,Google Search,Khurja,Pottery,,,
2026-07-08,u2757,payment_success,Google Search,Khurja,Pottery,CRB5364,1,1800
2026-07-08,u2757,booking_completed,Google Search,Khurja,Pottery,CRB5364,1,1800
2026-07-08,u2757,review_submitted,Google Search,Khurja,Pottery,CRB5364,1,1800
2026-07-08,u2758,page_view,Instagram,Khurja,Warli Painting,,,
2026-07-08,u2758,experience_card_viewed,Instagram,Khurja,Warli Painting,,,
2026-07-08,u2759,page_view,Travel Blog,Varanasi,Weaving,,,
2026-07-08,u2760,page_view,Instagram,Bangalore,Pottery,,,
2026-07-08,u2761,page_view,Referral,Khurja,Blue Pottery,,,
2026-07-08,u2762,page_view,Referral,Jaipur,Warli Painting,,,
2026-07-08,u2763,page_view,Google Search,Jaipur,Weaving,,,
2026-07-08,u2764,page_view,Referral,Udaipur,Pottery,,,
2026-07-08,u2765,page_view,Google Search,Udaipur,Weaving,,,
2026-07-08,u2765,experience_card_viewed,Google Search,Udaipur,Weaving,,,
2026-07-08,u2766,page_view,Instagram,Khurja,Blue Pottery,,,
2026-07-08,u2766,experience_card_viewed,Instagram,Khurja,Blue Pottery,,,
2026-07-08,u2766,booking_started,Instagram,Khurja,Blue Pottery,,,
2026-07-08,u2766,payment_success,Instagram,Khurja,Blue Pottery,CRB5365,6,1500
2026-07-08,u2767,page_view,Referral,Jaipur,Weaving,,,
2026-07-08,u2768,page_view,Referral,Varanasi,Block Printing,,,
2026-07-08,u2769,page_view,Travel Blog,Bangalore,Blue Pottery,,,
2026-07-08,u2769,experience_card_viewed,Travel Blog,Bangalore,Blue Pottery,,,
2026-07-08,u2770,page_view,Direct,Jaipur,Block Printing,,,
2026-07-08,u2770,experience_card_viewed,Direct,Jaipur,Block Printing,,,
2026-07-08,u2771,page_view,Google Search,Khurja,Pottery,,,
2026-07-08,u2771,experience_card_viewed,Google Search,Khurja,Pottery,,,
2026-07-08,u2772,page_view,Instagram,Jaipur,Blue Pottery,,,
2026-07-08,u2772,booking_started,Instagram,Jaipur,Blue Pottery,,,
2026-07-08,u2772,payment_success,Instagram,Jaipur,Blue Pottery,CRB5366,4,3500
2026-07-08,u2772,booking_completed,Instagram,Jaipur,Blue Pottery,CRB5366,4,3500
2026-07-08,u2773,page_view,Referral,Bangalore,Block Printing,,,
2026-07-08,u2774,page_view,Instagram,Jaipur,Pottery,,,
2026-07-08,u2775,page_view,Referral,Jaipur,Pottery,,,
2026-07-08,u2775,experience_card_viewed,Referral,Jaipur,Pottery,,,
2026-07-08,u2775,booking_started,Referral,Jaipur,Pottery,,,
2026-07-08,u2775,payment_success,Referral,Jaipur,Pottery,CRB5367,10,1800
2026-07-08,u2775,booking_completed,Referral,Jaipur,Pottery,CRB5367,10,1800
2026-07-08,u2776,page_view,Referral,Jaipur,Weaving,,,
2026-07-08,u2776,experience_card_viewed,Referral,Jaipur,Weaving,,,
2026-07-08,u2777,page_view,Instagram,Bangalore,Blue Pottery,,,
2026-07-08,u2777,experience_card_viewed,Instagram,Bangalore,Blue Pottery,,,
2026-07-08,u2778,page_view,Google Search,Jaipur,Pottery,,,
2026-07-08,u2778,experience_card_viewed,Google Search,Jaipur,Pottery,,,
2026-07-08,u2779,page_view,Instagram,Khurja,Block Printing,,,
2026-07-08,u2779,experience_card_viewed,Instagram,Khurja,Block Printing,,,
2026-07-08,u2780,page_view,Instagram,Khurja,Weaving,,,
2026-07-08,u2781,page_view,Google Search,Khurja,Weaving,,,
2026-07-08,u2781,experience_card_viewed,Google Search,Khurja,Weaving,,,
2026-07-08,u2782,page_view,Google Search,Varanasi,Pottery,,,
2026-07-08,u2783,page_view,Google Search,Varanasi,Pottery,,,
2026-07-08,u2783,experience_card_viewed,Google Search,Varanasi,Pottery,,,
2026-07-08,u2784,page_view,Travel Blog,Varanasi,Block Printing,,,
2026-07-08,u2784,experience_card_viewed,Travel Blog,Varanasi,Block Printing,,,
2026-07-08,u2785,page_view,Referral,Bangalore,Blue Pottery,,,
2026-07-08,u2786,page_view,Google Search,Jaipur,Warli Painting,,,
2026-07-08,u2786,experience_card_viewed,Google Search,Jaipur,Warli Painting,,,
2026-07-08,u2787,page_view,Google Search,Udaipur,Weaving,,,
2026-07-08,u2788,page_view,Referral,Khurja,Weaving,,,
2026-07-08,u2789,page_view,Referral,Jaipur,Warli Painting,,,
2026-07-08,u2789,booking_started,Referral,Jaipur,Warli Painting,,,
2026-07-08,u2789,payment_success,Referral,Jaipur,Warli Painting,CRB5368,1,1500
2026-07-08,u2789,booking_completed,Referral,Jaipur,Warli Painting,CRB5368,1,1500
2026-07-08,u2790,page_view,Direct,Udaipur,Warli Painting,,,
2026-07-08,u2791,page_view,Instagram,Varanasi,Block Printing,,,
2026-07-08,u2791,experience_card_viewed,Instagram,Varanasi,Block Printing,,,
2026-07-08,u2792,page_view,Referral,Jaipur,Pottery,,,
2026-07-08,u2793,page_view,Travel Blog,Bangalore,Pottery,,,
2026-07-08,u2794,page_view,Direct,Udaipur,Warli Painting,,,
2026-07-08,u2795,page_view,Travel Blog,Udaipur,Pottery,,,
2026-07-08,u2795,experience_card_viewed,Travel Blog,Udaipur,Pottery,,,
2026-07-08,u2796,page_view,Referral,Udaipur,Blue Pottery,,,
2026-07-08,u2796,experience_card_viewed,Referral,Udaipur,Blue Pottery,,,
2026-07-08,u2797,page_view,Google Search,Bangalore,Block Printing,,,
2026-07-08,u2797,experience_card_viewed,Google Search,Bangalore,Block Printing,,,
2026-07-08,u2798,page_view,Direct,Udaipur,Warli Painting,,,
2026-07-08,u2798,experience_card_viewed,Direct,Udaipur,Warli Painting,,,
2026-07-08,u2799,page_view,Referral,Bangalore,Warli Painting,,,
2026-07-08,u2799,experience_card_viewed,Referral,Bangalore,Warli Painting,,,
2026-07-08,u2800,page_view,Google Search,Khurja,Weaving,,,
2026-07-08,u2800,booking_started,Google Search,Khurja,Weaving,,,
2026-07-08,u2800,payment_success,Google Search,Khurja,Weaving,CRB5369,2,3500
2026-07-08,u2800,booking_completed,Google Search,Khurja,Weaving,CRB5369,2,3500
2026-07-08,u2800,review_submitted,Google Search,Khurja,Weaving,CRB5369,2,3500
2026-07-08,u2801,page_view,Referral,Varanasi,Block Printing,,,
2026-07-08,u2801,experience_card_viewed,Referral,Varanasi,Block Printing,,,
2026-07-08,u2802,page_view,Travel Blog,Jaipur,Pottery,,,
2026-07-08,u2802,experience_card_viewed,Travel Blog,Jaipur,Pottery,,,
2026-07-08,u2803,page_view,Referral,Jaipur,Blue Pottery,,,
2026-07-08,u2803,experience_card_viewed,Referral,Jaipur,Blue Pottery,,,
2026-07-08,u2803,booking_started,Referral,Jaipur,Blue Pottery,,,
2026-07-08,u2803,payment_success,Referral,Jaipur,Blue Pottery,CRB5370,10,3000
2026-07-08,u2803,booking_completed,Referral,Jaipur,Blue Pottery,CRB5370,10,3000
2026-07-08,u2804,page_view,Travel Blog,Khurja,Weaving,,,
2026-07-08,u2804,booking_started,Travel Blog,Khurja,Weaving,,,
2026-07-08,u2805,page_view,Referral,Udaipur,Warli Painting,,,
2026-07-08,u2805,experience_card_viewed,Referral,Udaipur,Warli Painting,,,
2026-07-08,u2805,booking_started,Referral,Udaipur,Warli Painting,,,
2026-07-08,u2805,payment_success,Referral,Udaipur,Warli Painting,CRB5371,1,1800
2026-07-08,u2805,booking_completed,Referral,Udaipur,Warli Painting,CRB5371,1,1800
2026-07-08,u2805,review_submitted,Referral,Udaipur,Warli Painting,CRB5371,1,1800
2026-07-08,u2806,page_view,Instagram,Bangalore,Warli Painting,,,
2026-07-08,u2807,page_view,Google Search,Khurja,Blue Pottery,,,
2026-07-08,u2807,experience_card_viewed,Google Search,Khurja,Blue Pottery,,,
2026-07-08,u2807,booking_started,Google Search,Khurja,Blue Pottery,,,
2026-07-08,u2807,payment_success,Google Search,Khurja,Blue Pottery,CRB5372,6,2200
2026-07-08,u2807,booking_completed,Google Search,Khurja,Blue Pottery,CRB5372,6,2200
2026-07-08,u2807,review_submitted,Google Search,Khurja,Blue Pottery,CRB5372,6,2200
2026-07-08,u2808,page_view,Referral,Udaipur,Pottery,,,
2026-07-08,u2808,experience_card_viewed,Referral,Udaipur,Pottery,,,
2026-07-08,u2809,page_view,Instagram,Udaipur,Block Printing,,,
2026-07-08,u2809,experience_card_viewed,Instagram,Udaipur,Block Printing,,,
2026-07-08,u2810,page_view,Travel Blog,Jaipur,Pottery,,,
2026-07-08,u2810,experience_card_viewed,Travel Blog,Jaipur,Pottery,,,
2026-07-08,u2811,page_view,Travel Blog,Udaipur,Block Printing,,,
2026-07-08,u2811,experience_card_viewed,Travel Blog,Udaipur,Block Printing,,,
2026-07-08,u2812,page_view,Travel Blog,Udaipur,Block Printing,,,
2026-07-08,u2812,experience_card_viewed,Travel Blog,Udaipur,Block Printing,,,
2026-07-08,u2812,booking_started,Travel Blog,Udaipur,Block Printing,,,
2026-07-08,u2812,payment_success,Travel Blog,Udaipur,Block Printing,CRB5373,12,2500
2026-07-08,u2812,booking_completed,Travel Blog,Udaipur,Block Printing,CRB5373,12,2500
2026-07-08,u2813,page_view,Google Search,Udaipur,Warli Painting,,,
2026-07-08,u2814,page_view,Instagram,Khurja,Block Printing,,,
2026-07-08,u2814,experience_card_viewed,Instagram,Khurja,Block Printing,,,
2026-07-08,u2815,page_view,Direct,Varanasi,Pottery,,,
2026-07-08,u2815,experience_card_viewed,Direct,Varanasi,Pottery,,,
2026-07-08,u2816,page_view,Travel Blog,Udaipur,Block Printing,,,
2026-07-08,u2816,experience_card_viewed,Travel Blog,Udaipur,Block Printing,,,
2026-07-08,u2816,booking_started,Travel Blog,Udaipur,Block Printing,,,
2026-07-08,u2817,page_view,Travel Blog,Varanasi,Block Printing,,,
2026-07-08,u2818,page_view,Referral,Udaipur,Weaving,,,
2026-07-08,u2819,page_view,Instagram,Bangalore,Weaving,,,
2026-07-08,u2819,experience_card_viewed,Instagram,Bangalore,Weaving,,,
2026-07-08,u2820,page_view,Instagram,Udaipur,Weaving,,,
2026-07-08,u2820,experience_card_viewed,Instagram,Udaipur,Weaving,,,
2026-07-08,u2820,booking_started,Instagram,Udaipur,Weaving,,,
2026-07-08,u2820,payment_success,Instagram,Udaipur,Weaving,CRB5374,1,2500
2026-07-08,u2820,booking_completed,Instagram,Udaipur,Weaving,CRB5374,1,2500
2026-07-08,u2820,review_submitted,Instagram,Udaipur,Weaving,CRB5374,1,2500
2026-07-08,u2821,page_view,Google Search,Udaipur,Blue Pottery,,,
2026-07-08,u2822,page_view,Travel Blog,Bangalore,Pottery,,,
2026-07-08,u2823,page_view,Direct,Bangalore,Blue Pottery,,,
2026-07-08,u2823,experience_card_viewed,Direct,Bangalore,Blue Pottery,,,
2026-07-08,u2824,page_view,Instagram,Khurja,Warli Painting,,,
2026-07-08,u2825,page_view,Instagram,Udaipur,Warli Painting,,,
2026-07-08,u2825,booking_started,Instagram,Udaipur,Warli Painting,,,
2026-07-08,u2826,page_view,Referral,Udaipur,Blue Pottery,,,
2026-07-08,u2826,experience_card_viewed,Referral,Udaipur,Blue Pottery,,,
2026-07-08,u2827,page_view,Referral,Jaipur,Blue Pottery,,,
2026-07-08,u2828,page_view,Direct,Varanasi,Weaving,,,
2026-07-08,u2829,page_view,Google Search,Jaipur,Weaving,,,
2026-07-08,u2829,booking_started,Google Search,Jaipur,Weaving,,,
2026-07-08,u2830,page_view,Referral,Khurja,Weaving,,,
2026-07-08,u2830,experience_card_viewed,Referral,Khurja,Weaving,,,
2026-07-08,u2830,booking_started,Referral,Khurja,Weaving,,,
2026-07-08,u2830,payment_success,Referral,Khurja,Weaving,CRB5375,2,3000
2026-07-08,u2830,booking_completed,Referral,Khurja,Weaving,CRB5375,2,3000
2026-07-08,u2830,review_submitted,Referral,Khurja,Weaving,CRB5375,2,3000
2026-07-08,u2831,page_view,Referral,Udaipur,Warli Painting,,,
2026-07-08,u2832,page_view,Instagram,Khurja,Pottery,,,
2026-07-08,u2832,experience_card_viewed,Instagram,Khurja,Pottery,,,
2026-07-08,u2833,page_view,Instagram,Bangalore,Weaving,,,
2026-07-08,u2834,page_view,Travel Blog,Bangalore,Blue Pottery,,,
2026-07-08,u2835,page_view,Travel Blog,Udaipur,Warli Painting,,,
2026-07-08,u2835,experience_card_viewed,Travel Blog,Udaipur,Warli Painting,,,
2026-07-08,u2836,page_view,Referral,Udaipur,Pottery,,,
2026-07-08,u2836,experience_card_viewed,Referral,Udaipur,Pottery,,,
2026-07-08,u2837,page_view,Google Search,Bangalore,Pottery,,,
2026-07-08,u2837,booking_started,Google Search,Bangalore,Pottery,,,
2026-07-08,u2837,payment_success,Google Search,Bangalore,Pottery,CRB5376,2,3000
2026-07-08,u2837,booking_completed,Google Search,Bangalore,Pottery,CRB5376,2,3000
2026-07-08,u2838,page_view,Referral,Varanasi,Blue Pottery,,,
2026-07-08,u2838,booking_started,Referral,Varanasi,Blue Pottery,,,
2026-07-08,u2838,payment_success,Referral,Varanasi,Blue Pottery,CRB5377,2,2500
2026-07-08,u2838,booking_completed,Referral,Varanasi,Blue Pottery,CRB5377,2,2500
2026-07-08,u2838,review_submitted,Referral,Varanasi,Blue Pottery,CRB5377,2,2500
2026-07-08,u2839,page_view,Travel Blog,Khurja,Blue Pottery,,,
2026-07-08,u2839,booking_started,Travel Blog,Khurja,Blue Pottery,,,
2026-07-08,u2839,payment_success,Travel Blog,Khurja,Blue Pottery,CRB5378,2,1500
2026-07-08,u2839,booking_completed,Travel Blog,Khurja,Blue Pottery,CRB5378,2,1500
2026-07-08,u2839,review_submitted,Travel Blog,Khurja,Blue Pottery,CRB5378,2,1500
2026-07-08,u2840,page_view,Travel Blog,Bangalore,Blue Pottery,,,
2026-07-08,u2840,experience_card_viewed,Travel Blog,Bangalore,Blue Pottery,,,
2026-07-08,u2840,booking_started,Travel Blog,Bangalore,Blue Pottery,,,
2026-07-08,u2841,page_view,Referral,Varanasi,Weaving,,,
2026-07-08,u2842,page_view,Referral,Bangalore,Warli Painting,,,
2026-07-08,u2842,booking_started,Referral,Bangalore,Warli Painting,,,
2026-07-08,u2842,payment_success,Referral,Bangalore,Warli Painting,CRB5379,12,2000
2026-07-08,u2842,booking_completed,Referral,Bangalore,Warli Painting,CRB5379,12,2000
2026-07-08,u2842,review_submitted,Referral,Bangalore,Warli Painting,CRB5379,12,2000
2026-07-08,u2843,page_view,Instagram,Bangalore,Weaving,,,
2026-07-08,u2844,page_view,Instagram,Udaipur,Warli Painting,,,
2026-07-08,u2845,page_view,Travel Blog,Khurja,Block Printing,,,
2026-07-08,u2845,booking_started,Travel Blog,Khurja,Block Printing,,,
2026-07-08,u2845,payment_success,Travel Blog,Khurja,Block Printing,CRB5380,2,2500
2026-07-08,u2845,booking_completed,Travel Blog,Khurja,Block Printing,CRB5380,2,2500
2026-07-08,u2845,review_submitted,Travel Blog,Khurja,Block Printing,CRB5380,2,2500
2026-07-08,u2846,page_view,Direct,Udaipur,Block Printing,,,
2026-07-08,u2846,booking_started,Direct,Udaipur,Block Printing,,,
2026-07-08,u2846,payment_success,Direct,Udaipur,Block Printing,CRB5381,10,2500
2026-07-08,u2846,booking_completed,Direct,Udaipur,Block Printing,CRB5381,10,2500
2026-07-08,u2846,review_submitted,Direct,Udaipur,Block Printing,CRB5381,10,2500
2026-07-08,u2847,page_view,Google Search,Khurja,Blue Pottery,,,
2026-07-08,u2848,page_view,Referral,Khurja,Weaving,,,
2026-07-08,u2848,experience_card_viewed,Referral,Khurja,Weaving,,,
2026-07-08,u2848,booking_started,Referral,Khurja,Weaving,,,
2026-07-08,u2848,payment_success,Referral,Khurja,Weaving,CRB5382,12,1800
2026-07-08,u2848,booking_completed,Referral,Khurja,Weaving,CRB5382,12,1800
2026-07-08,u2848,review_submitted,Referral,Khurja,Weaving,CRB5382,12,1800
2026-07-08,u2849,page_view,Instagram,Bangalore,Weaving,,,
2026-07-08,u2850,page_view,Google Search,Udaipur,Block Printing,,,
2026-07-08,u2850,experience_card_viewed,Google Search,Udaipur,Block Printing,,,
2026-07-08,u2850,booking_started,Google Search,Udaipur,Block Printing,,,
2026-07-08,u2850,payment_success,Google Search,Udaipur,Block Printing,CRB5383,12,3500
2026-07-08,u2850,booking_completed,Google Search,Udaipur,Block Printing,CRB5383,12,3500
2026-07-08,u2851,page_view,Direct,Bangalore,Block Printing,,,
2026-07-08,u2851,experience_card_viewed,Direct,Bangalore,Block Printing,,,
2026-07-08,u2852,page_view,Instagram,Varanasi,Blue Pottery,,,
2026-07-08,u2853,page_view,Instagram,Varanasi,Blue Pottery,,,
2026-07-08,u2854,page_view,Travel Blog,Udaipur,Block Printing,,,
2026-07-08,u2854,experience_card_viewed,Travel Blog,Udaipur,Block Printing,,,
2026-07-08,u2855,page_view,Direct,Jaipur,Pottery,,,
2026-07-08,u2855,experience_card_viewed,Direct,Jaipur,Pottery,,,
2026-07-08,u2856,page_view,Google Search,Khurja,Blue Pottery,,,
2026-07-08,u2856,experience_card_viewed,Google Search,Khurja,Blue Pottery,,,
2026-07-08,u2856,booking_started,Google Search,Khurja,Blue Pottery,,,
2026-07-08,u2856,payment_success,Google Search,Khurja,Blue Pottery,CRB5384,2,2200
2026-07-08,u2856,booking_completed,Google Search,Khurja,Blue Pottery,CRB5384,2,2200
2026-07-08,u2857,page_view,Travel Blog,Varanasi,Blue Pottery,,,
2026-07-08,u2858,page_view,Direct,Jaipur,Pottery,,,
2026-07-08,u2858,experience_card_viewed,Direct,Jaipur,Pottery,,,
2026-07-08,u2859,page_view,Google Search,Varanasi,Warli Painting,,,
2026-07-08,u2859,experience_card_viewed,Google Search,Varanasi,Warli Painting,,,
2026-07-08,u2860,page_view,Google Search,Bangalore,Weaving,,,
2026-07-08,u2860,experience_card_viewed,Google Search,Bangalore,Weaving,,,
2026-07-08,u2861,page_view,Referral,Khurja,Pottery,,,
2026-07-08,u2861,experience_card_viewed,Referral,Khurja,Pottery,,,
2026-07-08,u2862,page_view,Travel Blog,Varanasi,Pottery,,,
2026-07-08,u2862,experience_card_viewed,Travel Blog,Varanasi,Pottery,,,
2026-07-08,u2862,booking_started,Travel Blog,Varanasi,Pottery,,,
2026-07-08,u2862,payment_success,Travel Blog,Varanasi,Pottery,CRB5385,1,2000
2026-07-08,u2862,booking_completed,Travel Blog,Varanasi,Pottery,CRB5385,1,2000
2026-07-08,u2863,page_view,Direct,Khurja,Weaving,,,
2026-07-08,u2864,page_view,Direct,Varanasi,Warli Painting,,,
2026-07-08,u2864,experience_card_viewed,Direct,Varanasi,Warli Painting,,,
2026-07-08,u2865,page_view,Travel Blog,Khurja,Warli Painting,,,
2026-07-08,u2865,experience_card_viewed,Travel Blog,Khurja,Warli Painting,,,
2026-07-08,u2866,page_view,Travel Blog,Jaipur,Block Printing,,,
2026-07-08,u2866,experience_card_viewed,Travel Blog,Jaipur,Block Printing,,,
2026-07-08,u2867,page_view,Google Search,Khurja,Weaving,,,
2026-07-08,u2868,page_view,Instagram,Khurja,Weaving,,,
2026-07-08,u2868,experience_card_viewed,Instagram,Khurja,Weaving,,,
2026-07-08,u2869,page_view,Instagram,Bangalore,Pottery,,,
2026-07-08,u2870,page_view,Instagram,Udaipur,Block Printing,,,
2026-07-08,u2871,page_view,Referral,Bangalore,Warli Painting,,,
2026-07-08,u2872,page_view,Instagram,Jaipur,Blue Pottery,,,
2026-07-08,u2872,booking_started,Instagram,Jaipur,Blue Pottery,,,
2026-07-08,u2872,payment_success,Instagram,Jaipur,Blue Pottery,CRB5386,2,3000
2026-07-08,u2873,page_view,Travel Blog,Khurja,Block Printing,,,
2026-07-08,u2873,booking_started,Travel Blog,Khurja,Block Printing,,,
2026-07-08,u2873,payment_success,Travel Blog,Khurja,Block Printing,CRB5387,3,3000
2026-07-08,u2873,booking_completed,Travel Blog,Khurja,Block Printing,CRB5387,3,3000
2026-07-08,u2873,review_submitted,Travel Blog,Khurja,Block Printing,CRB5387,3,3000
2026-07-08,u2874,page_view,Google Search,Khurja,Pottery,,,
2026-07-08,u2875,page_view,Travel Blog,Jaipur,Warli Painting,,,
2026-07-08,u2875,booking_started,Travel Blog,Jaipur,Warli Painting,,,
2026-07-08,u2876,page_view,Instagram,Khurja,Blue Pottery,,,
2026-07-08,u2876,experience_card_viewed,Instagram,Khurja,Blue Pottery,,,
2026-07-08,u2876,booking_started,Instagram,Khurja,Blue Pottery,,,
2026-07-08,u2876,payment_success,Instagram,Khurja,Blue Pottery,CRB5388,3,2500
2026-07-08,u2876,booking_completed,Instagram,Khurja,Blue Pottery,CRB5388,3,2500
2026-07-08,u2877,page_view,Google Search,Bangalore,Warli Painting,,,
2026-07-08,u2878,page_view,Referral,Udaipur,Warli Painting,,,
2026-07-08,u2878,experience_card_viewed,Referral,Udaipur,Warli Painting,,,
2026-07-09,u2879,page_view,Direct,Udaipur,Warli Painting,,,
2026-07-09,u2879,experience_card_viewed,Direct,Udaipur,Warli Painting,,,
2026-07-09,u2880,page_view,Referral,Bangalore,Pottery,,,
2026-07-09,u2880,experience_card_viewed,Referral,Bangalore,Pottery,,,
2026-07-09,u2881,page_view,Direct,Varanasi,Blue Pottery,,,
2026-07-09,u2881,experience_card_viewed,Direct,Varanasi,Blue Pottery,,,
2026-07-09,u2882,page_view,Google Search,Udaipur,Block Printing,,,
2026-07-09,u2882,experience_card_viewed,Google Search,Udaipur,Block Printing,,,
2026-07-09,u2883,page_view,Travel Blog,Udaipur,Pottery,,,
2026-07-09,u2883,experience_card_viewed,Travel Blog,Udaipur,Pottery,,,
2026-07-09,u2884,page_view,Referral,Jaipur,Blue Pottery,,,
2026-07-09,u2884,experience_card_viewed,Referral,Jaipur,Blue Pottery,,,
2026-07-09,u2885,page_view,Google Search,Khurja,Block Printing,,,
2026-07-09,u2885,booking_started,Google Search,Khurja,Block Printing,,,
2026-07-09,u2885,payment_success,Google Search,Khurja,Block Printing,CRB5389,6,3500
2026-07-09,u2885,booking_completed,Google Search,Khurja,Block Printing,CRB5389,6,3500
2026-07-09,u2885,review_submitted,Google Search,Khurja,Block Printing,CRB5389,6,3500
2026-07-09,u2886,page_view,Google Search,Varanasi,Pottery,,,
2026-07-09,u2886,experience_card_viewed,Google Search,Varanasi,Pottery,,,
2026-07-09,u2887,page_view,Google Search,Khurja,Warli Painting,,,
2026-07-09,u2888,page_view,Direct,Udaipur,Warli Painting,,,
2026-07-09,u2889,page_view,Referral,Khurja,Weaving,,,
2026-07-09,u2889,experience_card_viewed,Referral,Khurja,Weaving,,,
2026-07-09,u2890,page_view,Referral,Varanasi,Pottery,,,
2026-07-09,u2890,experience_card_viewed,Referral,Varanasi,Pottery,,,
2026-07-09,u2891,page_view,Referral,Udaipur,Weaving,,,
2026-07-09,u2891,experience_card_viewed,Referral,Udaipur,Weaving,,,
2026-07-09,u2892,page_view,Travel Blog,Jaipur,Blue Pottery,,,
2026-07-09,u2892,experience_card_viewed,Travel Blog,Jaipur,Blue Pottery,,,
2026-07-09,u2893,page_view,Google Search,Udaipur,Weaving,,,
2026-07-09,u2893,experience_card_viewed,Google Search,Udaipur,Weaving,,,
2026-07-09,u2894,page_view,Google Search,Varanasi,Weaving,,,
2026-07-09,u2894,booking_started,Google Search,Varanasi,Weaving,,,
2026-07-09,u2894,payment_success,Google Search,Varanasi,Weaving,CRB5390,10,2000
2026-07-09,u2894,booking_completed,Google Search,Varanasi,Weaving,CRB5390,10,2000
2026-07-09,u2895,page_view,Instagram,Jaipur,Pottery,,,
2026-07-09,u2895,experience_card_viewed,Instagram,Jaipur,Pottery,,,
2026-07-09,u2896,page_view,Direct,Udaipur,Block Printing,,,
2026-07-09,u2897,page_view,Travel Blog,Khurja,Weaving,,,
2026-07-09,u2898,page_view,Instagram,Jaipur,Block Printing,,,
2026-07-09,u2898,booking_started,Instagram,Jaipur,Block Printing,,,
2026-07-09,u2898,payment_success,Instagram,Jaipur,Block Printing,CRB5391,4,1500
2026-07-09,u2898,booking_completed,Instagram,Jaipur,Block Printing,CRB5391,4,1500
2026-07-09,u2899,page_view,Direct,Varanasi,Warli Painting,,,
2026-07-09,u2899,experience_card_viewed,Direct,Varanasi,Warli Painting,,,
2026-07-09,u2899,booking_started,Direct,Varanasi,Warli Painting,,,
2026-07-09,u2899,payment_success,Direct,Varanasi,Warli Painting,CRB5392,4,2500
2026-07-09,u2899,booking_completed,Direct,Varanasi,Warli Painting,CRB5392,4,2500
2026-07-09,u2899,review_submitted,Direct,Varanasi,Warli Painting,CRB5392,4,2500
2026-07-09,u2900,page_view,Travel Blog,Khurja,Pottery,,,
2026-07-09,u2900,experience_card_viewed,Travel Blog,Khurja,Pottery,,,
2026-07-09,u2900,booking_started,Travel Blog,Khurja,Pottery,,,
2026-07-09,u2900,payment_success,Travel Blog,Khurja,Pottery,CRB5393,3,3000
2026-07-09,u2901,page_view,Instagram,Khurja,Block Printing,,,
2026-07-09,u2902,page_view,Travel Blog,Jaipur,Warli Painting,,,
2026-07-09,u2902,experience_card_viewed,Travel Blog,Jaipur,Warli Painting,,,
2026-07-09,u2903,page_view,Referral,Jaipur,Warli Painting,,,
2026-07-09,u2903,experience_card_viewed,Referral,Jaipur,Warli Painting,,,
2026-07-09,u2903,booking_started,Referral,Jaipur,Warli Painting,,,
2026-07-09,u2903,payment_success,Referral,Jaipur,Warli Painting,CRB5394,6,3500
2026-07-09,u2903,booking_completed,Referral,Jaipur,Warli Painting,CRB5394,6,3500
2026-07-09,u2903,review_submitted,Referral,Jaipur,Warli Painting,CRB5394,6,3500
2026-07-09,u2904,page_view,Instagram,Bangalore,Block Printing,,,
2026-07-09,u2905,page_view,Instagram,Bangalore,Blue Pottery,,,
2026-07-09,u2906,page_view,Instagram,Udaipur,Weaving,,,
2026-07-09,u2906,experience_card_viewed,Instagram,Udaipur,Weaving,,,
2026-07-09,u2907,page_view,Google Search,Varanasi,Block Printing,,,
2026-07-09,u2907,experience_card_viewed,Google Search,Varanasi,Block Printing,,,
2026-07-09,u2908,page_view,Travel Blog,Bangalore,Blue Pottery,,,
2026-07-09,u2909,page_view,Referral,Jaipur,Warli Painting,,,
2026-07-09,u2909,booking_started,Referral,Jaipur,Warli Painting,,,
2026-07-09,u2909,payment_success,Referral,Jaipur,Warli Painting,CRB5395,10,1800
2026-07-09,u2909,booking_completed,Referral,Jaipur,Warli Painting,CRB5395,10,1800
2026-07-09,u2909,review_submitted,Referral,Jaipur,Warli Painting,CRB5395,10,1800
2026-07-09,u2910,page_view,Google Search,Bangalore,Weaving,,,
2026-07-09,u2911,page_view,Direct,Khurja,Pottery,,,
2026-07-09,u2911,booking_started,Direct,Khurja,Pottery,,,
2026-07-09,u2911,payment_success,Direct,Khurja,Pottery,CRB5396,1,2500
2026-07-09,u2911,booking_completed,Direct,Khurja,Pottery,CRB5396,1,2500
2026-07-09,u2912,page_view,Referral,Varanasi,Pottery,,,
2026-07-09,u2912,booking_started,Referral,Varanasi,Pottery,,,
2026-07-09,u2912,payment_success,Referral,Varanasi,Pottery,CRB5397,4,1800
2026-07-09,u2913,page_view,Google Search,Udaipur,Block Printing,,,
2026-07-09,u2914,page_view,Travel Blog,Khurja,Blue Pottery,,,
2026-07-09,u2914,experience_card_viewed,Travel Blog,Khurja,Blue Pottery,,,
2026-07-09,u2915,page_view,Google Search,Khurja,Blue Pottery,,,
2026-07-09,u2915,booking_started,Google Search,Khurja,Blue Pottery,,,
2026-07-09,u2916,page_view,Direct,Bangalore,Warli Painting,,,
2026-07-09,u2916,experience_card_viewed,Direct,Bangalore,Warli Painting,,,
2026-07-09,u2917,page_view,Instagram,Udaipur,Warli Painting,,,
2026-07-09,u2917,experience_card_viewed,Instagram,Udaipur,Warli Painting,,,
2026-07-09,u2918,page_view,Travel Blog,Khurja,Pottery,,,
2026-07-09,u2919,page_view,Referral,Udaipur,Weaving,,,
2026-07-09,u2919,experience_card_viewed,Referral,Udaipur,Weaving,,,
2026-07-09,u2920,page_view,Instagram,Jaipur,Blue Pottery,,,
2026-07-09,u2921,page_view,Instagram,Varanasi,Weaving,,,
2026-07-09,u2922,page_view,Travel Blog,Varanasi,Pottery,,,
2026-07-09,u2922,booking_started,Travel Blog,Varanasi,Pottery,,,
2026-07-09,u2922,payment_success,Travel Blog,Varanasi,Pottery,CRB5398,10,2200
2026-07-09,u2922,booking_completed,Travel Blog,Varanasi,Pottery,CRB5398,10,2200
2026-07-09,u2923,page_view,Google Search,Khurja,Warli Painting,,,
2026-07-09,u2923,experience_card_viewed,Google Search,Khurja,Warli Painting,,,
2026-07-09,u2924,page_view,Google Search,Udaipur,Block Printing,,,
2026-07-09,u2924,experience_card_viewed,Google Search,Udaipur,Block Printing,,,
2026-07-09,u2925,page_view,Referral,Varanasi,Warli Painting,,,
2026-07-09,u2925,experience_card_viewed,Referral,Varanasi,Warli Painting,,,
2026-07-09,u2925,booking_started,Referral,Varanasi,Warli Painting,,,
2026-07-09,u2925,payment_success,Referral,Varanasi,Warli Painting,CRB5399,2,3000
2026-07-09,u2925,booking_completed,Referral,Varanasi,Warli Painting,CRB5399,2,3000
2026-07-09,u2926,page_view,Travel Blog,Khurja,Weaving,,,
2026-07-09,u2926,experience_card_viewed,Travel Blog,Khurja,Weaving,,,
2026-07-09,u2927,page_view,Referral,Bangalore,Weaving,,,
2026-07-09,u2927,experience_card_viewed,Referral,Bangalore,Weaving,,,
2026-07-09,u2927,booking_started,Referral,Bangalore,Weaving,,,
2026-07-09,u2927,payment_success,Referral,Bangalore,Weaving,CRB5400,12,1500
2026-07-09,u2927,booking_completed,Referral,Bangalore,Weaving,CRB5400,12,1500
2026-07-09,u2927,review_submitted,Referral,Bangalore,Weaving,CRB5400,12,1500
2026-07-09,u2928,page_view,Direct,Khurja,Pottery,,,
2026-07-09,u2928,experience_card_viewed,Direct,Khurja,Pottery,,,
2026-07-09,u2929,page_view,Google Search,Jaipur,Blue Pottery,,,
2026-07-09,u2929,booking_started,Google Search,Jaipur,Blue Pottery,,,
2026-07-09,u2929,payment_success,Google Search,Jaipur,Blue Pottery,CRB5401,10,3500
2026-07-09,u2929,booking_completed,Google Search,Jaipur,Blue Pottery,CRB5401,10,3500
2026-07-09,u2929,review_submitted,Google Search,Jaipur,Blue Pottery,CRB5401,10,3500
2026-07-09,u2930,page_view,Travel Blog,Varanasi,Pottery,,,
2026-07-09,u2930,experience_card_viewed,Travel Blog,Varanasi,Pottery,,,
2026-07-09,u2931,page_view,Direct,Jaipur,Blue Pottery,,,
2026-07-09,u2931,experience_card_viewed,Direct,Jaipur,Blue Pottery,,,
2026-07-09,u2932,page_view,Direct,Khurja,Pottery,,,
2026-07-09,u2932,experience_card_viewed,Direct,Khurja,Pottery,,,
2026-07-09,u2932,booking_started,Direct,Khurja,Pottery,,,
2026-07-09,u2933,page_view,Google Search,Jaipur,Block Printing,,,
2026-07-09,u2934,page_view,Direct,Jaipur,Pottery,,,
2026-07-09,u2934,experience_card_viewed,Direct,Jaipur,Pottery,,,
2026-07-09,u2934,booking_started,Direct,Jaipur,Pottery,,,
2026-07-09,u2934,payment_success,Direct,Jaipur,Pottery,CRB5402,6,3000
2026-07-09,u2935,page_view,Referral,Udaipur,Weaving,,,
2026-07-09,u2936,page_view,Instagram,Udaipur,Block Printing,,,
2026-07-09,u2937,page_view,Instagram,Khurja,Block Printing,,,
2026-07-09,u2937,booking_started,Instagram,Khurja,Block Printing,,,
2026-07-09,u2937,payment_success,Instagram,Khurja,Block Printing,CRB5403,1,2500
2026-07-09,u2937,booking_completed,Instagram,Khurja,Block Printing,CRB5403,1,2500
2026-07-09,u2938,page_view,Google Search,Udaipur,Warli Painting,,,
2026-07-09,u2938,experience_card_viewed,Google Search,Udaipur,Warli Painting,,,
2026-07-09,u2939,page_view,Referral,Bangalore,Weaving,,,
2026-07-09,u2939,experience_card_viewed,Referral,Bangalore,Weaving,,,
2026-07-09,u2940,page_view,Referral,Varanasi,Blue Pottery,,,
2026-07-09,u2941,page_view,Instagram,Varanasi,Warli Painting,,,
2026-07-09,u2941,experience_card_viewed,Instagram,Varanasi,Warli Painting,,,
2026-07-09,u2942,page_view,Travel Blog,Jaipur,Warli Painting,,,
2026-07-09,u2942,experience_card_viewed,Travel Blog,Jaipur,Warli Painting,,,
2026-07-09,u2942,booking_started,Travel Blog,Jaipur,Warli Painting,,,
2026-07-09,u2942,payment_success,Travel Blog,Jaipur,Warli Painting,CRB5404,2,1500
2026-07-09,u2942,booking_completed,Travel Blog,Jaipur,Warli Painting,CRB5404,2,1500
2026-07-09,u2942,review_submitted,Travel Blog,Jaipur,Warli Painting,CRB5404,2,1500
2026-07-09,u2943,page_view,Direct,Jaipur,Warli Painting,,,
2026-07-09,u2943,experience_card_viewed,Direct,Jaipur,Warli Painting,,,
2026-07-09,u2944,page_view,Direct,Khurja,Pottery,,,
2026-07-09,u2944,booking_started,Direct,Khurja,Pottery,,,
2026-07-09,u2944,payment_success,Direct,Khurja,Pottery,CRB5405,6,2500
2026-07-09,u2944,booking_completed,Direct,Khurja,Pottery,CRB5405,6,2500
2026-07-09,u2944,review_submitted,Direct,Khurja,Pottery,CRB5405,6,2500
2026-07-09,u2945,page_view,Referral,Bangalore,Pottery,,,
2026-07-09,u2946,page_view,Google Search,Varanasi,Pottery,,,
2026-07-09,u2946,experience_card_viewed,Google Search,Varanasi,Pottery,,,
2026-07-09,u2946,booking_started,Google Search,Varanasi,Pottery,,,
2026-07-09,u2946,payment_success,Google Search,Varanasi,Pottery,CRB5406,3,3500
2026-07-09,u2947,page_view,Referral,Jaipur,Blue Pottery,,,
2026-07-09,u2947,experience_card_viewed,Referral,Jaipur,Blue Pottery,,,
2026-07-09,u2948,page_view,Travel Blog,Udaipur,Blue Pottery,,,
2026-07-09,u2948,experience_card_viewed,Travel Blog,Udaipur,Blue Pottery,,,
2026-07-09,u2949,page_view,Referral,Jaipur,Block Printing,,,
2026-07-09,u2949,experience_card_viewed,Referral,Jaipur,Block Printing,,,
2026-07-09,u2950,page_view,Referral,Khurja,Warli Painting,,,
2026-07-09,u2950,booking_started,Referral,Khurja,Warli Painting,,,
2026-07-09,u2951,page_view,Google Search,Khurja,Blue Pottery,,,
2026-07-09,u2952,page_view,Google Search,Udaipur,Pottery,,,
2026-07-09,u2953,page_view,Google Search,Khurja,Weaving,,,
2026-07-09,u2953,experience_card_viewed,Google Search,Khurja,Weaving,,,
2026-07-09,u2954,page_view,Referral,Khurja,Blue Pottery,,,
2026-07-09,u2954,experience_card_viewed,Referral,Khurja,Blue Pottery,,,
2026-07-09,u2955,page_view,Google Search,Khurja,Blue Pottery,,,
2026-07-09,u2955,experience_card_viewed,Google Search,Khurja,Blue Pottery,,,
2026-07-09,u2955,booking_started,Google Search,Khurja,Blue Pottery,,,
2026-07-09,u2955,payment_success,Google Search,Khurja,Blue Pottery,CRB5407,2,2500
2026-07-09,u2955,booking_completed,Google Search,Khurja,Blue Pottery,CRB5407,2,2500
2026-07-09,u2955,review_submitted,Google Search,Khurja,Blue Pottery,CRB5407,2,2500
2026-07-09,u2956,page_view,Travel Blog,Varanasi,Block Printing,,,
2026-07-09,u2957,page_view,Google Search,Jaipur,Weaving,,,
2026-07-09,u2958,page_view,Instagram,Udaipur,Weaving,,,
2026-07-09,u2958,experience_card_viewed,Instagram,Udaipur,Weaving,,,
2026-07-09,u2959,page_view,Direct,Khurja,Blue Pottery,,,
2026-07-09,u2959,booking_started,Direct,Khurja,Blue Pottery,,,
2026-07-09,u2959,payment_success,Direct,Khurja,Blue Pottery,CRB5408,6,1800
2026-07-09,u2959,booking_completed,Direct,Khurja,Blue Pottery,CRB5408,6,1800
2026-07-09,u2960,page_view,Instagram,Varanasi,Weaving,,,
2026-07-09,u2961,page_view,Referral,Udaipur,Weaving,,,
2026-07-09,u2961,booking_started,Referral,Udaipur,Weaving,,,
2026-07-09,u2961,payment_success,Referral,Udaipur,Weaving,CRB5409,12,1800
2026-07-09,u2961,booking_completed,Referral,Udaipur,Weaving,CRB5409,12,1800
2026-07-09,u2961,review_submitted,Referral,Udaipur,Weaving,CRB5409,12,1800
2026-07-09,u2962,page_view,Travel Blog,Bangalore,Warli Painting,,,
2026-07-09,u2963,page_view,Direct,Udaipur,Block Printing,,,
2026-07-09,u2964,page_view,Instagram,Bangalore,Block Printing,,,
2026-07-09,u2964,experience_card_viewed,Instagram,Bangalore,Block Printing,,,
2026-07-09,u2965,page_view,Referral,Bangalore,Warli Painting,,,
2026-07-09,u2965,experience_card_viewed,Referral,Bangalore,Warli Painting,,,
2026-07-09,u2966,page_view,Instagram,Varanasi,Blue Pottery,,,
2026-07-09,u2967,page_view,Direct,Jaipur,Blue Pottery,,,
2026-07-09,u2968,page_view,Travel Blog,Jaipur,Pottery,,,
2026-07-09,u2968,booking_started,Travel Blog,Jaipur,Pottery,,,
2026-07-09,u2969,page_view,Instagram,Varanasi,Blue Pottery,,,
2026-07-09,u2970,page_view,Referral,Varanasi,Weaving,,,
2026-07-09,u2970,experience_card_viewed,Referral,Varanasi,Weaving,,,
2026-07-09,u2971,page_view,Referral,Udaipur,Block Printing,,,
2026-07-09,u2971,experience_card_viewed,Referral,Udaipur,Block Printing,,,
2026-07-09,u2972,page_view,Referral,Khurja,Pottery,,,
2026-07-09,u2973,page_view,Referral,Udaipur,Weaving,,,
2026-07-09,u2973,booking_started,Referral,Udaipur,Weaving,,,
2026-07-09,u2973,payment_success,Referral,Udaipur,Weaving,CRB5410,2,2000
2026-07-09,u2973,booking_completed,Referral,Udaipur,Weaving,CRB5410,2,2000
2026-07-09,u2974,page_view,Instagram,Jaipur,Blue Pottery,,,
2026-07-09,u2974,experience_card_viewed,Instagram,Jaipur,Blue Pottery,,,
2026-07-09,u2975,page_view,Google Search,Udaipur,Pottery,,,
2026-07-09,u2975,experience_card_viewed,Google Search,Udaipur,Pottery,,,
2026-07-09,u2976,page_view,Referral,Varanasi,Blue Pottery,,,
2026-07-09,u2977,page_view,Google Search,Varanasi,Block Printing,,,
2026-07-09,u2977,experience_card_viewed,Google Search,Varanasi,Block Printing,,,
2026-07-09,u2978,page_view,Direct,Bangalore,Weaving,,,
2026-07-09,u2979,page_view,Travel Blog,Bangalore,Block Printing,,,
2026-07-09,u2979,experience_card_viewed,Travel Blog,Bangalore,Block Printing,,,
2026-07-09,u2979,booking_started,Travel Blog,Bangalore,Block Printing,,,
2026-07-09,u2979,payment_success,Travel Blog,Bangalore,Block Printing,CRB5411,10,3500
2026-07-09,u2979,booking_completed,Travel Blog,Bangalore,Block Printing,CRB5411,10,3500
2026-07-09,u2980,page_view,Instagram,Varanasi,Warli Painting,,,
2026-07-09,u2980,booking_started,Instagram,Varanasi,Warli Painting,,,
2026-07-09,u2981,page_view,Travel Blog,Jaipur,Pottery,,,
2026-07-09,u2982,page_view,Referral,Jaipur,Blue Pottery,,,
2026-07-09,u2982,experience_card_viewed,Referral,Jaipur,Blue Pottery,,,
2026-07-09,u2983,page_view,Google Search,Khurja,Pottery,,,
2026-07-09,u2983,experience_card_viewed,Google Search,Khurja,Pottery,,,
2026-07-09,u2984,page_view,Google Search,Jaipur,Weaving,,,
2026-07-09,u2984,experience_card_viewed,Google Search,Jaipur,Weaving,,,
2026-07-09,u2984,booking_started,Google Search,Jaipur,Weaving,,,
2026-07-09,u2984,payment_success,Google Search,Jaipur,Weaving,CRB5412,12,2200
2026-07-09,u2984,booking_completed,Google Search,Jaipur,Weaving,CRB5412,12,2200
2026-07-09,u2985,page_view,Direct,Udaipur,Weaving,,,
2026-07-09,u2986,page_view,Referral,Udaipur,Weaving,,,
2026-07-09,u2986,experience_card_viewed,Referral,Udaipur,Weaving,,,
2026-07-09,u2987,page_view,Google Search,Varanasi,Warli Painting,,,
2026-07-09,u2987,experience_card_viewed,Google Search,Varanasi,Warli Painting,,,
2026-07-09,u2988,page_view,Google Search,Varanasi,Pottery,,,
2026-07-09,u2989,page_view,Instagram,Bangalore,Blue Pottery,,,
2026-07-09,u2989,booking_started,Instagram,Bangalore,Blue Pottery,,,
2026-07-09,u2990,page_view,Google Search,Varanasi,Warli Painting,,,
2026-07-09,u2990,booking_started,Google Search,Varanasi,Warli Painting,,,
2026-07-09,u2990,payment_success,Google Search,Varanasi,Warli Painting,CRB5413,1,2200
2026-07-09,u2990,booking_completed,Google Search,Varanasi,Warli Painting,CRB5413,1,2200
2026-07-09,u2991,page_view,Travel Blog,Bangalore,Block Printing,,,
2026-07-09,u2992,page_view,Google Search,Jaipur,Weaving,,,
2026-07-09,u2992,experience_card_viewed,Google Search,Jaipur,Weaving,,,
2026-07-09,u2993,page_view,Direct,Varanasi,Block Printing,,,
2026-07-09,u2994,page_view,Google Search,Udaipur,Pottery,,,
2026-07-09,u2995,page_view,Referral,Varanasi,Pottery,,,
2026-07-09,u2996,page_view,Travel Blog,Khurja,Warli Painting,,,
2026-07-09,u2997,page_view,Instagram,Bangalore,Block Printing,,,
2026-07-09,u2998,page_view,Instagram,Jaipur,Warli Painting,,,
2026-07-09,u2998,experience_card_viewed,Instagram,Jaipur,Warli Painting,,,
2026-07-09,u2999,page_view,Google Search,Khurja,Pottery,,,
2026-07-09,u3000,page_view,Google Search,Khurja,Block Printing,,,
2026-07-09,u3001,page_view,Instagram,Varanasi,Block Printing,,,
2026-07-09,u3001,experience_card_viewed,Instagram,Varanasi,Block Printing,,,
2026-07-09,u3002,page_view,Travel Blog,Udaipur,Blue Pottery,,,
2026-07-09,u3002,booking_started,Travel Blog,Udaipur,Blue Pottery,,,
2026-07-09,u3002,payment_success,Travel Blog,Udaipur,Blue Pottery,CRB5414,2,2000
2026-07-09,u3002,booking_completed,Travel Blog,Udaipur,Blue Pottery,CRB5414,2,2000
2026-07-09,u3003,page_view,Referral,Udaipur,Pottery,,,
2026-07-09,u3003,experience_card_viewed,Referral,Udaipur,Pottery,,,
2026-07-09,u3004,page_view,Instagram,Varanasi,Blue Pottery,,,
2026-07-09,u3005,page_view,Instagram,Bangalore,Block Printing,,,
2026-07-09,u3005,booking_started,Instagram,Bangalore,Block Printing,,,
2026-07-09,u3005,payment_success,Instagram,Bangalore,Block Printing,CRB5415,2,1500
2026-07-09,u3006,page_view,Referral,Udaipur,Weaving,,,
2026-07-09,u3006,experience_card_viewed,Referral,Udaipur,Weaving,,,
2026-07-09,u3007,page_view,Direct,Varanasi,Block Printing,,,
2026-07-09,u3007,booking_started,Direct,Varanasi,Block Printing,,,
2026-07-09,u3007,payment_success,Direct,Varanasi,Block Printing,CRB5416,2,2500
2026-07-09,u3007,booking_completed,Direct,Varanasi,Block Printing,CRB5416,2,2500
2026-07-09,u3007,review_submitted,Direct,Varanasi,Block Printing,CRB5416,2,2500
2026-07-09,u3008,page_view,Google Search,Udaipur,Pottery,,,
2026-07-09,u3008,experience_card_viewed,Google Search,Udaipur,Pottery,,,
2026-07-09,u3009,page_view,Travel Blog,Jaipur,Warli Painting,,,
2026-07-09,u3009,experience_card_viewed,Travel Blog,Jaipur,Warli Painting,,,
2026-07-09,u3010,page_view,Instagram,Varanasi,Weaving,,,
2026-07-09,u3010,experience_card_viewed,Instagram,Varanasi,Weaving,,,
2026-07-09,u3011,page_view,Direct,Bangalore,Pottery,,,
2026-07-09,u3012,page_view,Direct,Khurja,Warli Painting,,,
2026-07-09,u3013,page_view,Direct,Udaipur,Blue Pottery,,,
2026-07-09,u3014,page_view,Instagram,Varanasi,Pottery,,,
2026-07-09,u3014,experience_card_viewed,Instagram,Varanasi,Pottery,,,
2026-07-09,u3014,booking_started,Instagram,Varanasi,Pottery,,,
2026-07-09,u3015,page_view,Google Search,Udaipur,Block Printing,,,
2026-07-09,u3015,experience_card_viewed,Google Search,Udaipur,Block Printing,,,
2026-07-09,u3016,page_view,Travel Blog,Bangalore,Block Printing,,,
2026-07-09,u3016,booking_started,Travel Blog,Bangalore,Block Printing,,,
2026-07-09,u3016,payment_success,Travel Blog,Bangalore,Block Printing,CRB5417,10,3500
2026-07-09,u3016,booking_completed,Travel Blog,Bangalore,Block Printing,CRB5417,10,3500
2026-07-09,u3016,review_submitted,Travel Blog,Bangalore,Block Printing,CRB5417,10,3500
2026-07-09,u3017,page_view,Travel Blog,Udaipur,Blue Pottery,,,
2026-07-09,u3017,experience_card_viewed,Travel Blog,Udaipur,Blue Pottery,,,
2026-07-09,u3018,page_view,Travel Blog,Jaipur,Weaving,,,
2026-07-09,u3019,page_view,Referral,Udaipur,Weaving,,,
2026-07-09,u3020,page_view,Direct,Jaipur,Pottery,,,
2026-07-09,u3021,page_view,Direct,Bangalore,Warli Painting,,,
2026-07-09,u3021,experience_card_viewed,Direct,Bangalore,Warli Painting,,,
2026-07-09,u3022,page_view,Instagram,Bangalore,Block Printing,,,
2026-07-09,u3022,experience_card_viewed,Instagram,Bangalore,Block Printing,,,
2026-07-09,u3023,page_view,Google Search,Varanasi,Warli Painting,,,
2026-07-09,u3023,experience_card_viewed,Google Search,Varanasi,Warli Painting,,,
2026-07-09,u3024,page_view,Travel Blog,Bangalore,Warli Painting,,,
2026-07-09,u3025,page_view,Instagram,Khurja,Block Printing,,,
2026-07-09,u3025,experience_card_viewed,Instagram,Khurja,Block Printing,,,
2026-07-09,u3025,booking_started,Instagram,Khurja,Block Printing,,,
2026-07-09,u3025,payment_success,Instagram,Khurja,Block Printing,CRB5418,6,1500
2026-07-09,u3025,booking_completed,Instagram,Khurja,Block Printing,CRB5418,6,1500
2026-07-09,u3026,page_view,Travel Blog,Khurja,Block Printing,,,
2026-07-09,u3026,booking_started,Travel Blog,Khurja,Block Printing,,,
2026-07-09,u3026,payment_success,Travel Blog,Khurja,Block Printing,CRB5419,6,1800
2026-07-09,u3027,page_view,Instagram,Khurja,Pottery,,,
2026-07-09,u3028,page_view,Referral,Udaipur,Warli Painting,,,
2026-07-09,u3029,page_view,Referral,Khurja,Weaving,,,
2026-07-09,u3029,experience_card_viewed,Referral,Khurja,Weaving,,,
2026-07-09,u3029,booking_started,Referral,Khurja,Weaving,,,
2026-07-09,u3030,page_view,Travel Blog,Varanasi,Pottery,,,
2026-07-09,u3031,page_view,Direct,Jaipur,Blue Pottery,,,
2026-07-09,u3031,experience_card_viewed,Direct,Jaipur,Blue Pottery,,,
2026-07-09,u3032,page_view,Google Search,Khurja,Block Printing,,,
2026-07-09,u3032,booking_started,Google Search,Khurja,Block Printing,,,
2026-07-09,u3033,page_view,Travel Blog,Jaipur,Pottery,,,
2026-07-09,u3033,booking_started,Travel Blog,Jaipur,Pottery,,,
2026-07-09,u3034,page_view,Travel Blog,Varanasi,Warli Painting,,,
2026-07-09,u3034,experience_card_viewed,Travel Blog,Varanasi,Warli Painting,,,
2026-07-09,u3035,page_view,Referral,Jaipur,Block Printing,,,
2026-07-09,u3035,experience_card_viewed,Referral,Jaipur,Block Printing,,,
2026-07-09,u3036,page_view,Google Search,Jaipur,Warli Painting,,,
2026-07-09,u3036,booking_started,Google Search,Jaipur,Warli Painting,,,
2026-07-09,u3036,payment_success,Google Search,Jaipur,Warli Painting,CRB5420,1,2200
2026-07-09,u3036,booking_completed,Google Search,Jaipur,Warli Painting,CRB5420,1,2200
2026-07-09,u3036,review_submitted,Google Search,Jaipur,Warli Painting,CRB5420,1,2200
2026-07-09,u3037,page_view,Instagram,Khurja,Blue Pottery,,,
2026-07-09,u3038,page_view,Google Search,Udaipur,Warli Painting,,,
2026-07-09,u3039,page_view,Direct,Khurja,Pottery,,,
2026-07-09,u3039,booking_started,Direct,Khurja,Pottery,,,
2026-07-09,u3039,payment_success,Direct,Khurja,Pottery,CRB5421,2,2000
2026-07-09,u3039,booking_completed,Direct,Khurja,Pottery,CRB5421,2,2000
2026-07-09,u3039,review_submitted,Direct,Khurja,Pottery,CRB5421,2,2000
2026-07-09,u3040,page_view,Instagram,Udaipur,Blue Pottery,,,
2026-07-09,u3040,experience_card_viewed,Instagram,Udaipur,Blue Pottery,,,
2026-07-09,u3041,page_view,Instagram,Khurja,Pottery,,,
2026-07-09,u3042,page_view,Travel Blog,Jaipur,Blue Pottery,,,
2026-07-09,u3042,experience_card_viewed,Travel Blog,Jaipur,Blue Pottery,,,
2026-07-09,u3042,booking_started,Travel Blog,Jaipur,Blue Pottery,,,
2026-07-09,u3042,payment_success,Travel Blog,Jaipur,Blue Pottery,CRB5422,2,1800
2026-07-09,u3042,booking_completed,Travel Blog,Jaipur,Blue Pottery,CRB5422,2,1800
2026-07-09,u3042,review_submitted,Travel Blog,Jaipur,Blue Pottery,CRB5422,2,1800
2026-07-09,u3043,page_view,Direct,Jaipur,Warli Painting,,,
2026-07-09,u3044,page_view,Referral,Varanasi,Block Printing,,,
2026-07-09,u3044,experience_card_viewed,Referral,Varanasi,Block Printing,,,
2026-07-09,u3044,booking_started,Referral,Varanasi,Block Printing,,,
2026-07-09,u3044,payment_success,Referral,Varanasi,Block Printing,CRB5423,10,1500
2026-07-09,u3044,booking_completed,Referral,Varanasi,Block Printing,CRB5423,10,1500
2026-07-09,u3045,page_view,Instagram,Bangalore,Warli Painting,,,
2026-07-09,u3045,experience_card_viewed,Instagram,Bangalore,Warli Painting,,,
2026-07-09,u3046,page_view,Travel Blog,Bangalore,Blue Pottery,,,
2026-07-09,u3046,experience_card_viewed,Travel Blog,Bangalore,Blue Pottery,,,
2026-07-09,u3047,page_view,Travel Blog,Khurja,Blue Pottery,,,
2026-07-09,u3048,page_view,Travel Blog,Udaipur,Pottery,,,
2026-07-09,u3048,experience_card_viewed,Travel Blog,Udaipur,Pottery,,,
2026-07-09,u3049,page_view,Google Search,Khurja,Weaving,,,
2026-07-09,u3049,booking_started,Google Search,Khurja,Weaving,,,
2026-07-09,u3050,page_view,Referral,Khurja,Weaving,,,
2026-07-09,u3051,page_view,Referral,Khurja,Block Printing,,,
2026-07-09,u3051,experience_card_viewed,Referral,Khurja,Block Printing,,,
2026-07-09,u3052,page_view,Direct,Khurja,Blue Pottery,,,
2026-07-09,u3052,experience_card_viewed,Direct,Khurja,Blue Pottery,,,
2026-07-09,u3053,page_view,Google Search,Udaipur,Blue Pottery,,,
2026-07-09,u3054,page_view,Travel Blog,Udaipur,Blue Pottery,,,
2026-07-09,u3054,experience_card_viewed,Travel Blog,Udaipur,Blue Pottery,,,
2026-07-09,u3055,page_view,Travel Blog,Khurja,Warli Painting,,,
2026-07-09,u3055,experience_card_viewed,Travel Blog,Khurja,Warli Painting,,,
2026-07-09,u3055,booking_started,Travel Blog,Khurja,Warli Painting,,,
2026-07-09,u3055,payment_success,Travel Blog,Khurja,Warli Painting,CRB5424,3,3500
2026-07-09,u3055,booking_completed,Travel Blog,Khurja,Warli Painting,CRB5424,3,3500
2026-07-09,u3056,page_view,Referral,Khurja,Blue Pottery,,,
2026-07-09,u3056,experience_card_viewed,Referral,Khurja,Blue Pottery,,,
2026-07-09,u3056,booking_started,Referral,Khurja,Blue Pottery,,,
2026-07-09,u3056,payment_success,Referral,Khurja,Blue Pottery,CRB5425,4,3500
2026-07-09,u3057,page_view,Google Search,Khurja,Weaving,,,
2026-07-09,u3057,booking_started,Google Search,Khurja,Weaving,,,
2026-07-09,u3057,payment_success,Google Search,Khurja,Weaving,CRB5426,10,1800
2026-07-09,u3058,page_view,Direct,Khurja,Weaving,,,
2026-07-09,u3059,page_view,Google Search,Udaipur,Warli Painting,,,
2026-07-09,u3059,booking_started,Google Search,Udaipur,Warli Painting,,,
2026-07-09,u3059,payment_success,Google Search,Udaipur,Warli Painting,CRB5427,12,1800
2026-07-09,u3059,booking_completed,Google Search,Udaipur,Warli Painting,CRB5427,12,1800
2026-07-09,u3059,review_submitted,Google Search,Udaipur,Warli Painting,CRB5427,12,1800
2026-07-09,u3060,page_view,Instagram,Jaipur,Block Printing,,,
2026-07-09,u3060,experience_card_viewed,Instagram,Jaipur,Block Printing,,,
2026-07-09,u3061,page_view,Instagram,Varanasi,Block Printing,,,
2026-07-09,u3061,experience_card_viewed,Instagram,Varanasi,Block Printing,,,
2026-07-09,u3062,page_view,Google Search,Khurja,Pottery,,,
2026-07-09,u3062,experience_card_viewed,Google Search,Khurja,Pottery,,,
2026-07-09,u3062,booking_started,Google Search,Khurja,Pottery,,,
2026-07-09,u3062,payment_success,Google Search,Khurja,Pottery,CRB5428,6,2500
2026-07-09,u3063,page_view,Google Search,Varanasi,Weaving,,,
2026-07-09,u3063,experience_card_viewed,Google Search,Varanasi,Weaving,,,
2026-07-09,u3064,page_view,Google Search,Khurja,Blue Pottery,,,
2026-07-09,u3064,experience_card_viewed,Google Search,Khurja,Blue Pottery,,,
2026-07-09,u3065,page_view,Travel Blog,Khurja,Warli Painting,,,
2026-07-09,u3066,page_view,Referral,Khurja,Block Printing,,,
2026-07-09,u3066,booking_started,Referral,Khurja,Block Printing,,,
2026-07-09,u3066,payment_success,Referral,Khurja,Block Printing,CRB5429,1,1800
2026-07-09,u3066,booking_completed,Referral,Khurja,Block Printing,CRB5429,1,1800
2026-07-09,u3067,page_view,Direct,Bangalore,Pottery,,,
2026-07-09,u3067,experience_card_viewed,Direct,Bangalore,Pottery,,,
2026-07-09,u3067,booking_started,Direct,Bangalore,Pottery,,,
2026-07-09,u3067,payment_success,Direct,Bangalore,Pottery,CRB5430,6,2000
2026-07-09,u3068,page_view,Google Search,Bangalore,Weaving,,,
2026-07-09,u3069,page_view,Instagram,Khurja,Weaving,,,
2026-07-09,u3069,experience_card_viewed,Instagram,Khurja,Weaving,,,
2026-07-09,u3070,page_view,Instagram,Varanasi,Warli Painting,,,
2026-07-09,u3071,page_view,Direct,Bangalore,Blue Pottery,,,
2026-07-09,u3072,page_view,Referral,Khurja,Warli Painting,,,
2026-07-09,u3072,experience_card_viewed,Referral,Khurja,Warli Painting,,,
2026-07-09,u3073,page_view,Instagram,Udaipur,Weaving,,,
2026-07-09,u3073,booking_started,Instagram,Udaipur,Weaving,,,
2026-07-09,u3073,payment_success,Instagram,Udaipur,Weaving,CRB5431,4,2000
2026-07-09,u3073,booking_completed,Instagram,Udaipur,Weaving,CRB5431,4,2000
2026-07-09,u3073,review_submitted,Instagram,Udaipur,Weaving,CRB5431,4,2000
2026-07-09,u3074,page_view,Direct,Jaipur,Pottery,,,
2026-07-09,u3075,page_view,Instagram,Bangalore,Block Printing,,,
2026-07-09,u3075,experience_card_viewed,Instagram,Bangalore,Block Printing,,,
2026-07-09,u3075,booking_started,Instagram,Bangalore,Block Printing,,,
2026-07-09,u3075,payment_success,Instagram,Bangalore,Block Printing,CRB5432,10,1500
2026-07-09,u3075,booking_completed,Instagram,Bangalore,Block Printing,CRB5432,10,1500
2026-07-09,u3075,review_submitted,Instagram,Bangalore,Block Printing,CRB5432,10,1500
2026-07-09,u3076,page_view,Referral,Khurja,Weaving,,,
2026-07-09,u3077,page_view,Travel Blog,Varanasi,Weaving,,,
2026-07-09,u3077,experience_card_viewed,Travel Blog,Varanasi,Weaving,,,
2026-07-09,u3078,page_view,Instagram,Varanasi,Warli Painting,,,
2026-07-09,u3078,booking_started,Instagram,Varanasi,Warli Painting,,,
2026-07-09,u3078,payment_success,Instagram,Varanasi,Warli Painting,CRB5433,2,1800
2026-07-09,u3078,booking_completed,Instagram,Varanasi,Warli Painting,CRB5433,2,1800
2026-07-09,u3078,review_submitted,Instagram,Varanasi,Warli Painting,CRB5433,2,1800
2026-07-09,u3079,page_view,Instagram,Jaipur,Weaving,,,
2026-07-09,u3080,page_view,Google Search,Bangalore,Blue Pottery,,,
2026-07-09,u3081,page_view,Instagram,Bangalore,Block Printing,,,
2026-07-09,u3081,experience_card_viewed,Instagram,Bangalore,Block Printing,,,
2026-07-09,u3081,booking_started,Instagram,Bangalore,Block Printing,,,
2026-07-09,u3082,page_view,Instagram,Khurja,Block Printing,,,
2026-07-09,u3082,booking_started,Instagram,Khurja,Block Printing,,,
2026-07-09,u3082,payment_success,Instagram,Khurja,Block Printing,CRB5434,3,1800
2026-07-09,u3082,booking_completed,Instagram,Khurja,Block Printing,CRB5434,3,1800
2026-07-09,u3082,review_submitted,Instagram,Khurja,Block Printing,CRB5434,3,1800
2026-07-09,u3083,page_view,Google Search,Udaipur,Warli Painting,,,
2026-07-09,u3084,page_view,Direct,Jaipur,Blue Pottery,,,
2026-07-09,u3084,experience_card_viewed,Direct,Jaipur,Blue Pottery,,,
2026-07-09,u3084,booking_started,Direct,Jaipur,Blue Pottery,,,
2026-07-09,u3084,payment_success,Direct,Jaipur,Blue Pottery,CRB5435,3,2000
2026-07-09,u3084,booking_completed,Direct,Jaipur,Blue Pottery,CRB5435,3,2000
2026-07-09,u3085,page_view,Google Search,Varanasi,Pottery,,,
2026-07-09,u3085,experience_card_viewed,Google Search,Varanasi,Pottery,,,
2026-07-09,u3086,page_view,Direct,Varanasi,Warli Painting,,,
2026-07-09,u3086,experience_card_viewed,Direct,Varanasi,Warli Painting,,,
2026-07-09,u3087,page_view,Google Search,Udaipur,Weaving,,,
2026-07-09,u3088,page_view,Direct,Jaipur,Weaving,,,
2026-07-09,u3088,experience_card_viewed,Direct,Jaipur,Weaving,,,
2026-07-09,u3088,booking_started,Direct,Jaipur,Weaving,,,
2026-07-09,u3088,payment_success,Direct,Jaipur,Weaving,CRB5436,12,2000
2026-07-09,u3089,page_view,Travel Blog,Jaipur,Block Printing,,,
2026-07-09,u3089,experience_card_viewed,Travel Blog,Jaipur,Block Printing,,,
2026-07-09,u3090,page_view,Referral,Bangalore,Block Printing,,,
2026-07-09,u3091,page_view,Referral,Udaipur,Weaving,,,
2026-07-09,u3092,page_view,Travel Blog,Varanasi,Blue Pottery,,,
2026-07-09,u3092,experience_card_viewed,Travel Blog,Varanasi,Blue Pottery,,,
2026-07-09,u3093,page_view,Google Search,Khurja,Warli Painting,,,
2026-07-09,u3093,experience_card_viewed,Google Search,Khurja,Warli Painting,,,
2026-07-09,u3094,page_view,Travel Blog,Udaipur,Blue Pottery,,,
2026-07-09,u3094,experience_card_viewed,Travel Blog,Udaipur,Blue Pottery,,,
2026-07-09,u3095,page_view,Travel Blog,Udaipur,Blue Pottery,,,
2026-07-09,u3095,experience_card_viewed,Travel Blog,Udaipur,Blue Pottery,,,
2026-07-09,u3095,booking_started,Travel Blog,Udaipur,Blue Pottery,,,
2026-07-09,u3096,page_view,Travel Blog,Jaipur,Pottery,,,
2026-07-09,u3097,page_view,Google Search,Udaipur,Weaving,,,
2026-07-09,u3097,experience_card_viewed,Google Search,Udaipur,Weaving,,,
2026-07-09,u3098,page_view,Google Search,Khurja,Warli Painting,,,
2026-07-09,u3098,booking_started,Google Search,Khurja,Warli Painting,,,
2026-07-09,u3098,payment_success,Google Search,Khurja,Warli Painting,CRB5437,12,1800
2026-07-09,u3098,booking_completed,Google Search,Khurja,Warli Painting,CRB5437,12,1800
2026-07-09,u3098,review_submitted,Google Search,Khurja,Warli Painting,CRB5437,12,1800
2026-07-09,u3099,page_view,Referral,Khurja,Pottery,,,
2026-07-09,u3099,experience_card_viewed,Referral,Khurja,Pottery,,,
2026-07-09,u3100,page_view,Travel Blog,Udaipur,Pottery,,,
2026-07-09,u3100,experience_card_viewed,Travel Blog,Udaipur,Pottery,,,
2026-07-09,u3101,page_view,Referral,Jaipur,Block Printing,,,
2026-07-09,u3102,page_view,Direct,Varanasi,Pottery,,,
2026-07-09,u3102,experience_card_viewed,Direct,Varanasi,Pottery,,,
2026-07-09,u3103,page_view,Google Search,Udaipur,Blue Pottery,,,
2026-07-09,u3103,experience_card_viewed,Google Search,Udaipur,Blue Pottery,,,
2026-07-09,u3104,page_view,Google Search,Varanasi,Weaving,,,
2026-07-09,u3105,page_view,Instagram,Bangalore,Pottery,,,
2026-07-09,u3106,page_view,Referral,Khurja,Weaving,,,
2026-07-09,u3107,page_view,Instagram,Udaipur,Weaving,,,
2026-07-09,u3107,experience_card_viewed,Instagram,Udaipur,Weaving,,,
2026-07-09,u3107,booking_started,Instagram,Udaipur,Weaving,,,
2026-07-09,u3107,payment_success,Instagram,Udaipur,Weaving,CRB5438,3,3500
2026-07-09,u3108,page_view,Referral,Bangalore,Weaving,,,
2026-07-09,u3109,page_view,Referral,Bangalore,Pottery,,,
2026-07-09,u3110,page_view,Google Search,Udaipur,Warli Painting,,,
2026-07-09,u3110,experience_card_viewed,Google Search,Udaipur,Warli Painting,,,
2026-07-09,u3110,booking_started,Google Search,Udaipur,Warli Painting,,,
2026-07-09,u3110,payment_success,Google Search,Udaipur,Warli Painting,CRB5439,2,2200
2026-07-09,u3110,booking_completed,Google Search,Udaipur,Warli Painting,CRB5439,2,2200
2026-07-09,u3111,page_view,Referral,Jaipur,Blue Pottery,,,
2026-07-09,u3111,experience_card_viewed,Referral,Jaipur,Blue Pottery,,,
2026-07-09,u3111,booking_started,Referral,Jaipur,Blue Pottery,,,
2026-07-09,u3112,page_view,Google Search,Varanasi,Block Printing,,,
2026-07-09,u3112,experience_card_viewed,Google Search,Varanasi,Block Printing,,,
2026-07-09,u3112,booking_started,Google Search,Varanasi,Block Printing,,,
2026-07-09,u3112,payment_success,Google Search,Varanasi,Block Printing,CRB5440,6,3500
2026-07-09,u3112,booking_completed,Google Search,Varanasi,Block Printing,CRB5440,6,3500
2026-07-09,u3113,page_view,Direct,Bangalore,Pottery,,,
2026-07-09,u3114,page_view,Direct,Bangalore,Block Printing,,,
2026-07-09,u3114,experience_card_viewed,Direct,Bangalore,Block Printing,,,
2026-07-09,u3114,booking_started,Direct,Bangalore,Block Printing,,,
2026-07-09,u3115,page_view,Direct,Bangalore,Weaving,,,
2026-07-09,u3115,experience_card_viewed,Direct,Bangalore,Weaving,,,
2026-07-09,u3116,page_view,Instagram,Varanasi,Weaving,,,
2026-07-09,u3116,experience_card_viewed,Instagram,Varanasi,Weaving,,,
2026-07-09,u3117,page_view,Instagram,Udaipur,Block Printing,,,
2026-07-09,u3117,experience_card_viewed,Instagram,Udaipur,Block Printing,,,
2026-07-09,u3118,page_view,Google Search,Udaipur,Blue Pottery,,,
2026-07-09,u3119,page_view,Referral,Jaipur,Weaving,,,
2026-07-09,u3119,experience_card_viewed,Referral,Jaipur,Weaving,,,
2026-07-09,u3119,booking_started,Referral,Jaipur,Weaving,,,
2026-07-09,u3119,payment_success,Referral,Jaipur,Weaving,CRB5441,4,1800
2026-07-09,u3119,booking_completed,Referral,Jaipur,Weaving,CRB5441,4,1800
2026-07-09,u3119,review_submitted,Referral,Jaipur,Weaving,CRB5441,4,1800
2026-07-09,u3120,page_view,Travel Blog,Varanasi,Pottery,,,
2026-07-09,u3120,experience_card_viewed,Travel Blog,Varanasi,Pottery,,,
2026-07-09,u3121,page_view,Direct,Jaipur,Blue Pottery,,,
2026-07-09,u3122,page_view,Referral,Bangalore,Block Printing,,,
2026-07-09,u3123,page_view,Direct,Jaipur,Warli Painting,,,
2026-07-09,u3123,experience_card_viewed,Direct,Jaipur,Warli Painting,,,
2026-07-09,u3124,page_view,Google Search,Udaipur,Block Printing,,,
2026-07-09,u3124,booking_started,Google Search,Udaipur,Block Printing,,,
2026-07-09,u3124,payment_success,Google Search,Udaipur,Block Printing,CRB5442,2,3000
2026-07-09,u3124,booking_completed,Google Search,Udaipur,Block Printing,CRB5442,2,3000
2026-07-09,u3125,page_view,Referral,Jaipur,Blue Pottery,,,
2026-07-09,u3125,experience_card_viewed,Referral,Jaipur,Blue Pottery,,,
2026-07-09,u3125,booking_started,Referral,Jaipur,Blue Pottery,,,
2026-07-09,u3125,payment_success,Referral,Jaipur,Blue Pottery,CRB5443,10,3000
2026-07-09,u3125,booking_completed,Referral,Jaipur,Blue Pottery,CRB5443,10,3000
2026-07-09,u3126,page_view,Referral,Khurja,Pottery,,,
2026-07-09,u3126,experience_card_viewed,Referral,Khurja,Pottery,,,
2026-07-09,u3127,page_view,Instagram,Jaipur,Pottery,,,
2026-07-09,u3127,experience_card_viewed,Instagram,Jaipur,Pottery,,,
2026-07-09,u3127,booking_started,Instagram,Jaipur,Pottery,,,
2026-07-09,u3128,page_view,Google Search,Khurja,Warli Painting,,,
2026-07-09,u3128,experience_card_viewed,Google Search,Khurja,Warli Painting,,,
2026-07-09,u3129,page_view,Travel Blog,Jaipur,Warli Painting,,,
2026-07-09,u3130,page_view,Travel Blog,Bangalore,Block Printing,,,
2026-07-09,u3130,experience_card_viewed,Travel Blog,Bangalore,Block Printing,,,
2026-07-09,u3131,page_view,Google Search,Khurja,Warli Painting,,,
2026-07-09,u3131,experience_card_viewed,Google Search,Khurja,Warli Painting,,,
2026-07-09,u3132,page_view,Instagram,Bangalore,Weaving,,,
2026-07-09,u3132,experience_card_viewed,Instagram,Bangalore,Weaving,,,
2026-07-09,u3133,page_view,Travel Blog,Khurja,Pottery,,,
2026-07-09,u3134,page_view,Direct,Varanasi,Weaving,,,
2026-07-09,u3135,page_view,Google Search,Khurja,Warli Painting,,,
2026-07-09,u3135,experience_card_viewed,Google Search,Khurja,Warli Painting,,,
2026-07-09,u3135,booking_started,Google Search,Khurja,Warli Painting,,,
2026-07-09,u3136,page_view,Travel Blog,Jaipur,Weaving,,,
2026-07-09,u3136,experience_card_viewed,Travel Blog,Jaipur,Weaving,,,
2026-07-09,u3137,page_view,Direct,Udaipur,Pottery,,,
2026-07-09,u3137,experience_card_viewed,Direct,Udaipur,Pottery,,,
2026-07-09,u3137,booking_started,Direct,Udaipur,Pottery,,,
2026-07-09,u3138,page_view,Google Search,Khurja,Warli Painting,,,
2026-07-09,u3139,page_view,Google Search,Bangalore,Weaving,,,
2026-07-09,u3139,experience_card_viewed,Google Search,Bangalore,Weaving,,,
2026-07-09,u3139,booking_started,Google Search,Bangalore,Weaving,,,
2026-07-09,u3139,payment_success,Google Search,Bangalore,Weaving,CRB5444,4,1800
2026-07-09,u3139,booking_completed,Google Search,Bangalore,Weaving,CRB5444,4,1800
2026-07-09,u3139,review_submitted,Google Search,Bangalore,Weaving,CRB5444,4,1800
2026-07-09,u3140,page_view,Travel Blog,Udaipur,Weaving,,,
2026-07-09,u3140,experience_card_viewed,Travel Blog,Udaipur,Weaving,,,
2026-07-09,u3141,page_view,Google Search,Udaipur,Blue Pottery,,,
2026-07-09,u3142,page_view,Google Search,Jaipur,Warli Painting,,,
2026-07-09,u3142,experience_card_viewed,Google Search,Jaipur,Warli Painting,,,
2026-07-09,u3142,booking_started,Google Search,Jaipur,Warli Painting,,,
2026-07-09,u3142,payment_success,Google Search,Jaipur,Warli Painting,CRB5445,1,3500
2026-07-09,u3142,booking_completed,Google Search,Jaipur,Warli Painting,CRB5445,1,3500
2026-07-09,u3142,review_submitted,Google Search,Jaipur,Warli Painting,CRB5445,1,3500
2026-07-10,u3143,page_view,Instagram,Jaipur,Weaving,,,
2026-07-10,u3143,experience_card_viewed,Instagram,Jaipur,Weaving,,,
2026-07-10,u3143,booking_started,Instagram,Jaipur,Weaving,,,
2026-07-10,u3143,payment_success,Instagram,Jaipur,Weaving,CRB5446,6,1500
2026-07-10,u3143,booking_completed,Instagram,Jaipur,Weaving,CRB5446,6,1500
2026-07-10,u3144,page_view,Google Search,Varanasi,Blue Pottery,,,
2026-07-10,u3145,page_view,Google Search,Jaipur,Block Printing,,,
2026-07-10,u3146,page_view,Google Search,Jaipur,Block Printing,,,
2026-07-10,u3146,experience_card_viewed,Google Search,Jaipur,Block Printing,,,
2026-07-10,u3146,booking_started,Google Search,Jaipur,Block Printing,,,
2026-07-10,u3147,page_view,Direct,Bangalore,Weaving,,,
2026-07-10,u3147,experience_card_viewed,Direct,Bangalore,Weaving,,,
2026-07-10,u3148,page_view,Travel Blog,Jaipur,Pottery,,,
2026-07-10,u3148,experience_card_viewed,Travel Blog,Jaipur,Pottery,,,
2026-07-10,u3149,page_view,Travel Blog,Jaipur,Block Printing,,,
2026-07-10,u3149,experience_card_viewed,Travel Blog,Jaipur,Block Printing,,,
2026-07-10,u3150,page_view,Travel Blog,Khurja,Block Printing,,,
2026-07-10,u3150,booking_started,Travel Blog,Khurja,Block Printing,,,
2026-07-10,u3150,payment_success,Travel Blog,Khurja,Block Printing,CRB5447,4,3000
2026-07-10,u3150,booking_completed,Travel Blog,Khurja,Block Printing,CRB5447,4,3000
2026-07-10,u3151,page_view,Google Search,Udaipur,Block Printing,,,
2026-07-10,u3151,booking_started,Google Search,Udaipur,Block Printing,,,
2026-07-10,u3151,payment_success,Google Search,Udaipur,Block Printing,CRB5448,10,2500
2026-07-10,u3152,page_view,Instagram,Varanasi,Weaving,,,
2026-07-10,u3152,experience_card_viewed,Instagram,Varanasi,Weaving,,,
2026-07-10,u3153,page_view,Travel Blog,Bangalore,Pottery,,,
2026-07-10,u3153,experience_card_viewed,Travel Blog,Bangalore,Pottery,,,
2026-07-10,u3154,page_view,Direct,Bangalore,Pottery,,,
2026-07-10,u3154,experience_card_viewed,Direct,Bangalore,Pottery,,,
2026-07-10,u3155,page_view,Travel Blog,Khurja,Warli Painting,,,
2026-07-10,u3155,experience_card_viewed,Travel Blog,Khurja,Warli Painting,,,
2026-07-10,u3156,page_view,Referral,Varanasi,Pottery,,,
2026-07-10,u3157,page_view,Travel Blog,Bangalore,Blue Pottery,,,
2026-07-10,u3157,experience_card_viewed,Travel Blog,Bangalore,Blue Pottery,,,
2026-07-10,u3158,page_view,Direct,Varanasi,Pottery,,,
2026-07-10,u3158,experience_card_viewed,Direct,Varanasi,Pottery,,,
2026-07-10,u3159,page_view,Travel Blog,Udaipur,Warli Painting,,,
2026-07-10,u3159,booking_started,Travel Blog,Udaipur,Warli Painting,,,
2026-07-10,u3159,payment_success,Travel Blog,Udaipur,Warli Painting,CRB5449,2,2500
2026-07-10,u3159,booking_completed,Travel Blog,Udaipur,Warli Painting,CRB5449,2,2500
2026-07-10,u3160,page_view,Travel Blog,Jaipur,Blue Pottery,,,
2026-07-10,u3161,page_view,Direct,Jaipur,Warli Painting,,,
2026-07-10,u3161,experience_card_viewed,Direct,Jaipur,Warli Painting,,,
2026-07-10,u3161,booking_started,Direct,Jaipur,Warli Painting,,,
2026-07-10,u3162,page_view,Google Search,Khurja,Weaving,,,
2026-07-10,u3162,experience_card_viewed,Google Search,Khurja,Weaving,,,
2026-07-10,u3163,page_view,Referral,Bangalore,Blue Pottery,,,
2026-07-10,u3164,page_view,Google Search,Bangalore,Weaving,,,
2026-07-10,u3165,page_view,Instagram,Khurja,Blue Pottery,,,
2026-07-10,u3165,experience_card_viewed,Instagram,Khurja,Blue Pottery,,,
2026-07-10,u3166,page_view,Google Search,Jaipur,Warli Painting,,,
2026-07-10,u3167,page_view,Instagram,Varanasi,Pottery,,,
2026-07-10,u3168,page_view,Google Search,Bangalore,Block Printing,,,
2026-07-10,u3168,booking_started,Google Search,Bangalore,Block Printing,,,
2026-07-10,u3168,payment_success,Google Search,Bangalore,Block Printing,CRB5450,4,1500
2026-07-10,u3168,booking_completed,Google Search,Bangalore,Block Printing,CRB5450,4,1500
2026-07-10,u3169,page_view,Instagram,Udaipur,Weaving,,,
2026-07-10,u3169,booking_started,Instagram,Udaipur,Weaving,,,
2026-07-10,u3169,payment_success,Instagram,Udaipur,Weaving,CRB5451,6,2200
2026-07-10,u3169,booking_completed,Instagram,Udaipur,Weaving,CRB5451,6,2200
2026-07-10,u3169,review_submitted,Instagram,Udaipur,Weaving,CRB5451,6,2200
2026-07-10,u3170,page_view,Travel Blog,Jaipur,Blue Pottery,,,
2026-07-10,u3170,experience_card_viewed,Travel Blog,Jaipur,Blue Pottery,,,
2026-07-10,u3170,booking_started,Travel Blog,Jaipur,Blue Pottery,,,
2026-07-10,u3170,payment_success,Travel Blog,Jaipur,Blue Pottery,CRB5452,10,3500
2026-07-10,u3170,booking_completed,Travel Blog,Jaipur,Blue Pottery,CRB5452,10,3500
2026-07-10,u3170,review_submitted,Travel Blog,Jaipur,Blue Pottery,CRB5452,10,3500
2026-07-10,u3171,page_view,Travel Blog,Jaipur,Blue Pottery,,,
2026-07-10,u3171,experience_card_viewed,Travel Blog,Jaipur,Blue Pottery,,,
2026-07-10,u3172,page_view,Instagram,Udaipur,Weaving,,,
2026-07-10,u3172,booking_started,Instagram,Udaipur,Weaving,,,
2026-07-10,u3172,payment_success,Instagram,Udaipur,Weaving,CRB5453,2,2200
2026-07-10,u3172,booking_completed,Instagram,Udaipur,Weaving,CRB5453,2,2200
2026-07-10,u3172,review_submitted,Instagram,Udaipur,Weaving,CRB5453,2,2200
2026-07-10,u3173,page_view,Referral,Bangalore,Blue Pottery,,,
2026-07-10,u3173,experience_card_viewed,Referral,Bangalore,Blue Pottery,,,
2026-07-10,u3174,page_view,Instagram,Khurja,Warli Painting,,,
2026-07-10,u3175,page_view,Direct,Udaipur,Block Printing,,,
2026-07-10,u3175,experience_card_viewed,Direct,Udaipur,Block Printing,,,
2026-07-10,u3176,page_view,Direct,Udaipur,Warli Painting,,,
2026-07-10,u3176,booking_started,Direct,Udaipur,Warli Painting,,,
2026-07-10,u3176,payment_success,Direct,Udaipur,Warli Painting,CRB5454,12,1800
2026-07-10,u3177,page_view,Referral,Bangalore,Weaving,,,
2026-07-10,u3177,experience_card_viewed,Referral,Bangalore,Weaving,,,
2026-07-10,u3178,page_view,Instagram,Khurja,Blue Pottery,,,
2026-07-10,u3178,experience_card_viewed,Instagram,Khurja,Blue Pottery,,,
2026-07-10,u3178,booking_started,Instagram,Khurja,Blue Pottery,,,
2026-07-10,u3179,page_view,Google Search,Udaipur,Block Printing,,,
2026-07-10,u3179,experience_card_viewed,Google Search,Udaipur,Block Printing,,,
2026-07-10,u3179,booking_started,Google Search,Udaipur,Block Printing,,,
2026-07-10,u3180,page_view,Direct,Udaipur,Pottery,,,
2026-07-10,u3181,page_view,Instagram,Jaipur,Pottery,,,
2026-07-10,u3181,experience_card_viewed,Instagram,Jaipur,Pottery,,,
2026-07-10,u3182,page_view,Direct,Bangalore,Block Printing,,,
2026-07-10,u3182,experience_card_viewed,Direct,Bangalore,Block Printing,,,
2026-07-10,u3183,page_view,Travel Blog,Jaipur,Warli Painting,,,
2026-07-10,u3184,page_view,Direct,Jaipur,Blue Pottery,,,
2026-07-10,u3184,experience_card_viewed,Direct,Jaipur,Blue Pottery,,,
2026-07-10,u3184,booking_started,Direct,Jaipur,Blue Pottery,,,
2026-07-10,u3184,payment_success,Direct,Jaipur,Blue Pottery,CRB5455,10,1500
2026-07-10,u3184,booking_completed,Direct,Jaipur,Blue Pottery,CRB5455,10,1500
2026-07-10,u3184,review_submitted,Direct,Jaipur,Blue Pottery,CRB5455,10,1500
2026-07-10,u3185,page_view,Direct,Khurja,Pottery,,,
2026-07-10,u3185,experience_card_viewed,Direct,Khurja,Pottery,,,
2026-07-10,u3185,booking_started,Direct,Khurja,Pottery,,,
2026-07-10,u3185,payment_success,Direct,Khurja,Pottery,CRB5456,3,2200
2026-07-10,u3185,booking_completed,Direct,Khurja,Pottery,CRB5456,3,2200
2026-07-10,u3186,page_view,Google Search,Bangalore,Blue Pottery,,,
2026-07-10,u3186,experience_card_viewed,Google Search,Bangalore,Blue Pottery,,,
2026-07-10,u3186,booking_started,Google Search,Bangalore,Blue Pottery,,,
2026-07-10,u3186,payment_success,Google Search,Bangalore,Blue Pottery,CRB5457,4,1800
2026-07-10,u3186,booking_completed,Google Search,Bangalore,Blue Pottery,CRB5457,4,1800
2026-07-10,u3186,review_submitted,Google Search,Bangalore,Blue Pottery,CRB5457,4,1800
2026-07-10,u3187,page_view,Direct,Varanasi,Warli Painting,,,
2026-07-10,u3188,page_view,Google Search,Varanasi,Pottery,,,
2026-07-10,u3189,page_view,Google Search,Udaipur,Blue Pottery,,,
2026-07-10,u3189,experience_card_viewed,Google Search,Udaipur,Blue Pottery,,,
2026-07-10,u3189,booking_started,Google Search,Udaipur,Blue Pottery,,,
2026-07-10,u3189,payment_success,Google Search,Udaipur,Blue Pottery,CRB5458,2,1800
2026-07-10,u3189,booking_completed,Google Search,Udaipur,Blue Pottery,CRB5458,2,1800
2026-07-10,u3190,page_view,Instagram,Bangalore,Pottery,,,
2026-07-10,u3190,experience_card_viewed,Instagram,Bangalore,Pottery,,,
2026-07-10,u3191,page_view,Referral,Khurja,Weaving,,,
2026-07-10,u3191,experience_card_viewed,Referral,Khurja,Weaving,,,
2026-07-10,u3192,page_view,Instagram,Varanasi,Blue Pottery,,,
2026-07-10,u3192,experience_card_viewed,Instagram,Varanasi,Blue Pottery,,,
2026-07-10,u3193,page_view,Referral,Udaipur,Blue Pottery,,,
2026-07-10,u3194,page_view,Google Search,Udaipur,Warli Painting,,,
2026-07-10,u3195,page_view,Travel Blog,Khurja,Pottery,,,
2026-07-10,u3196,page_view,Instagram,Udaipur,Warli Painting,,,
2026-07-10,u3196,experience_card_viewed,Instagram,Udaipur,Warli Painting,,,
2026-07-10,u3196,booking_started,Instagram,Udaipur,Warli Painting,,,
2026-07-10,u3196,payment_success,Instagram,Udaipur,Warli Painting,CRB5459,2,3500
2026-07-10,u3196,booking_completed,Instagram,Udaipur,Warli Painting,CRB5459,2,3500
2026-07-10,u3196,review_submitted,Instagram,Udaipur,Warli Painting,CRB5459,2,3500
2026-07-10,u3197,page_view,Direct,Bangalore,Weaving,,,
2026-07-10,u3198,page_view,Travel Blog,Bangalore,Blue Pottery,,,
2026-07-10,u3198,experience_card_viewed,Travel Blog,Bangalore,Blue Pottery,,,
2026-07-10,u3199,page_view,Direct,Bangalore,Warli Painting,,,
2026-07-10,u3200,page_view,Google Search,Udaipur,Weaving,,,
2026-07-10,u3200,experience_card_viewed,Google Search,Udaipur,Weaving,,,
2026-07-10,u3201,page_view,Referral,Bangalore,Warli Painting,,,
2026-07-10,u3201,booking_started,Referral,Bangalore,Warli Painting,,,
2026-07-10,u3201,payment_success,Referral,Bangalore,Warli Painting,CRB5460,4,3500
2026-07-10,u3201,booking_completed,Referral,Bangalore,Warli Painting,CRB5460,4,3500
2026-07-10,u3202,page_view,Google Search,Varanasi,Weaving,,,
2026-07-10,u3202,experience_card_viewed,Google Search,Varanasi,Weaving,,,
2026-07-10,u3203,page_view,Travel Blog,Varanasi,Weaving,,,
2026-07-10,u3204,page_view,Google Search,Bangalore,Pottery,,,
2026-07-10,u3205,page_view,Google Search,Varanasi,Warli Painting,,,
2026-07-10,u3205,booking_started,Google Search,Varanasi,Warli Painting,,,
2026-07-10,u3205,payment_success,Google Search,Varanasi,Warli Painting,CRB5461,2,1500
2026-07-10,u3205,booking_completed,Google Search,Varanasi,Warli Painting,CRB5461,2,1500
2026-07-10,u3206,page_view,Travel Blog,Varanasi,Pottery,,,
2026-07-10,u3206,experience_card_viewed,Travel Blog,Varanasi,Pottery,,,
2026-07-10,u3207,page_view,Direct,Udaipur,Warli Painting,,,
2026-07-10,u3207,experience_card_viewed,Direct,Udaipur,Warli Painting,,,
2026-07-10,u3207,booking_started,Direct,Udaipur,Warli Painting,,,
2026-07-10,u3207,payment_success,Direct,Udaipur,Warli Painting,CRB5462,2,2200
2026-07-10,u3207,booking_completed,Direct,Udaipur,Warli Painting,CRB5462,2,2200
2026-07-10,u3208,page_view,Travel Blog,Bangalore,Warli Painting,,,
2026-07-10,u3209,page_view,Travel Blog,Khurja,Weaving,,,
2026-07-10,u3209,experience_card_viewed,Travel Blog,Khurja,Weaving,,,
2026-07-10,u3210,page_view,Travel Blog,Bangalore,Block Printing,,,
2026-07-10,u3210,experience_card_viewed,Travel Blog,Bangalore,Block Printing,,,
2026-07-10,u3211,page_view,Instagram,Khurja,Pottery,,,
2026-07-10,u3211,experience_card_viewed,Instagram,Khurja,Pottery,,,
2026-07-10,u3212,page_view,Instagram,Jaipur,Block Printing,,,
2026-07-10,u3212,experience_card_viewed,Instagram,Jaipur,Block Printing,,,
2026-07-10,u3213,page_view,Referral,Khurja,Block Printing,,,
2026-07-10,u3214,page_view,Google Search,Jaipur,Warli Painting,,,
2026-07-10,u3214,experience_card_viewed,Google Search,Jaipur,Warli Painting,,,
2026-07-10,u3214,booking_started,Google Search,Jaipur,Warli Painting,,,
2026-07-10,u3215,page_view,Referral,Varanasi,Blue Pottery,,,
2026-07-10,u3215,experience_card_viewed,Referral,Varanasi,Blue Pottery,,,
2026-07-10,u3215,booking_started,Referral,Varanasi,Blue Pottery,,,
2026-07-10,u3215,payment_success,Referral,Varanasi,Blue Pottery,CRB5463,4,2500
2026-07-10,u3215,booking_completed,Referral,Varanasi,Blue Pottery,CRB5463,4,2500
2026-07-10,u3215,review_submitted,Referral,Varanasi,Blue Pottery,CRB5463,4,2500
2026-07-10,u3216,page_view,Google Search,Udaipur,Pottery,,,
2026-07-10,u3216,booking_started,Google Search,Udaipur,Pottery,,,
2026-07-10,u3216,payment_success,Google Search,Udaipur,Pottery,CRB5464,4,3500
2026-07-10,u3216,booking_completed,Google Search,Udaipur,Pottery,CRB5464,4,3500
2026-07-10,u3216,review_submitted,Google Search,Udaipur,Pottery,CRB5464,4,3500
2026-07-10,u3217,page_view,Direct,Khurja,Pottery,,,
2026-07-10,u3217,booking_started,Direct,Khurja,Pottery,,,
2026-07-10,u3217,payment_success,Direct,Khurja,Pottery,CRB5465,4,2200
2026-07-10,u3217,booking_completed,Direct,Khurja,Pottery,CRB5465,4,2200
2026-07-10,u3218,page_view,Instagram,Udaipur,Blue Pottery,,,
2026-07-10,u3218,experience_card_viewed,Instagram,Udaipur,Blue Pottery,,,
2026-07-10,u3219,page_view,Travel Blog,Bangalore,Blue Pottery,,,
2026-07-10,u3219,experience_card_viewed,Travel Blog,Bangalore,Blue Pottery,,,
2026-07-10,u3220,page_view,Google Search,Udaipur,Blue Pottery,,,
2026-07-10,u3221,page_view,Referral,Jaipur,Blue Pottery,,,
2026-07-10,u3221,experience_card_viewed,Referral,Jaipur,Blue Pottery,,,
2026-07-10,u3222,page_view,Travel Blog,Bangalore,Pottery,,,
2026-07-10,u3222,experience_card_viewed,Travel Blog,Bangalore,Pottery,,,
2026-07-10,u3223,page_view,Direct,Udaipur,Pottery,,,
2026-07-10,u3223,booking_started,Direct,Udaipur,Pottery,,,
2026-07-10,u3223,payment_success,Direct,Udaipur,Pottery,CRB5466,10,2000
2026-07-10,u3223,booking_completed,Direct,Udaipur,Pottery,CRB5466,10,2000
2026-07-10,u3223,review_submitted,Direct,Udaipur,Pottery,CRB5466,10,2000
2026-07-10,u3224,page_view,Direct,Khurja,Block Printing,,,
2026-07-10,u3224,experience_card_viewed,Direct,Khurja,Block Printing,,,
2026-07-10,u3225,page_view,Travel Blog,Bangalore,Weaving,,,
2026-07-10,u3225,experience_card_viewed,Travel Blog,Bangalore,Weaving,,,
2026-07-10,u3225,booking_started,Travel Blog,Bangalore,Weaving,,,
2026-07-10,u3225,payment_success,Travel Blog,Bangalore,Weaving,CRB5467,12,2200
2026-07-10,u3225,booking_completed,Travel Blog,Bangalore,Weaving,CRB5467,12,2200
2026-07-10,u3225,review_submitted,Travel Blog,Bangalore,Weaving,CRB5467,12,2200
2026-07-10,u3226,page_view,Google Search,Khurja,Pottery,,,
2026-07-10,u3227,page_view,Direct,Bangalore,Pottery,,,
2026-07-10,u3228,page_view,Referral,Jaipur,Pottery,,,
2026-07-10,u3228,experience_card_viewed,Referral,Jaipur,Pottery,,,
2026-07-10,u3229,page_view,Instagram,Bangalore,Warli Painting,,,
2026-07-10,u3229,experience_card_viewed,Instagram,Bangalore,Warli Painting,,,
2026-07-10,u3229,booking_started,Instagram,Bangalore,Warli Painting,,,
2026-07-10,u3230,page_view,Travel Blog,Khurja,Weaving,,,
2026-07-10,u3230,experience_card_viewed,Travel Blog,Khurja,Weaving,,,
2026-07-10,u3231,page_view,Google Search,Khurja,Blue Pottery,,,
2026-07-10,u3231,experience_card_viewed,Google Search,Khurja,Blue Pottery,,,
2026-07-10,u3232,page_view,Google Search,Jaipur,Warli Painting,,,
2026-07-10,u3232,experience_card_viewed,Google Search,Jaipur,Warli Painting,,,
2026-07-10,u3233,page_view,Google Search,Varanasi,Warli Painting,,,
2026-07-10,u3233,experience_card_viewed,Google Search,Varanasi,Warli Painting,,,
2026-07-10,u3234,page_view,Google Search,Khurja,Block Printing,,,
2026-07-10,u3234,booking_started,Google Search,Khurja,Block Printing,,,
2026-07-10,u3234,payment_success,Google Search,Khurja,Block Printing,CRB5468,2,3500
2026-07-10,u3234,booking_completed,Google Search,Khurja,Block Printing,CRB5468,2,3500
2026-07-10,u3235,page_view,Referral,Khurja,Pottery,,,
2026-07-10,u3235,booking_started,Referral,Khurja,Pottery,,,
2026-07-10,u3236,page_view,Referral,Khurja,Weaving,,,
2026-07-10,u3236,experience_card_viewed,Referral,Khurja,Weaving,,,
2026-07-10,u3236,booking_started,Referral,Khurja,Weaving,,,
2026-07-10,u3236,payment_success,Referral,Khurja,Weaving,CRB5469,1,2200
2026-07-10,u3236,booking_completed,Referral,Khurja,Weaving,CRB5469,1,2200
2026-07-10,u3236,review_submitted,Referral,Khurja,Weaving,CRB5469,1,2200
2026-07-10,u3237,page_view,Referral,Bangalore,Weaving,,,
2026-07-10,u3237,experience_card_viewed,Referral,Bangalore,Weaving,,,
2026-07-10,u3238,page_view,Instagram,Khurja,Pottery,,,
2026-07-10,u3239,page_view,Instagram,Udaipur,Pottery,,,
2026-07-10,u3239,experience_card_viewed,Instagram,Udaipur,Pottery,,,
2026-07-10,u3240,page_view,Travel Blog,Udaipur,Warli Painting,,,
2026-07-10,u3241,page_view,Direct,Udaipur,Warli Painting,,,
2026-07-10,u3241,experience_card_viewed,Direct,Udaipur,Warli Painting,,,
2026-07-10,u3242,page_view,Travel Blog,Varanasi,Warli Painting,,,
2026-07-10,u3242,booking_started,Travel Blog,Varanasi,Warli Painting,,,
2026-07-10,u3243,page_view,Google Search,Jaipur,Pottery,,,
2026-07-10,u3243,experience_card_viewed,Google Search,Jaipur,Pottery,,,
2026-07-10,u3244,page_view,Referral,Jaipur,Warli Painting,,,
2026-07-10,u3245,page_view,Referral,Varanasi,Block Printing,,,
2026-07-10,u3245,experience_card_viewed,Referral,Varanasi,Block Printing,,,
2026-07-10,u3245,booking_started,Referral,Varanasi,Block Printing,,,
2026-07-10,u3245,payment_success,Referral,Varanasi,Block Printing,CRB5470,10,3500
2026-07-10,u3245,booking_completed,Referral,Varanasi,Block Printing,CRB5470,10,3500
2026-07-10,u3245,review_submitted,Referral,Varanasi,Block Printing,CRB5470,10,3500
2026-07-10,u3246,page_view,Google Search,Khurja,Block Printing,,,
2026-07-10,u3247,page_view,Referral,Udaipur,Blue Pottery,,,
2026-07-10,u3247,experience_card_viewed,Referral,Udaipur,Blue Pottery,,,
2026-07-10,u3248,page_view,Google Search,Udaipur,Pottery,,,
2026-07-10,u3248,experience_card_viewed,Google Search,Udaipur,Pottery,,,
2026-07-10,u3248,booking_started,Google Search,Udaipur,Pottery,,,
2026-07-10,u3249,page_view,Instagram,Varanasi,Weaving,,,
2026-07-10,u3249,experience_card_viewed,Instagram,Varanasi,Weaving,,,
2026-07-10,u3250,page_view,Travel Blog,Udaipur,Block Printing,,,
2026-07-10,u3251,page_view,Direct,Bangalore,Blue Pottery,,,
2026-07-10,u3251,experience_card_viewed,Direct,Bangalore,Blue Pottery,,,
2026-07-10,u3252,page_view,Travel Blog,Jaipur,Weaving,,,
2026-07-10,u3252,experience_card_viewed,Travel Blog,Jaipur,Weaving,,,
2026-07-10,u3253,page_view,Direct,Khurja,Block Printing,,,
2026-07-10,u3253,booking_started,Direct,Khurja,Block Printing,,,
2026-07-10,u3253,payment_success,Direct,Khurja,Block Printing,CRB5471,4,1500
2026-07-10,u3253,booking_completed,Direct,Khurja,Block Printing,CRB5471,4,1500
2026-07-10,u3253,review_submitted,Direct,Khurja,Block Printing,CRB5471,4,1500
2026-07-10,u3254,page_view,Referral,Bangalore,Blue Pottery,,,
2026-07-10,u3254,experience_card_viewed,Referral,Bangalore,Blue Pottery,,,
2026-07-10,u3255,page_view,Referral,Jaipur,Warli Painting,,,
2026-07-10,u3256,page_view,Travel Blog,Udaipur,Warli Painting,,,
2026-07-10,u3256,experience_card_viewed,Travel Blog,Udaipur,Warli Painting,,,
2026-07-10,u3257,page_view,Direct,Bangalore,Block Printing,,,
2026-07-10,u3257,booking_started,Direct,Bangalore,Block Printing,,,
2026-07-10,u3258,page_view,Referral,Udaipur,Weaving,,,
2026-07-10,u3258,experience_card_viewed,Referral,Udaipur,Weaving,,,
2026-07-10,u3259,page_view,Google Search,Jaipur,Warli Painting,,,
2026-07-10,u3259,experience_card_viewed,Google Search,Jaipur,Warli Painting,,,
2026-07-10,u3260,page_view,Instagram,Jaipur,Weaving,,,
2026-07-10,u3260,experience_card_viewed,Instagram,Jaipur,Weaving,,,
2026-07-10,u3260,booking_started,Instagram,Jaipur,Weaving,,,
2026-07-10,u3260,payment_success,Instagram,Jaipur,Weaving,CRB5472,3,2200
2026-07-10,u3260,booking_completed,Instagram,Jaipur,Weaving,CRB5472,3,2200
2026-07-10,u3261,page_view,Instagram,Jaipur,Pottery,,,
2026-07-10,u3261,booking_started,Instagram,Jaipur,Pottery,,,
2026-07-10,u3261,payment_success,Instagram,Jaipur,Pottery,CRB5473,2,1800
2026-07-10,u3261,booking_completed,Instagram,Jaipur,Pottery,CRB5473,2,1800
2026-07-10,u3262,page_view,Travel Blog,Varanasi,Warli Painting,,,
2026-07-10,u3263,page_view,Travel Blog,Varanasi,Warli Painting,,,
2026-07-10,u3264,page_view,Referral,Varanasi,Warli Painting,,,
2026-07-10,u3264,experience_card_viewed,Referral,Varanasi,Warli Painting,,,
2026-07-10,u3265,page_view,Direct,Bangalore,Weaving,,,
2026-07-10,u3266,page_view,Google Search,Khurja,Block Printing,,,
2026-07-10,u3266,experience_card_viewed,Google Search,Khurja,Block Printing,,,
2026-07-10,u3266,booking_started,Google Search,Khurja,Block Printing,,,
2026-07-10,u3267,page_view,Referral,Udaipur,Blue Pottery,,,
2026-07-10,u3267,experience_card_viewed,Referral,Udaipur,Blue Pottery,,,
2026-07-10,u3268,page_view,Referral,Jaipur,Pottery,,,
2026-07-10,u3269,page_view,Google Search,Khurja,Blue Pottery,,,
2026-07-10,u3270,page_view,Direct,Bangalore,Weaving,,,
2026-07-10,u3270,experience_card_viewed,Direct,Bangalore,Weaving,,,
2026-07-10,u3271,page_view,Direct,Varanasi,Weaving,,,
2026-07-10,u3271,experience_card_viewed,Direct,Varanasi,Weaving,,,
2026-07-10,u3271,booking_started,Direct,Varanasi,Weaving,,,
2026-07-10,u3271,payment_success,Direct,Varanasi,Weaving,CRB5474,2,3500
2026-07-10,u3271,booking_completed,Direct,Varanasi,Weaving,CRB5474,2,3500
2026-07-10,u3272,page_view,Travel Blog,Jaipur,Weaving,,,
2026-07-10,u3272,booking_started,Travel Blog,Jaipur,Weaving,,,
2026-07-10,u3272,payment_success,Travel Blog,Jaipur,Weaving,CRB5475,12,2200
2026-07-10,u3272,booking_completed,Travel Blog,Jaipur,Weaving,CRB5475,12,2200
2026-07-10,u3272,review_submitted,Travel Blog,Jaipur,Weaving,CRB5475,12,2200
2026-07-10,u3273,page_view,Google Search,Varanasi,Pottery,,,
2026-07-10,u3274,page_view,Instagram,Jaipur,Block Printing,,,
2026-07-10,u3274,experience_card_viewed,Instagram,Jaipur,Block Printing,,,
2026-07-10,u3275,page_view,Google Search,Bangalore,Blue Pottery,,,
2026-07-10,u3275,experience_card_viewed,Google Search,Bangalore,Blue Pottery,,,
2026-07-10,u3275,booking_started,Google Search,Bangalore,Blue Pottery,,,
2026-07-10,u3276,page_view,Google Search,Jaipur,Block Printing,,,
2026-07-10,u3276,experience_card_viewed,Google Search,Jaipur,Block Printing,,,
2026-07-10,u3276,booking_started,Google Search,Jaipur,Block Printing,,,
2026-07-10,u3276,payment_success,Google Search,Jaipur,Block Printing,CRB5476,6,3000
2026-07-10,u3276,booking_completed,Google Search,Jaipur,Block Printing,CRB5476,6,3000
2026-07-10,u3277,page_view,Google Search,Varanasi,Weaving,,,
2026-07-10,u3277,experience_card_viewed,Google Search,Varanasi,Weaving,,,
2026-07-10,u3278,page_view,Instagram,Jaipur,Warli Painting,,,
2026-07-10,u3278,experience_card_viewed,Instagram,Jaipur,Warli Painting,,,
2026-07-10,u3279,page_view,Google Search,Udaipur,Blue Pottery,,,
2026-07-10,u3279,experience_card_viewed,Google Search,Udaipur,Blue Pottery,,,
2026-07-10,u3280,page_view,Direct,Bangalore,Block Printing,,,
2026-07-10,u3281,page_view,Instagram,Udaipur,Warli Painting,,,
2026-07-10,u3281,booking_started,Instagram,Udaipur,Warli Painting,,,
2026-07-10,u3282,page_view,Direct,Jaipur,Blue Pottery,,,
2026-07-10,u3283,page_view,Instagram,Udaipur,Weaving,,,
2026-07-10,u3284,page_view,Travel Blog,Varanasi,Warli Painting,,,
2026-07-10,u3284,experience_card_viewed,Travel Blog,Varanasi,Warli Painting,,,
2026-07-10,u3285,page_view,Travel Blog,Udaipur,Pottery,,,
2026-07-10,u3286,page_view,Referral,Khurja,Pottery,,,
2026-07-10,u3286,experience_card_viewed,Referral,Khurja,Pottery,,,
2026-07-10,u3287,page_view,Instagram,Jaipur,Block Printing,,,
2026-07-10,u3287,booking_started,Instagram,Jaipur,Block Printing,,,
2026-07-10,u3287,payment_success,Instagram,Jaipur,Block Printing,CRB5477,12,1800
2026-07-10,u3287,booking_completed,Instagram,Jaipur,Block Printing,CRB5477,12,1800
2026-07-10,u3287,review_submitted,Instagram,Jaipur,Block Printing,CRB5477,12,1800
2026-07-10,u3288,page_view,Travel Blog,Udaipur,Blue Pottery,,,
2026-07-10,u3288,experience_card_viewed,Travel Blog,Udaipur,Blue Pottery,,,
2026-07-10,u3289,page_view,Direct,Bangalore,Weaving,,,
2026-07-10,u3289,booking_started,Direct,Bangalore,Weaving,,,
2026-07-10,u3289,payment_success,Direct,Bangalore,Weaving,CRB5478,1,2000
2026-07-10,u3289,booking_completed,Direct,Bangalore,Weaving,CRB5478,1,2000
2026-07-10,u3289,review_submitted,Direct,Bangalore,Weaving,CRB5478,1,2000
2026-07-10,u3290,page_view,Google Search,Udaipur,Blue Pottery,,,
2026-07-10,u3291,page_view,Referral,Udaipur,Pottery,,,
2026-07-10,u3292,page_view,Travel Blog,Varanasi,Warli Painting,,,
2026-07-10,u3292,booking_started,Travel Blog,Varanasi,Warli Painting,,,
2026-07-10,u3293,page_view,Google Search,Varanasi,Blue Pottery,,,
2026-07-10,u3293,experience_card_viewed,Google Search,Varanasi,Blue Pottery,,,
2026-07-10,u3294,page_view,Referral,Khurja,Block Printing,,,
2026-07-10,u3294,booking_started,Referral,Khurja,Block Printing,,,
2026-07-10,u3294,payment_success,Referral,Khurja,Block Printing,CRB5479,4,1800
2026-07-10,u3294,booking_completed,Referral,Khurja,Block Printing,CRB5479,4,1800
2026-07-10,u3294,review_submitted,Referral,Khurja,Block Printing,CRB5479,4,1800
2026-07-10,u3295,page_view,Referral,Varanasi,Block Printing,,,
2026-07-10,u3295,experience_card_viewed,Referral,Varanasi,Block Printing,,,
2026-07-10,u3296,page_view,Direct,Khurja,Pottery,,,
2026-07-10,u3296,experience_card_viewed,Direct,Khurja,Pottery,,,
2026-07-10,u3297,page_view,Direct,Varanasi,Warli Painting,,,
2026-07-10,u3297,experience_card_viewed,Direct,Varanasi,Warli Painting,,,
2026-07-10,u3298,page_view,Direct,Bangalore,Warli Painting,,,
2026-07-10,u3298,experience_card_viewed,Direct,Bangalore,Warli Painting,,,
2026-07-10,u3299,page_view,Instagram,Udaipur,Warli Painting,,,
2026-07-10,u3300,page_view,Travel Blog,Jaipur,Weaving,,,
2026-07-10,u3300,experience_card_viewed,Travel Blog,Jaipur,Weaving,,,
2026-07-10,u3301,page_view,Instagram,Udaipur,Blue Pottery,,,
2026-07-10,u3302,page_view,Direct,Bangalore,Pottery,,,
2026-07-10,u3303,page_view,Google Search,Udaipur,Weaving,,,
2026-07-10,u3303,experience_card_viewed,Google Search,Udaipur,Weaving,,,
2026-07-10,u3304,page_view,Instagram,Khurja,Warli Painting,,,
2026-07-10,u3304,experience_card_viewed,Instagram,Khurja,Warli Painting,,,
2026-07-10,u3304,booking_started,Instagram,Khurja,Warli Painting,,,
2026-07-10,u3304,payment_success,Instagram,Khurja,Warli Painting,CRB5480,1,1800
2026-07-10,u3305,page_view,Instagram,Udaipur,Block Printing,,,
2026-07-10,u3306,page_view,Referral,Bangalore,Warli Painting,,,
2026-07-10,u3306,booking_started,Referral,Bangalore,Warli Painting,,,
2026-07-10,u3307,page_view,Referral,Bangalore,Block Printing,,,
2026-07-10,u3307,experience_card_viewed,Referral,Bangalore,Block Printing,,,
2026-07-10,u3308,page_view,Direct,Bangalore,Weaving,,,
2026-07-10,u3309,page_view,Travel Blog,Bangalore,Weaving,,,
2026-07-10,u3309,experience_card_viewed,Travel Blog,Bangalore,Weaving,,,
2026-07-10,u3310,page_view,Instagram,Udaipur,Block Printing,,,
2026-07-10,u3310,experience_card_viewed,Instagram,Udaipur,Block Printing,,,
2026-07-10,u3310,booking_started,Instagram,Udaipur,Block Printing,,,
2026-07-10,u3310,payment_success,Instagram,Udaipur,Block Printing,CRB5481,2,1800
2026-07-10,u3311,page_view,Referral,Varanasi,Blue Pottery,,,
2026-07-10,u3311,experience_card_viewed,Referral,Varanasi,Blue Pottery,,,
2026-07-10,u3312,page_view,Google Search,Varanasi,Block Printing,,,
2026-07-10,u3313,page_view,Direct,Bangalore,Block Printing,,,
2026-07-10,u3313,experience_card_viewed,Direct,Bangalore,Block Printing,,,
2026-07-10,u3313,booking_started,Direct,Bangalore,Block Printing,,,
2026-07-10,u3313,payment_success,Direct,Bangalore,Block Printing,CRB5482,1,1800
2026-07-10,u3313,booking_completed,Direct,Bangalore,Block Printing,CRB5482,1,1800
2026-07-10,u3314,page_view,Travel Blog,Varanasi,Block Printing,,,
2026-07-10,u3314,experience_card_viewed,Travel Blog,Varanasi,Block Printing,,,
2026-07-10,u3315,page_view,Direct,Udaipur,Warli Painting,,,
2026-07-10,u3315,experience_card_viewed,Direct,Udaipur,Warli Painting,,,
2026-07-10,u3316,page_view,Referral,Jaipur,Weaving,,,
2026-07-10,u3317,page_view,Travel Blog,Khurja,Warli Painting,,,
2026-07-10,u3318,page_view,Direct,Jaipur,Block Printing,,,
2026-07-10,u3318,experience_card_viewed,Direct,Jaipur,Block Printing,,,
2026-07-10,u3319,page_view,Direct,Bangalore,Pottery,,,
2026-07-10,u3319,experience_card_viewed,Direct,Bangalore,Pottery,,,
2026-07-10,u3320,page_view,Referral,Jaipur,Weaving,,,
2026-07-10,u3321,page_view,Travel Blog,Jaipur,Warli Painting,,,
2026-07-10,u3322,page_view,Google Search,Khurja,Warli Painting,,,
2026-07-10,u3323,page_view,Instagram,Khurja,Blue Pottery,,,
2026-07-10,u3324,page_view,Referral,Varanasi,Pottery,,,
2026-07-10,u3324,booking_started,Referral,Varanasi,Pottery,,,
2026-07-10,u3324,payment_success,Referral,Varanasi,Pottery,CRB5483,6,1500
2026-07-10,u3325,page_view,Instagram,Varanasi,Blue Pottery,,,
2026-07-10,u3325,experience_card_viewed,Instagram,Varanasi,Blue Pottery,,,
2026-07-10,u3326,page_view,Direct,Bangalore,Warli Painting,,,
2026-07-10,u3327,page_view,Travel Blog,Udaipur,Warli Painting,,,
2026-07-10,u3328,page_view,Referral,Jaipur,Warli Painting,,,
2026-07-10,u3329,page_view,Referral,Khurja,Weaving,,,
2026-07-10,u3330,page_view,Instagram,Jaipur,Block Printing,,,
2026-07-10,u3331,page_view,Google Search,Varanasi,Blue Pottery,,,
2026-07-10,u3332,page_view,Travel Blog,Jaipur,Warli Painting,,,
2026-07-10,u3332,experience_card_viewed,Travel Blog,Jaipur,Warli Painting,,,
2026-07-10,u3333,page_view,Referral,Udaipur,Block Printing,,,
2026-07-10,u3333,experience_card_viewed,Referral,Udaipur,Block Printing,,,
2026-07-10,u3334,page_view,Google Search,Jaipur,Pottery,,,
2026-07-10,u3335,page_view,Instagram,Varanasi,Block Printing,,,
2026-07-10,u3335,experience_card_viewed,Instagram,Varanasi,Block Printing,,,
2026-07-10,u3335,booking_started,Instagram,Varanasi,Block Printing,,,
2026-07-10,u3335,payment_success,Instagram,Varanasi,Block Printing,CRB5484,2,1800
2026-07-10,u3335,booking_completed,Instagram,Varanasi,Block Printing,CRB5484,2,1800
2026-07-10,u3336,page_view,Direct,Bangalore,Block Printing,,,
2026-07-10,u3337,page_view,Direct,Bangalore,Weaving,,,
2026-07-10,u3338,page_view,Instagram,Udaipur,Block Printing,,,
2026-07-10,u3338,experience_card_viewed,Instagram,Udaipur,Block Printing,,,
2026-07-10,u3339,page_view,Instagram,Varanasi,Weaving,,,
2026-07-10,u3339,booking_started,Instagram,Varanasi,Weaving,,,
2026-07-10,u3339,payment_success,Instagram,Varanasi,Weaving,CRB5485,1,1500
2026-07-10,u3339,booking_completed,Instagram,Varanasi,Weaving,CRB5485,1,1500
2026-07-10,u3339,review_submitted,Instagram,Varanasi,Weaving,CRB5485,1,1500
2026-07-10,u3340,page_view,Google Search,Bangalore,Warli Painting,,,
2026-07-10,u3340,booking_started,Google Search,Bangalore,Warli Painting,,,
2026-07-10,u3340,payment_success,Google Search,Bangalore,Warli Painting,CRB5486,2,3000
2026-07-10,u3341,page_view,Google Search,Khurja,Pottery,,,
2026-07-10,u3342,page_view,Direct,Khurja,Blue Pottery,,,
2026-07-10,u3342,experience_card_viewed,Direct,Khurja,Blue Pottery,,,
2026-07-10,u3343,page_view,Referral,Bangalore,Pottery,,,
2026-07-10,u3343,experience_card_viewed,Referral,Bangalore,Pottery,,,
2026-07-10,u3343,booking_started,Referral,Bangalore,Pottery,,,
2026-07-10,u3343,payment_success,Referral,Bangalore,Pottery,CRB5487,10,1800
2026-07-10,u3343,booking_completed,Referral,Bangalore,Pottery,CRB5487,10,1800
2026-07-10,u3343,review_submitted,Referral,Bangalore,Pottery,CRB5487,10,1800
2026-07-10,u3344,page_view,Referral,Varanasi,Pottery,,,
2026-07-10,u3345,page_view,Travel Blog,Varanasi,Warli Painting,,,
2026-07-10,u3345,experience_card_viewed,Travel Blog,Varanasi,Warli Painting,,,
2026-07-10,u3346,page_view,Travel Blog,Bangalore,Pottery,,,
2026-07-10,u3347,page_view,Direct,Khurja,Warli Painting,,,
2026-07-10,u3347,experience_card_viewed,Direct,Khurja,Warli Painting,,,
2026-07-10,u3348,page_view,Google Search,Jaipur,Pottery,,,
2026-07-10,u3349,page_view,Instagram,Udaipur,Pottery,,,
2026-07-10,u3349,booking_started,Instagram,Udaipur,Pottery,,,
2026-07-10,u3349,payment_success,Instagram,Udaipur,Pottery,CRB5488,1,3000
2026-07-10,u3349,booking_completed,Instagram,Udaipur,Pottery,CRB5488,1,3000
2026-07-10,u3349,review_submitted,Instagram,Udaipur,Pottery,CRB5488,1,3000
2026-07-10,u3350,page_view,Google Search,Udaipur,Pottery,,,
2026-07-10,u3350,experience_card_viewed,Google Search,Udaipur,Pottery,,,
2026-07-10,u3351,page_view,Instagram,Varanasi,Weaving,,,
2026-07-10,u3352,page_view,Direct,Varanasi,Blue Pottery,,,
2026-07-10,u3353,page_view,Google Search,Khurja,Blue Pottery,,,
2026-07-10,u3353,experience_card_viewed,Google Search,Khurja,Blue Pottery,,,
2026-07-10,u3354,page_view,Google Search,Udaipur,Blue Pottery,,,
2026-07-10,u3355,page_view,Referral,Jaipur,Blue Pottery,,,
2026-07-10,u3355,experience_card_viewed,Referral,Jaipur,Blue Pottery,,,
2026-07-10,u3355,booking_started,Referral,Jaipur,Blue Pottery,,,
2026-07-10,u3356,page_view,Instagram,Udaipur,Warli Painting,,,
2026-07-10,u3356,experience_card_viewed,Instagram,Udaipur,Warli Painting,,,
2026-07-10,u3357,page_view,Referral,Khurja,Weaving,,,
2026-07-10,u3357,experience_card_viewed,Referral,Khurja,Weaving,,,
2026-07-10,u3358,page_view,Instagram,Udaipur,Warli Painting,,,
2026-07-10,u3358,experience_card_viewed,Instagram,Udaipur,Warli Painting,,,
2026-07-10,u3359,page_view,Referral,Khurja,Blue Pottery,,,
2026-07-10,u3359,experience_card_viewed,Referral,Khurja,Blue Pottery,,,
2026-07-10,u3360,page_view,Travel Blog,Udaipur,Weaving,,,
2026-07-10,u3360,experience_card_viewed,Travel Blog,Udaipur,Weaving,,,
2026-07-10,u3360,booking_started,Travel Blog,Udaipur,Weaving,,,
2026-07-10,u3361,page_view,Instagram,Khurja,Blue Pottery,,,
2026-07-10,u3361,experience_card_viewed,Instagram,Khurja,Blue Pottery,,,
2026-07-10,u3362,page_view,Direct,Bangalore,Pottery,,,
2026-07-10,u3362,experience_card_viewed,Direct,Bangalore,Pottery,,,
2026-07-11,u3363,page_view,Referral,Jaipur,Weaving,,,
2026-07-11,u3364,page_view,Referral,Udaipur,Block Printing,,,
2026-07-11,u3364,experience_card_viewed,Referral,Udaipur,Block Printing,,,
2026-07-11,u3365,page_view,Instagram,Khurja,Weaving,,,
2026-07-11,u3365,experience_card_viewed,Instagram,Khurja,Weaving,,,
2026-07-11,u3365,booking_started,Instagram,Khurja,Weaving,,,
2026-07-11,u3366,page_view,Direct,Bangalore,Warli Painting,,,
2026-07-11,u3367,page_view,Google Search,Udaipur,Warli Painting,,,
2026-07-11,u3367,experience_card_viewed,Google Search,Udaipur,Warli Painting,,,
2026-07-11,u3368,page_view,Referral,Bangalore,Blue Pottery,,,
2026-07-11,u3368,booking_started,Referral,Bangalore,Blue Pottery,,,
2026-07-11,u3368,payment_success,Referral,Bangalore,Blue Pottery,CRB5489,2,3000
2026-07-11,u3368,booking_completed,Referral,Bangalore,Blue Pottery,CRB5489,2,3000
2026-07-11,u3369,page_view,Travel Blog,Bangalore,Warli Painting,,,
2026-07-11,u3369,booking_started,Travel Blog,Bangalore,Warli Painting,,,
2026-07-11,u3369,payment_success,Travel Blog,Bangalore,Warli Painting,CRB5490,3,1800
2026-07-11,u3369,booking_completed,Travel Blog,Bangalore,Warli Painting,CRB5490,3,1800
2026-07-11,u3370,page_view,Google Search,Udaipur,Warli Painting,,,
2026-07-11,u3370,experience_card_viewed,Google Search,Udaipur,Warli Painting,,,
2026-07-11,u3370,booking_started,Google Search,Udaipur,Warli Painting,,,
2026-07-11,u3370,payment_success,Google Search,Udaipur,Warli Painting,CRB5491,2,1800
2026-07-11,u3370,booking_completed,Google Search,Udaipur,Warli Painting,CRB5491,2,1800
2026-07-11,u3370,review_submitted,Google Search,Udaipur,Warli Painting,CRB5491,2,1800
2026-07-11,u3371,page_view,Direct,Udaipur,Pottery,,,
2026-07-11,u3371,experience_card_viewed,Direct,Udaipur,Pottery,,,
2026-07-11,u3371,booking_started,Direct,Udaipur,Pottery,,,
2026-07-11,u3371,payment_success,Direct,Udaipur,Pottery,CRB5492,1,2000
2026-07-11,u3371,booking_completed,Direct,Udaipur,Pottery,CRB5492,1,2000
2026-07-11,u3372,page_view,Instagram,Varanasi,Pottery,,,
2026-07-11,u3372,booking_started,Instagram,Varanasi,Pottery,,,
2026-07-11,u3372,payment_success,Instagram,Varanasi,Pottery,CRB5493,3,1500
2026-07-11,u3372,booking_completed,Instagram,Varanasi,Pottery,CRB5493,3,1500
2026-07-11,u3372,review_submitted,Instagram,Varanasi,Pottery,CRB5493,3,1500
2026-07-11,u3373,page_view,Travel Blog,Varanasi,Block Printing,,,
2026-07-11,u3373,experience_card_viewed,Travel Blog,Varanasi,Block Printing,,,
2026-07-11,u3374,page_view,Direct,Varanasi,Block Printing,,,
2026-07-11,u3374,experience_card_viewed,Direct,Varanasi,Block Printing,,,
2026-07-11,u3375,page_view,Referral,Udaipur,Warli Painting,,,
2026-07-11,u3375,booking_started,Referral,Udaipur,Warli Painting,,,
2026-07-11,u3375,payment_success,Referral,Udaipur,Warli Painting,CRB5494,1,3000
2026-07-11,u3375,booking_completed,Referral,Udaipur,Warli Painting,CRB5494,1,3000
2026-07-11,u3375,review_submitted,Referral,Udaipur,Warli Painting,CRB5494,1,3000
2026-07-11,u3376,page_view,Google Search,Khurja,Pottery,,,
2026-07-11,u3376,experience_card_viewed,Google Search,Khurja,Pottery,,,
2026-07-11,u3376,booking_started,Google Search,Khurja,Pottery,,,
2026-07-11,u3376,payment_success,Google Search,Khurja,Pottery,CRB5495,2,1500
2026-07-11,u3376,booking_completed,Google Search,Khurja,Pottery,CRB5495,2,1500
2026-07-11,u3377,page_view,Instagram,Khurja,Blue Pottery,,,
2026-07-11,u3377,experience_card_viewed,Instagram,Khurja,Blue Pottery,,,
2026-07-11,u3377,booking_started,Instagram,Khurja,Blue Pottery,,,
2026-07-11,u3377,payment_success,Instagram,Khurja,Blue Pottery,CRB5496,2,3000
2026-07-11,u3377,booking_completed,Instagram,Khurja,Blue Pottery,CRB5496,2,3000
2026-07-11,u3377,review_submitted,Instagram,Khurja,Blue Pottery,CRB5496,2,3000
2026-07-11,u3378,page_view,Google Search,Udaipur,Block Printing,,,
2026-07-11,u3378,experience_card_viewed,Google Search,Udaipur,Block Printing,,,
2026-07-11,u3379,page_view,Google Search,Varanasi,Warli Painting,,,
2026-07-11,u3380,page_view,Direct,Bangalore,Warli Painting,,,
2026-07-11,u3381,page_view,Google Search,Bangalore,Warli Painting,,,
2026-07-11,u3381,booking_started,Google Search,Bangalore,Warli Painting,,,
2026-07-11,u3381,payment_success,Google Search,Bangalore,Warli Painting,CRB5497,2,2500
2026-07-11,u3381,booking_completed,Google Search,Bangalore,Warli Painting,CRB5497,2,2500
2026-07-11,u3381,review_submitted,Google Search,Bangalore,Warli Painting,CRB5497,2,2500
2026-07-11,u3382,page_view,Instagram,Khurja,Blue Pottery,,,
2026-07-11,u3382,experience_card_viewed,Instagram,Khurja,Blue Pottery,,,
2026-07-11,u3383,page_view,Travel Blog,Jaipur,Warli Painting,,,
2026-07-11,u3383,experience_card_viewed,Travel Blog,Jaipur,Warli Painting,,,
2026-07-11,u3384,page_view,Instagram,Khurja,Warli Painting,,,
2026-07-11,u3384,booking_started,Instagram,Khurja,Warli Painting,,,
2026-07-11,u3384,payment_success,Instagram,Khurja,Warli Painting,CRB5498,2,1500
2026-07-11,u3384,booking_completed,Instagram,Khurja,Warli Painting,CRB5498,2,1500
2026-07-11,u3385,page_view,Direct,Bangalore,Warli Painting,,,
2026-07-11,u3385,booking_started,Direct,Bangalore,Warli Painting,,,
2026-07-11,u3385,payment_success,Direct,Bangalore,Warli Painting,CRB5499,6,2500
2026-07-11,u3385,booking_completed,Direct,Bangalore,Warli Painting,CRB5499,6,2500
2026-07-11,u3385,review_submitted,Direct,Bangalore,Warli Painting,CRB5499,6,2500
2026-07-11,u3386,page_view,Travel Blog,Udaipur,Pottery,,,
2026-07-11,u3386,experience_card_viewed,Travel Blog,Udaipur,Pottery,,,
2026-07-11,u3387,page_view,Instagram,Bangalore,Pottery,,,
2026-07-11,u3387,booking_started,Instagram,Bangalore,Pottery,,,
2026-07-11,u3387,payment_success,Instagram,Bangalore,Pottery,CRB5500,2,3000
2026-07-11,u3387,booking_completed,Instagram,Bangalore,Pottery,CRB5500,2,3000
2026-07-11,u3388,page_view,Instagram,Jaipur,Block Printing,,,
2026-07-11,u3389,page_view,Instagram,Varanasi,Pottery,,,
2026-07-11,u3390,page_view,Direct,Jaipur,Block Printing,,,
2026-07-11,u3391,page_view,Instagram,Udaipur,Warli Painting,,,
2026-07-11,u3391,booking_started,Instagram,Udaipur,Warli Painting,,,
2026-07-11,u3391,payment_success,Instagram,Udaipur,Warli Painting,CRB5501,1,3000
2026-07-11,u3391,booking_completed,Instagram,Udaipur,Warli Painting,CRB5501,1,3000
2026-07-11,u3391,review_submitted,Instagram,Udaipur,Warli Painting,CRB5501,1,3000
2026-07-11,u3392,page_view,Referral,Khurja,Block Printing,,,
2026-07-11,u3392,booking_started,Referral,Khurja,Block Printing,,,
2026-07-11,u3392,payment_success,Referral,Khurja,Block Printing,CRB5502,12,2000
2026-07-11,u3392,booking_completed,Referral,Khurja,Block Printing,CRB5502,12,2000
2026-07-11,u3393,page_view,Direct,Jaipur,Weaving,,,
2026-07-11,u3393,experience_card_viewed,Direct,Jaipur,Weaving,,,
2026-07-11,u3393,booking_started,Direct,Jaipur,Weaving,,,
2026-07-11,u3393,payment_success,Direct,Jaipur,Weaving,CRB5503,1,1500
2026-07-11,u3393,booking_completed,Direct,Jaipur,Weaving,CRB5503,1,1500
2026-07-11,u3393,review_submitted,Direct,Jaipur,Weaving,CRB5503,1,1500
2026-07-11,u3394,page_view,Referral,Jaipur,Weaving,,,
2026-07-11,u3394,booking_started,Referral,Jaipur,Weaving,,,
2026-07-11,u3394,payment_success,Referral,Jaipur,Weaving,CRB5504,10,2500
2026-07-11,u3394,booking_completed,Referral,Jaipur,Weaving,CRB5504,10,2500
2026-07-11,u3394,review_submitted,Referral,Jaipur,Weaving,CRB5504,10,2500
2026-07-11,u3395,page_view,Referral,Jaipur,Weaving,,,
2026-07-11,u3395,experience_card_viewed,Referral,Jaipur,Weaving,,,
2026-07-11,u3395,booking_started,Referral,Jaipur,Weaving,,,
2026-07-11,u3395,payment_success,Referral,Jaipur,Weaving,CRB5505,1,2500
2026-07-11,u3395,booking_completed,Referral,Jaipur,Weaving,CRB5505,1,2500
2026-07-11,u3396,page_view,Direct,Bangalore,Warli Painting,,,
2026-07-11,u3396,experience_card_viewed,Direct,Bangalore,Warli Painting,,,
2026-07-11,u3397,page_view,Instagram,Bangalore,Warli Painting,,,
2026-07-11,u3397,experience_card_viewed,Instagram,Bangalore,Warli Painting,,,
2026-07-11,u3397,booking_started,Instagram,Bangalore,Warli Painting,,,
2026-07-11,u3397,payment_success,Instagram,Bangalore,Warli Painting,CRB5506,1,1500
2026-07-11,u3397,booking_completed,Instagram,Bangalore,Warli Painting,CRB5506,1,1500
2026-07-11,u3397,review_submitted,Instagram,Bangalore,Warli Painting,CRB5506,1,1500
2026-07-11,u3398,page_view,Referral,Khurja,Warli Painting,,,
2026-07-11,u3399,page_view,Google Search,Bangalore,Pottery,,,
2026-07-11,u3399,experience_card_viewed,Google Search,Bangalore,Pottery,,,
2026-07-11,u3400,page_view,Direct,Jaipur,Blue Pottery,,,
2026-07-11,u3400,experience_card_viewed,Direct,Jaipur,Blue Pottery,,,
2026-07-11,u3400,booking_started,Direct,Jaipur,Blue Pottery,,,
2026-07-11,u3400,payment_success,Direct,Jaipur,Blue Pottery,CRB5507,10,2500
2026-07-11,u3400,booking_completed,Direct,Jaipur,Blue Pottery,CRB5507,10,2500
2026-07-11,u3401,page_view,Google Search,Jaipur,Pottery,,,
2026-07-11,u3402,page_view,Google Search,Varanasi,Warli Painting,,,
2026-07-11,u3402,experience_card_viewed,Google Search,Varanasi,Warli Painting,,,
2026-07-11,u3402,booking_started,Google Search,Varanasi,Warli Painting,,,
2026-07-11,u3403,page_view,Referral,Jaipur,Blue Pottery,,,
2026-07-11,u3404,page_view,Referral,Udaipur,Pottery,,,
2026-07-11,u3404,experience_card_viewed,Referral,Udaipur,Pottery,,,
2026-07-11,u3405,page_view,Referral,Jaipur,Pottery,,,
2026-07-11,u3405,experience_card_viewed,Referral,Jaipur,Pottery,,,
2026-07-11,u3405,booking_started,Referral,Jaipur,Pottery,,,
2026-07-11,u3405,payment_success,Referral,Jaipur,Pottery,CRB5508,6,2500
2026-07-11,u3405,booking_completed,Referral,Jaipur,Pottery,CRB5508,6,2500
2026-07-11,u3405,review_submitted,Referral,Jaipur,Pottery,CRB5508,6,2500
2026-07-11,u3406,page_view,Travel Blog,Varanasi,Blue Pottery,,,
2026-07-11,u3407,page_view,Direct,Bangalore,Warli Painting,,,
2026-07-11,u3407,experience_card_viewed,Direct,Bangalore,Warli Painting,,,
2026-07-11,u3408,page_view,Google Search,Jaipur,Weaving,,,
2026-07-11,u3408,experience_card_viewed,Google Search,Jaipur,Weaving,,,
2026-07-11,u3409,page_view,Direct,Khurja,Weaving,,,
2026-07-11,u3409,experience_card_viewed,Direct,Khurja,Weaving,,,
2026-07-11,u3410,page_view,Travel Blog,Bangalore,Block Printing,,,
2026-07-11,u3411,page_view,Referral,Jaipur,Weaving,,,
2026-07-11,u3411,experience_card_viewed,Referral,Jaipur,Weaving,,,
2026-07-11,u3412,page_view,Google Search,Varanasi,Pottery,,,
2026-07-11,u3412,booking_started,Google Search,Varanasi,Pottery,,,
2026-07-11,u3412,payment_success,Google Search,Varanasi,Pottery,CRB5509,2,2200
2026-07-11,u3412,booking_completed,Google Search,Varanasi,Pottery,CRB5509,2,2200
2026-07-11,u3413,page_view,Direct,Udaipur,Warli Painting,,,
2026-07-11,u3413,experience_card_viewed,Direct,Udaipur,Warli Painting,,,
2026-07-11,u3414,page_view,Instagram,Bangalore,Block Printing,,,
2026-07-11,u3414,booking_started,Instagram,Bangalore,Block Printing,,,
2026-07-11,u3414,payment_success,Instagram,Bangalore,Block Printing,CRB5510,3,2200
2026-07-11,u3414,booking_completed,Instagram,Bangalore,Block Printing,CRB5510,3,2200
2026-07-11,u3414,review_submitted,Instagram,Bangalore,Block Printing,CRB5510,3,2200
2026-07-11,u3415,page_view,Instagram,Jaipur,Block Printing,,,
2026-07-11,u3416,page_view,Direct,Udaipur,Weaving,,,
2026-07-11,u3416,booking_started,Direct,Udaipur,Weaving,,,
2026-07-11,u3417,page_view,Travel Blog,Bangalore,Warli Painting,,,
2026-07-11,u3417,booking_started,Travel Blog,Bangalore,Warli Painting,,,
2026-07-11,u3417,payment_success,Travel Blog,Bangalore,Warli Painting,CRB5511,1,3500
2026-07-11,u3417,booking_completed,Travel Blog,Bangalore,Warli Painting,CRB5511,1,3500
2026-07-11,u3417,review_submitted,Travel Blog,Bangalore,Warli Painting,CRB5511,1,3500
2026-07-11,u3418,page_view,Direct,Jaipur,Pottery,,,
2026-07-11,u3419,page_view,Travel Blog,Varanasi,Weaving,,,
2026-07-11,u3420,page_view,Travel Blog,Jaipur,Warli Painting,,,
2026-07-11,u3421,page_view,Direct,Varanasi,Pottery,,,
2026-07-11,u3421,booking_started,Direct,Varanasi,Pottery,,,
2026-07-11,u3421,payment_success,Direct,Varanasi,Pottery,CRB5512,2,3500
2026-07-11,u3421,booking_completed,Direct,Varanasi,Pottery,CRB5512,2,3500
2026-07-11,u3422,page_view,Google Search,Udaipur,Warli Painting,,,
2026-07-11,u3422,experience_card_viewed,Google Search,Udaipur,Warli Painting,,,
2026-07-11,u3423,page_view,Direct,Khurja,Blue Pottery,,,
2026-07-11,u3423,experience_card_viewed,Direct,Khurja,Blue Pottery,,,
2026-07-11,u3424,page_view,Google Search,Khurja,Warli Painting,,,
2026-07-11,u3424,booking_started,Google Search,Khurja,Warli Painting,,,
2026-07-11,u3424,payment_success,Google Search,Khurja,Warli Painting,CRB5513,4,2000
2026-07-11,u3424,booking_completed,Google Search,Khurja,Warli Painting,CRB5513,4,2000
2026-07-11,u3424,review_submitted,Google Search,Khurja,Warli Painting,CRB5513,4,2000
2026-07-11,u3425,page_view,Direct,Bangalore,Blue Pottery,,,
2026-07-11,u3425,booking_started,Direct,Bangalore,Blue Pottery,,,
2026-07-11,u3425,payment_success,Direct,Bangalore,Blue Pottery,CRB5514,1,3500
2026-07-11,u3425,booking_completed,Direct,Bangalore,Blue Pottery,CRB5514,1,3500
2026-07-11,u3425,review_submitted,Direct,Bangalore,Blue Pottery,CRB5514,1,3500
2026-07-11,u3426,page_view,Instagram,Bangalore,Block Printing,,,
2026-07-11,u3426,experience_card_viewed,Instagram,Bangalore,Block Printing,,,
2026-07-11,u3426,booking_started,Instagram,Bangalore,Block Printing,,,
2026-07-11,u3427,page_view,Instagram,Jaipur,Pottery,,,
2026-07-11,u3427,booking_started,Instagram,Jaipur,Pottery,,,
2026-07-11,u3428,page_view,Referral,Udaipur,Blue Pottery,,,
2026-07-11,u3428,booking_started,Referral,Udaipur,Blue Pottery,,,
2026-07-11,u3429,page_view,Instagram,Udaipur,Pottery,,,
2026-07-11,u3429,booking_started,Instagram,Udaipur,Pottery,,,
2026-07-11,u3430,page_view,Google Search,Jaipur,Pottery,,,
2026-07-11,u3430,booking_started,Google Search,Jaipur,Pottery,,,
2026-07-11,u3430,payment_success,Google Search,Jaipur,Pottery,CRB5515,1,3500
2026-07-11,u3430,booking_completed,Google Search,Jaipur,Pottery,CRB5515,1,3500
2026-07-11,u3431,page_view,Travel Blog,Udaipur,Warli Painting,,,
2026-07-11,u3431,booking_started,Travel Blog,Udaipur,Warli Painting,,,
2026-07-11,u3431,payment_success,Travel Blog,Udaipur,Warli Painting,CRB5516,4,2000
2026-07-11,u3431,booking_completed,Travel Blog,Udaipur,Warli Painting,CRB5516,4,2000
2026-07-11,u3431,review_submitted,Travel Blog,Udaipur,Warli Painting,CRB5516,4,2000
2026-07-11,u3432,page_view,Travel Blog,Khurja,Weaving,,,
2026-07-11,u3432,experience_card_viewed,Travel Blog,Khurja,Weaving,,,
2026-07-11,u3433,page_view,Direct,Bangalore,Pottery,,,
2026-07-11,u3433,experience_card_viewed,Direct,Bangalore,Pottery,,,
2026-07-11,u3433,booking_started,Direct,Bangalore,Pottery,,,
2026-07-11,u3433,payment_success,Direct,Bangalore,Pottery,CRB5517,2,1500
2026-07-11,u3433,booking_completed,Direct,Bangalore,Pottery,CRB5517,2,1500
2026-07-11,u3433,review_submitted,Direct,Bangalore,Pottery,CRB5517,2,1500
2026-07-11,u3434,page_view,Referral,Bangalore,Warli Painting,,,
2026-07-11,u3435,page_view,Referral,Bangalore,Pottery,,,
2026-07-11,u3436,page_view,Travel Blog,Varanasi,Warli Painting,,,
2026-07-11,u3437,page_view,Direct,Bangalore,Warli Painting,,,
2026-07-11,u3438,page_view,Direct,Bangalore,Blue Pottery,,,
2026-07-11,u3439,page_view,Direct,Bangalore,Warli Painting,,,
2026-07-11,u3440,page_view,Travel Blog,Jaipur,Warli Painting,,,
2026-07-11,u3440,experience_card_viewed,Travel Blog,Jaipur,Warli Painting,,,
2026-07-11,u3441,page_view,Referral,Bangalore,Blue Pottery,,,
2026-07-11,u3442,page_view,Google Search,Varanasi,Warli Painting,,,
2026-07-11,u3442,experience_card_viewed,Google Search,Varanasi,Warli Painting,,,
2026-07-11,u3442,booking_started,Google Search,Varanasi,Warli Painting,,,
2026-07-11,u3442,payment_success,Google Search,Varanasi,Warli Painting,CRB5518,4,2500
2026-07-11,u3442,booking_completed,Google Search,Varanasi,Warli Painting,CRB5518,4,2500
2026-07-11,u3443,page_view,Google Search,Khurja,Weaving,,,
2026-07-11,u3444,page_view,Travel Blog,Udaipur,Warli Painting,,,
2026-07-11,u3445,page_view,Travel Blog,Bangalore,Block Printing,,,
2026-07-11,u3446,page_view,Travel Blog,Jaipur,Blue Pottery,,,
2026-07-11,u3447,page_view,Instagram,Udaipur,Pottery,,,
2026-07-11,u3448,page_view,Google Search,Bangalore,Warli Painting,,,
2026-07-11,u3448,experience_card_viewed,Google Search,Bangalore,Warli Painting,,,
2026-07-11,u3449,page_view,Direct,Varanasi,Pottery,,,
2026-07-11,u3450,page_view,Direct,Jaipur,Weaving,,,
2026-07-11,u3451,page_view,Travel Blog,Jaipur,Pottery,,,
2026-07-11,u3452,page_view,Travel Blog,Varanasi,Block Printing,,,
2026-07-11,u3453,page_view,Google Search,Udaipur,Warli Painting,,,
2026-07-11,u3454,page_view,Google Search,Udaipur,Weaving,,,
2026-07-11,u3454,experience_card_viewed,Google Search,Udaipur,Weaving,,,
2026-07-11,u3455,page_view,Direct,Udaipur,Weaving,,,
2026-07-11,u3455,experience_card_viewed,Direct,Udaipur,Weaving,,,
2026-07-11,u3455,booking_started,Direct,Udaipur,Weaving,,,
2026-07-11,u3456,page_view,Instagram,Bangalore,Blue Pottery,,,
2026-07-11,u3456,booking_started,Instagram,Bangalore,Blue Pottery,,,
2026-07-11,u3457,page_view,Google Search,Khurja,Warli Painting,,,
2026-07-11,u3457,experience_card_viewed,Google Search,Khurja,Warli Painting,,,
2026-07-11,u3458,page_view,Instagram,Varanasi,Pottery,,,
2026-07-11,u3459,page_view,Google Search,Khurja,Warli Painting,,,
2026-07-11,u3460,page_view,Direct,Varanasi,Block Printing,,,
2026-07-11,u3461,page_view,Google Search,Udaipur,Pottery,,,
2026-07-11,u3461,experience_card_viewed,Google Search,Udaipur,Pottery,,,
2026-07-11,u3462,page_view,Direct,Udaipur,Warli Painting,,,
2026-07-11,u3462,experience_card_viewed,Direct,Udaipur,Warli Painting,,,
2026-07-11,u3463,page_view,Instagram,Jaipur,Block Printing,,,
2026-07-11,u3464,page_view,Direct,Khurja,Block Printing,,,
2026-07-11,u3464,experience_card_viewed,Direct,Khurja,Block Printing,,,
2026-07-11,u3464,booking_started,Direct,Khurja,Block Printing,,,
2026-07-11,u3464,payment_success,Direct,Khurja,Block Printing,CRB5519,1,1500
2026-07-11,u3465,page_view,Referral,Jaipur,Weaving,,,
2026-07-11,u3465,booking_started,Referral,Jaipur,Weaving,,,
2026-07-11,u3465,payment_success,Referral,Jaipur,Weaving,CRB5520,1,2200
2026-07-11,u3465,booking_completed,Referral,Jaipur,Weaving,CRB5520,1,2200
2026-07-11,u3465,review_submitted,Referral,Jaipur,Weaving,CRB5520,1,2200
2026-07-11,u3466,page_view,Travel Blog,Khurja,Block Printing,,,
2026-07-11,u3466,booking_started,Travel Blog,Khurja,Block Printing,,,
2026-07-11,u3466,payment_success,Travel Blog,Khurja,Block Printing,CRB5521,1,2200
2026-07-11,u3466,booking_completed,Travel Blog,Khurja,Block Printing,CRB5521,1,2200
2026-07-11,u3467,page_view,Travel Blog,Udaipur,Pottery,,,
2026-07-11,u3468,page_view,Direct,Jaipur,Blue Pottery,,,
2026-07-11,u3469,page_view,Travel Blog,Jaipur,Pottery,,,
2026-07-11,u3470,page_view,Instagram,Varanasi,Block Printing,,,
2026-07-11,u3470,experience_card_viewed,Instagram,Varanasi,Block Printing,,,
2026-07-11,u3471,page_view,Direct,Varanasi,Block Printing,,,
2026-07-11,u3471,booking_started,Direct,Varanasi,Block Printing,,,
2026-07-11,u3471,payment_success,Direct,Varanasi,Block Printing,CRB5522,2,1800
2026-07-11,u3472,page_view,Google Search,Khurja,Weaving,,,
2026-07-11,u3473,page_view,Travel Blog,Bangalore,Block Printing,,,
2026-07-11,u3473,experience_card_viewed,Travel Blog,Bangalore,Block Printing,,,
2026-07-11,u3473,booking_started,Travel Blog,Bangalore,Block Printing,,,
2026-07-11,u3474,page_view,Google Search,Jaipur,Block Printing,,,
2026-07-11,u3474,booking_started,Google Search,Jaipur,Block Printing,,,
2026-07-11,u3474,payment_success,Google Search,Jaipur,Block Printing,CRB5523,10,1800
2026-07-11,u3474,booking_completed,Google Search,Jaipur,Block Printing,CRB5523,10,1800
2026-07-11,u3475,page_view,Direct,Varanasi,Blue Pottery,,,
2026-07-11,u3475,experience_card_viewed,Direct,Varanasi,Blue Pottery,,,
2026-07-11,u3475,booking_started,Direct,Varanasi,Blue Pottery,,,
2026-07-11,u3475,payment_success,Direct,Varanasi,Blue Pottery,CRB5524,4,2000
2026-07-11,u3475,booking_completed,Direct,Varanasi,Blue Pottery,CRB5524,4,2000
2026-07-11,u3475,review_submitted,Direct,Varanasi,Blue Pottery,CRB5524,4,2000
2026-07-11,u3476,page_view,Google Search,Udaipur,Weaving,,,
2026-07-11,u3476,experience_card_viewed,Google Search,Udaipur,Weaving,,,
2026-07-11,u3477,page_view,Instagram,Udaipur,Weaving,,,
2026-07-11,u3477,experience_card_viewed,Instagram,Udaipur,Weaving,,,
2026-07-11,u3477,booking_started,Instagram,Udaipur,Weaving,,,
2026-07-11,u3477,payment_success,Instagram,Udaipur,Weaving,CRB5525,4,3500
2026-07-11,u3477,booking_completed,Instagram,Udaipur,Weaving,CRB5525,4,3500
2026-07-11,u3478,page_view,Travel Blog,Bangalore,Pottery,,,
2026-07-11,u3478,booking_started,Travel Blog,Bangalore,Pottery,,,
2026-07-11,u3479,page_view,Instagram,Udaipur,Warli Painting,,,
2026-07-11,u3479,booking_started,Instagram,Udaipur,Warli Painting,,,
2026-07-11,u3479,payment_success,Instagram,Udaipur,Warli Painting,CRB5526,4,2500
2026-07-11,u3480,page_view,Direct,Varanasi,Blue Pottery,,,
2026-07-11,u3481,page_view,Travel Blog,Khurja,Blue Pottery,,,
2026-07-11,u3481,booking_started,Travel Blog,Khurja,Blue Pottery,,,
2026-07-11,u3482,page_view,Google Search,Jaipur,Warli Painting,,,
2026-07-11,u3482,experience_card_viewed,Google Search,Jaipur,Warli Painting,,,
2026-07-11,u3483,page_view,Referral,Udaipur,Block Printing,,,
2026-07-11,u3483,experience_card_viewed,Referral,Udaipur,Block Printing,,,
2026-07-11,u3484,page_view,Travel Blog,Jaipur,Blue Pottery,,,
2026-07-11,u3485,page_view,Travel Blog,Udaipur,Block Printing,,,
2026-07-11,u3485,experience_card_viewed,Travel Blog,Udaipur,Block Printing,,,
2026-07-11,u3486,page_view,Travel Blog,Udaipur,Pottery,,,
2026-07-11,u3487,page_view,Google Search,Jaipur,Weaving,,,
2026-07-11,u3488,page_view,Google Search,Jaipur,Pottery,,,
2026-07-11,u3488,experience_card_viewed,Google Search,Jaipur,Pottery,,,
2026-07-11,u3489,page_view,Referral,Khurja,Block Printing,,,
2026-07-11,u3490,page_view,Referral,Jaipur,Weaving,,,
2026-07-11,u3491,page_view,Instagram,Varanasi,Blue Pottery,,,
2026-07-11,u3492,page_view,Direct,Khurja,Block Printing,,,
2026-07-11,u3492,booking_started,Direct,Khurja,Block Printing,,,
2026-07-11,u3492,payment_success,Direct,Khurja,Block Printing,CRB5527,12,3500
2026-07-11,u3492,booking_completed,Direct,Khurja,Block Printing,CRB5527,12,3500
2026-07-11,u3492,review_submitted,Direct,Khurja,Block Printing,CRB5527,12,3500
2026-07-11,u3493,page_view,Direct,Bangalore,Warli Painting,,,
2026-07-11,u3493,experience_card_viewed,Direct,Bangalore,Warli Painting,,,
2026-07-11,u3494,page_view,Instagram,Khurja,Pottery,,,
2026-07-11,u3494,booking_started,Instagram,Khurja,Pottery,,,
2026-07-11,u3494,payment_success,Instagram,Khurja,Pottery,CRB5528,1,2500
2026-07-11,u3494,booking_completed,Instagram,Khurja,Pottery,CRB5528,1,2500
2026-07-11,u3494,review_submitted,Instagram,Khurja,Pottery,CRB5528,1,2500
2026-07-11,u3495,page_view,Referral,Khurja,Weaving,,,
2026-07-11,u3496,page_view,Direct,Bangalore,Warli Painting,,,
2026-07-11,u3497,page_view,Referral,Varanasi,Blue Pottery,,,
2026-07-11,u3498,page_view,Instagram,Udaipur,Block Printing,,,
2026-07-11,u3498,experience_card_viewed,Instagram,Udaipur,Block Printing,,,
2026-07-11,u3498,booking_started,Instagram,Udaipur,Block Printing,,,
2026-07-11,u3499,page_view,Travel Blog,Udaipur,Blue Pottery,,,
2026-07-11,u3499,experience_card_viewed,Travel Blog,Udaipur,Blue Pottery,,,
2026-07-11,u3500,page_view,Google Search,Jaipur,Warli Painting,,,
2026-07-11,u3500,experience_card_viewed,Google Search,Jaipur,Warli Painting,,,
2026-07-11,u3501,page_view,Instagram,Bangalore,Block Printing,,,
2026-07-11,u3502,page_view,Travel Blog,Udaipur,Warli Painting,,,
2026-07-11,u3503,page_view,Google Search,Bangalore,Warli Painting,,,
2026-07-11,u3504,page_view,Google Search,Khurja,Weaving,,,
2026-07-11,u3504,experience_card_viewed,Google Search,Khurja,Weaving,,,
2026-07-11,u3504,booking_started,Google Search,Khurja,Weaving,,,
2026-07-11,u3505,page_view,Instagram,Bangalore,Weaving,,,
2026-07-11,u3505,booking_started,Instagram,Bangalore,Weaving,,,
2026-07-11,u3505,payment_success,Instagram,Bangalore,Weaving,CRB5529,3,2000
2026-07-11,u3505,booking_completed,Instagram,Bangalore,Weaving,CRB5529,3,2000
2026-07-11,u3505,review_submitted,Instagram,Bangalore,Weaving,CRB5529,3,2000
2026-07-11,u3506,page_view,Direct,Varanasi,Blue Pottery,,,
2026-07-11,u3506,booking_started,Direct,Varanasi,Blue Pottery,,,
2026-07-11,u3506,payment_success,Direct,Varanasi,Blue Pottery,CRB5530,4,2500
2026-07-11,u3506,booking_completed,Direct,Varanasi,Blue Pottery,CRB5530,4,2500
2026-07-11,u3507,page_view,Direct,Udaipur,Blue Pottery,,,
2026-07-11,u3507,booking_started,Direct,Udaipur,Blue Pottery,,,
2026-07-11,u3507,payment_success,Direct,Udaipur,Blue Pottery,CRB5531,4,1800
2026-07-11,u3507,booking_completed,Direct,Udaipur,Blue Pottery,CRB5531,4,1800
2026-07-11,u3508,page_view,Google Search,Khurja,Warli Painting,,,
2026-07-11,u3509,page_view,Instagram,Varanasi,Blue Pottery,,,
2026-07-11,u3509,experience_card_viewed,Instagram,Varanasi,Blue Pottery,,,
2026-07-11,u3509,booking_started,Instagram,Varanasi,Blue Pottery,,,
2026-07-11,u3509,payment_success,Instagram,Varanasi,Blue Pottery,CRB5532,6,1800
2026-07-11,u3509,booking_completed,Instagram,Varanasi,Blue Pottery,CRB5532,6,1800
2026-07-11,u3509,review_submitted,Instagram,Varanasi,Blue Pottery,CRB5532,6,1800
2026-07-11,u3510,page_view,Travel Blog,Khurja,Warli Painting,,,
2026-07-11,u3510,experience_card_viewed,Travel Blog,Khurja,Warli Painting,,,
2026-07-11,u3511,page_view,Google Search,Khurja,Weaving,,,
2026-07-11,u3512,page_view,Referral,Jaipur,Pottery,,,
2026-07-11,u3513,page_view,Instagram,Bangalore,Blue Pottery,,,
2026-07-11,u3513,experience_card_viewed,Instagram,Bangalore,Blue Pottery,,,
2026-07-11,u3513,booking_started,Instagram,Bangalore,Blue Pottery,,,
2026-07-11,u3513,payment_success,Instagram,Bangalore,Blue Pottery,CRB5533,4,2200
2026-07-11,u3514,page_view,Direct,Varanasi,Blue Pottery,,,
2026-07-11,u3515,page_view,Referral,Khurja,Block Printing,,,
2026-07-11,u3515,experience_card_viewed,Referral,Khurja,Block Printing,,,
2026-07-11,u3516,page_view,Instagram,Bangalore,Warli Painting,,,
2026-07-11,u3516,experience_card_viewed,Instagram,Bangalore,Warli Painting,,,
2026-07-11,u3517,page_view,Travel Blog,Bangalore,Blue Pottery,,,
2026-07-11,u3517,experience_card_viewed,Travel Blog,Bangalore,Blue Pottery,,,
2026-07-11,u3517,booking_started,Travel Blog,Bangalore,Blue Pottery,,,
2026-07-11,u3518,page_view,Referral,Bangalore,Pottery,,,
2026-07-11,u3518,experience_card_viewed,Referral,Bangalore,Pottery,,,
2026-07-11,u3518,booking_started,Referral,Bangalore,Pottery,,,
2026-07-11,u3519,page_view,Google Search,Udaipur,Weaving,,,
2026-07-11,u3519,experience_card_viewed,Google Search,Udaipur,Weaving,,,
2026-07-11,u3520,page_view,Instagram,Varanasi,Weaving,,,
2026-07-11,u3520,experience_card_viewed,Instagram,Varanasi,Weaving,,,
2026-07-11,u3520,booking_started,Instagram,Varanasi,Weaving,,,
2026-07-11,u3520,payment_success,Instagram,Varanasi,Weaving,CRB5534,3,3500
2026-07-11,u3520,booking_completed,Instagram,Varanasi,Weaving,CRB5534,3,3500
2026-07-11,u3521,page_view,Travel Blog,Varanasi,Block Printing,,,
2026-07-11,u3521,experience_card_viewed,Travel Blog,Varanasi,Block Printing,,,
2026-07-11,u3522,page_view,Google Search,Jaipur,Weaving,,,
2026-07-11,u3523,page_view,Instagram,Varanasi,Pottery,,,
2026-07-11,u3523,experience_card_viewed,Instagram,Varanasi,Pottery,,,
2026-07-11,u3524,page_view,Instagram,Bangalore,Warli Painting,,,
2026-07-11,u3524,experience_card_viewed,Instagram,Bangalore,Warli Painting,,,
2026-07-11,u3524,booking_started,Instagram,Bangalore,Warli Painting,,,
2026-07-11,u3524,payment_success,Instagram,Bangalore,Warli Painting,CRB5535,2,3500
2026-07-11,u3524,booking_completed,Instagram,Bangalore,Warli Painting,CRB5535,2,3500
2026-07-11,u3524,review_submitted,Instagram,Bangalore,Warli Painting,CRB5535,2,3500
2026-07-11,u3525,page_view,Google Search,Khurja,Weaving,,,
2026-07-11,u3526,page_view,Travel Blog,Udaipur,Block Printing,,,
2026-07-11,u3527,page_view,Direct,Bangalore,Blue Pottery,,,
2026-07-11,u3528,page_view,Travel Blog,Varanasi,Weaving,,,
2026-07-11,u3528,booking_started,Travel Blog,Varanasi,Weaving,,,
2026-07-11,u3528,payment_success,Travel Blog,Varanasi,Weaving,CRB5536,6,3000
2026-07-11,u3528,booking_completed,Travel Blog,Varanasi,Weaving,CRB5536,6,3000
2026-07-11,u3528,review_submitted,Travel Blog,Varanasi,Weaving,CRB5536,6,3000
2026-07-11,u3529,page_view,Referral,Bangalore,Weaving,,,
2026-07-11,u3529,experience_card_viewed,Referral,Bangalore,Weaving,,,
2026-07-11,u3529,booking_started,Referral,Bangalore,Weaving,,,
2026-07-11,u3530,page_view,Instagram,Jaipur,Blue Pottery,,,
2026-07-11,u3530,booking_started,Instagram,Jaipur,Blue Pottery,,,
2026-07-11,u3531,page_view,Instagram,Jaipur,Block Printing,,,
2026-07-11,u3531,experience_card_viewed,Instagram,Jaipur,Block Printing,,,
2026-07-11,u3532,page_view,Google Search,Bangalore,Pottery,,,
2026-07-11,u3532,experience_card_viewed,Google Search,Bangalore,Pottery,,,
2026-07-11,u3532,booking_started,Google Search,Bangalore,Pottery,,,
2026-07-11,u3532,payment_success,Google Search,Bangalore,Pottery,CRB5537,2,3500
2026-07-11,u3532,booking_completed,Google Search,Bangalore,Pottery,CRB5537,2,3500
2026-07-11,u3532,review_submitted,Google Search,Bangalore,Pottery,CRB5537,2,3500
2026-07-11,u3533,page_view,Instagram,Bangalore,Pottery,,,
2026-07-11,u3534,page_view,Google Search,Jaipur,Weaving,,,
2026-07-11,u3534,experience_card_viewed,Google Search,Jaipur,Weaving,,,
2026-07-11,u3535,page_view,Direct,Bangalore,Blue Pottery,,,
2026-07-11,u3535,experience_card_viewed,Direct,Bangalore,Blue Pottery,,,
2026-07-11,u3536,page_view,Travel Blog,Khurja,Blue Pottery,,,
2026-07-11,u3537,page_view,Google Search,Udaipur,Blue Pottery,,,
2026-07-11,u3538,page_view,Referral,Udaipur,Pottery,,,
2026-07-11,u3538,booking_started,Referral,Udaipur,Pottery,,,
2026-07-11,u3539,page_view,Google Search,Varanasi,Weaving,,,
2026-07-11,u3539,experience_card_viewed,Google Search,Varanasi,Weaving,,,
2026-07-11,u3540,page_view,Direct,Khurja,Pottery,,,
2026-07-11,u3541,page_view,Instagram,Khurja,Pottery,,,
2026-07-11,u3541,booking_started,Instagram,Khurja,Pottery,,,
2026-07-11,u3541,payment_success,Instagram,Khurja,Pottery,CRB5538,1,3000
2026-07-11,u3541,booking_completed,Instagram,Khurja,Pottery,CRB5538,1,3000
2026-07-11,u3541,review_submitted,Instagram,Khurja,Pottery,CRB5538,1,3000
2026-07-11,u3542,page_view,Google Search,Udaipur,Weaving,,,
2026-07-11,u3542,experience_card_viewed,Google Search,Udaipur,Weaving,,,
2026-07-11,u3542,booking_started,Google Search,Udaipur,Weaving,,,
2026-07-11,u3542,payment_success,Google Search,Udaipur,Weaving,CRB5539,6,1500
2026-07-11,u3542,booking_completed,Google Search,Udaipur,Weaving,CRB5539,6,1500
2026-07-11,u3543,page_view,Google Search,Varanasi,Blue Pottery,,,
2026-07-11,u3543,experience_card_viewed,Google Search,Varanasi,Blue Pottery,,,
2026-07-11,u3543,booking_started,Google Search,Varanasi,Blue Pottery,,,
2026-07-11,u3544,page_view,Direct,Varanasi,Blue Pottery,,,
2026-07-11,u3544,experience_card_viewed,Direct,Varanasi,Blue Pottery,,,
2026-07-11,u3544,booking_started,Direct,Varanasi,Blue Pottery,,,
2026-07-11,u3544,payment_success,Direct,Varanasi,Blue Pottery,CRB5540,1,2000
2026-07-11,u3544,booking_completed,Direct,Varanasi,Blue Pottery,CRB5540,1,2000
2026-07-11,u3544,review_submitted,Direct,Varanasi,Blue Pottery,CRB5540,1,2000
2026-07-11,u3545,page_view,Direct,Khurja,Block Printing,,,
2026-07-11,u3545,experience_card_viewed,Direct,Khurja,Block Printing,,,
2026-07-11,u3546,page_view,Google Search,Udaipur,Block Printing,,,
2026-07-11,u3546,booking_started,Google Search,Udaipur,Block Printing,,,
2026-07-11,u3546,payment_success,Google Search,Udaipur,Block Printing,CRB5541,3,1800
2026-07-11,u3546,booking_completed,Google Search,Udaipur,Block Printing,CRB5541,3,1800
2026-07-11,u3547,page_view,Referral,Khurja,Pottery,,,
2026-07-11,u3547,experience_card_viewed,Referral,Khurja,Pottery,,,
2026-07-11,u3548,page_view,Direct,Khurja,Blue Pottery,,,
2026-07-11,u3549,page_view,Travel Blog,Varanasi,Warli Painting,,,
2026-07-11,u3549,experience_card_viewed,Travel Blog,Varanasi,Warli Painting,,,
2026-07-11,u3550,page_view,Direct,Bangalore,Pottery,,,
2026-07-11,u3550,experience_card_viewed,Direct,Bangalore,Pottery,,,
2026-07-11,u3550,booking_started,Direct,Bangalore,Pottery,,,
2026-07-11,u3550,payment_success,Direct,Bangalore,Pottery,CRB5542,3,3500
2026-07-11,u3550,booking_completed,Direct,Bangalore,Pottery,CRB5542,3,3500
2026-07-11,u3551,page_view,Travel Blog,Jaipur,Blue Pottery,,,
2026-07-11,u3552,page_view,Travel Blog,Khurja,Pottery,,,
2026-07-11,u3553,page_view,Instagram,Bangalore,Weaving,,,
2026-07-11,u3553,experience_card_viewed,Instagram,Bangalore,Weaving,,,
2026-07-11,u3553,booking_started,Instagram,Bangalore,Weaving,,,
2026-07-11,u3554,page_view,Travel Blog,Bangalore,Block Printing,,,
2026-07-11,u3554,experience_card_viewed,Travel Blog,Bangalore,Block Printing,,,
2026-07-11,u3555,page_view,Direct,Udaipur,Block Printing,,,
2026-07-11,u3555,experience_card_viewed,Direct,Udaipur,Block Printing,,,
2026-07-11,u3555,booking_started,Direct,Udaipur,Block Printing,,,
2026-07-11,u3555,payment_success,Direct,Udaipur,Block Printing,CRB5543,1,2000
2026-07-11,u3555,booking_completed,Direct,Udaipur,Block Printing,CRB5543,1,2000
2026-07-11,u3556,page_view,Instagram,Khurja,Blue Pottery,,,
2026-07-11,u3557,page_view,Google Search,Bangalore,Warli Painting,,,
2026-07-11,u3558,page_view,Google Search,Khurja,Block Printing,,,
2026-07-11,u3559,page_view,Instagram,Khurja,Weaving,,,
2026-07-11,u3559,experience_card_viewed,Instagram,Khurja,Weaving,,,
2026-07-11,u3560,page_view,Instagram,Bangalore,Pottery,,,
2026-07-11,u3560,experience_card_viewed,Instagram,Bangalore,Pottery,,,
2026-07-11,u3561,page_view,Referral,Bangalore,Blue Pottery,,,
2026-07-11,u3562,page_view,Travel Blog,Bangalore,Warli Painting,,,
2026-07-11,u3562,experience_card_viewed,Travel Blog,Bangalore,Warli Painting,,,
2026-07-11,u3563,page_view,Referral,Khurja,Weaving,,,
2026-07-11,u3564,page_view,Google Search,Bangalore,Blue Pottery,,,
2026-07-11,u3565,page_view,Instagram,Khurja,Block Printing,,,
2026-07-11,u3565,experience_card_viewed,Instagram,Khurja,Block Printing,,,
2026-07-11,u3566,page_view,Travel Blog,Jaipur,Warli Painting,,,
2026-07-11,u3567,page_view,Instagram,Udaipur,Block Printing,,,
2026-07-11,u3567,experience_card_viewed,Instagram,Udaipur,Block Printing,,,
2026-07-11,u3568,page_view,Google Search,Bangalore,Block Printing,,,
2026-07-11,u3568,experience_card_viewed,Google Search,Bangalore,Block Printing,,,
2026-07-11,u3568,booking_started,Google Search,Bangalore,Block Printing,,,
2026-07-11,u3568,payment_success,Google Search,Bangalore,Block Printing,CRB5544,6,3000
2026-07-11,u3568,booking_completed,Google Search,Bangalore,Block Printing,CRB5544,6,3000
2026-07-11,u3568,review_submitted,Google Search,Bangalore,Block Printing,CRB5544,6,3000
2026-07-11,u3569,page_view,Direct,Khurja,Block Printing,,,
2026-07-11,u3570,page_view,Instagram,Khurja,Warli Painting,,,
2026-07-11,u3570,experience_card_viewed,Instagram,Khurja,Warli Painting,,,
2026-07-11,u3571,page_view,Instagram,Khurja,Blue Pottery,,,
2026-07-11,u3571,experience_card_viewed,Instagram,Khurja,Blue Pottery,,,
2026-07-11,u3571,booking_started,Instagram,Khurja,Blue Pottery,,,
2026-07-11,u3571,payment_success,Instagram,Khurja,Blue Pottery,CRB5545,3,1800
2026-07-11,u3571,booking_completed,Instagram,Khurja,Blue Pottery,CRB5545,3,1800
2026-07-11,u3572,page_view,Google Search,Jaipur,Block Printing,,,
2026-07-11,u3573,page_view,Instagram,Jaipur,Block Printing,,,
2026-07-11,u3573,experience_card_viewed,Instagram,Jaipur,Block Printing,,,
2026-07-11,u3573,booking_started,Instagram,Jaipur,Block Printing,,,
2026-07-11,u3574,page_view,Instagram,Jaipur,Warli Painting,,,
2026-07-11,u3575,page_view,Referral,Bangalore,Blue Pottery,,,
2026-07-11,u3575,booking_started,Referral,Bangalore,Blue Pottery,,,
2026-07-11,u3575,payment_success,Referral,Bangalore,Blue Pottery,CRB5546,3,1500
2026-07-11,u3575,booking_completed,Referral,Bangalore,Blue Pottery,CRB5546,3,1500
2026-07-11,u3575,review_submitted,Referral,Bangalore,Blue Pottery,CRB5546,3,1500
2026-07-11,u3576,page_view,Google Search,Udaipur,Weaving,,,
2026-07-11,u3576,booking_started,Google Search,Udaipur,Weaving,,,
2026-07-11,u3577,page_view,Referral,Khurja,Block Printing,,,
2026-07-11,u3577,experience_card_viewed,Referral,Khurja,Block Printing,,,
2026-07-11,u3577,booking_started,Referral,Khurja,Block Printing,,,
2026-07-11,u3577,payment_success,Referral,Khurja,Block Printing,CRB5547,10,3000
2026-07-11,u3577,booking_completed,Referral,Khurja,Block Printing,CRB5547,10,3000
2026-07-11,u3578,page_view,Google Search,Bangalore,Weaving,,,
2026-07-11,u3578,experience_card_viewed,Google Search,Bangalore,Weaving,,,
2026-07-11,u3578,booking_started,Google Search,Bangalore,Weaving,,,
2026-07-11,u3579,page_view,Google Search,Varanasi,Weaving,,,
2026-07-11,u3580,page_view,Instagram,Jaipur,Pottery,,,
2026-07-11,u3581,page_view,Referral,Khurja,Warli Painting,,,
2026-07-11,u3581,experience_card_viewed,Referral,Khurja,Warli Painting,,,
2026-07-11,u3581,booking_started,Referral,Khurja,Warli Painting,,,
2026-07-11,u3581,payment_success,Referral,Khurja,Warli Painting,CRB5548,12,1500
2026-07-11,u3581,booking_completed,Referral,Khurja,Warli Painting,CRB5548,12,1500
2026-07-11,u3581,review_submitted,Referral,Khurja,Warli Painting,CRB5548,12,1500
2026-07-11,u3582,page_view,Referral,Udaipur,Weaving,,,
2026-07-11,u3582,booking_started,Referral,Udaipur,Weaving,,,
2026-07-11,u3583,page_view,Referral,Jaipur,Pottery,,,
2026-07-11,u3583,experience_card_viewed,Referral,Jaipur,Pottery,,,
2026-07-11,u3584,page_view,Instagram,Udaipur,Block Printing,,,
2026-07-11,u3584,experience_card_viewed,Instagram,Udaipur,Block Printing,,,
2026-07-11,u3584,booking_started,Instagram,Udaipur,Block Printing,,,
2026-07-11,u3584,payment_success,Instagram,Udaipur,Block Printing,CRB5549,12,2000
2026-07-11,u3584,booking_completed,Instagram,Udaipur,Block Printing,CRB5549,12,2000
2026-07-11,u3585,page_view,Direct,Jaipur,Blue Pottery,,,
2026-07-11,u3585,experience_card_viewed,Direct,Jaipur,Blue Pottery,,,
2026-07-11,u3585,booking_started,Direct,Jaipur,Blue Pottery,,,
2026-07-11,u3585,payment_success,Direct,Jaipur,Blue Pottery,CRB5550,2,2000
2026-07-11,u3585,booking_completed,Direct,Jaipur,Blue Pottery,CRB5550,2,2000
2026-07-11,u3586,page_view,Referral,Jaipur,Pottery,,,
2026-07-11,u3586,experience_card_viewed,Referral,Jaipur,Pottery,,,
2026-07-11,u3586,booking_started,Referral,Jaipur,Pottery,,,
2026-07-11,u3586,payment_success,Referral,Jaipur,Pottery,CRB5551,10,2200
2026-07-11,u3586,booking_completed,Referral,Jaipur,Pottery,CRB5551,10,2200
2026-07-11,u3587,page_view,Instagram,Varanasi,Blue Pottery,,,
2026-07-11,u3588,page_view,Referral,Varanasi,Weaving,,,
2026-07-11,u3588,experience_card_viewed,Referral,Varanasi,Weaving,,,
2026-07-11,u3588,booking_started,Referral,Varanasi,Weaving,,,
2026-07-11,u3588,payment_success,Referral,Varanasi,Weaving,CRB5552,12,3500
2026-07-11,u3588,booking_completed,Referral,Varanasi,Weaving,CRB5552,12,3500
2026-07-11,u3589,page_view,Instagram,Bangalore,Block Printing,,,
2026-07-11,u3590,page_view,Direct,Jaipur,Block Printing,,,
2026-07-11,u3590,experience_card_viewed,Direct,Jaipur,Block Printing,,,
2026-07-11,u3591,page_view,Travel Blog,Bangalore,Pottery,,,
2026-07-11,u3591,experience_card_viewed,Travel Blog,Bangalore,Pottery,,,
2026-07-11,u3592,page_view,Instagram,Udaipur,Pottery,,,
2026-07-11,u3592,experience_card_viewed,Instagram,Udaipur,Pottery,,,
2026-07-11,u3592,booking_started,Instagram,Udaipur,Pottery,,,
2026-07-11,u3592,payment_success,Instagram,Udaipur,Pottery,CRB5553,2,3500
2026-07-11,u3592,booking_completed,Instagram,Udaipur,Pottery,CRB5553,2,3500
2026-07-11,u3592,review_submitted,Instagram,Udaipur,Pottery,CRB5553,2,3500
2026-07-11,u3593,page_view,Instagram,Varanasi,Block Printing,,,
2026-07-11,u3593,experience_card_viewed,Instagram,Varanasi,Block Printing,,,
2026-07-11,u3593,booking_started,Instagram,Varanasi,Block Printing,,,
2026-07-11,u3593,payment_success,Instagram,Varanasi,Block Printing,CRB5554,12,1500
2026-07-11,u3593,booking_completed,Instagram,Varanasi,Block Printing,CRB5554,12,1500
2026-07-11,u3594,page_view,Referral,Bangalore,Weaving,,,
2026-07-11,u3594,experience_card_viewed,Referral,Bangalore,Weaving,,,
2026-07-11,u3594,booking_started,Referral,Bangalore,Weaving,,,
2026-07-11,u3594,payment_success,Referral,Bangalore,Weaving,CRB5555,2,3000
2026-07-11,u3594,booking_completed,Referral,Bangalore,Weaving,CRB5555,2,3000
2026-07-11,u3594,review_submitted,Referral,Bangalore,Weaving,CRB5555,2,3000
2026-07-11,u3595,page_view,Travel Blog,Udaipur,Warli Painting,,,
2026-07-11,u3595,experience_card_viewed,Travel Blog,Udaipur,Warli Painting,,,
2026-07-11,u3595,booking_started,Travel Blog,Udaipur,Warli Painting,,,
2026-07-11,u3595,payment_success,Travel Blog,Udaipur,Warli Painting,CRB5556,1,2000
2026-07-11,u3595,booking_completed,Travel Blog,Udaipur,Warli Painting,CRB5556,1,2000
2026-07-11,u3596,page_view,Travel Blog,Varanasi,Blue Pottery,,,
2026-07-11,u3597,page_view,Google Search,Jaipur,Weaving,,,
2026-07-11,u3598,page_view,Google Search,Udaipur,Block Printing,,,
2026-07-11,u3598,experience_card_viewed,Google Search,Udaipur,Block Printing,,,
2026-07-11,u3599,page_view,Travel Blog,Udaipur,Blue Pottery,,,
2026-07-11,u3599,experience_card_viewed,Travel Blog,Udaipur,Blue Pottery,,,
2026-07-11,u3600,page_view,Direct,Jaipur,Block Printing,,,
2026-07-11,u3600,booking_started,Direct,Jaipur,Block Printing,,,
2026-07-11,u3600,payment_success,Direct,Jaipur,Block Printing,CRB5557,12,1500
2026-07-11,u3601,page_view,Referral,Bangalore,Pottery,,,
2026-07-11,u3602,page_view,Instagram,Bangalore,Weaving,,,
2026-07-11,u3603,page_view,Instagram,Varanasi,Pottery,,,
2026-07-11,u3603,experience_card_viewed,Instagram,Varanasi,Pottery,,,
2026-07-11,u3604,page_view,Direct,Jaipur,Warli Painting,,,
2026-07-11,u3604,experience_card_viewed,Direct,Jaipur,Warli Painting,,,
2026-07-11,u3605,page_view,Travel Blog,Udaipur,Warli Painting,,,
2026-07-11,u3606,page_view,Google Search,Jaipur,Pottery,,,
2026-07-11,u3606,experience_card_viewed,Google Search,Jaipur,Pottery,,,
2026-07-11,u3607,page_view,Instagram,Udaipur,Blue Pottery,,,
2026-07-11,u3608,page_view,Instagram,Udaipur,Blue Pottery,,,
2026-07-11,u3608,booking_started,Instagram,Udaipur,Blue Pottery,,,
2026-07-11,u3608,payment_success,Instagram,Udaipur,Blue Pottery,CRB5558,1,2200
2026-07-11,u3608,booking_completed,Instagram,Udaipur,Blue Pottery,CRB5558,1,2200
2026-07-11,u3608,review_submitted,Instagram,Udaipur,Blue Pottery,CRB5558,1,2200
2026-07-11,u3609,page_view,Google Search,Khurja,Warli Painting,,,
2026-07-11,u3610,page_view,Direct,Bangalore,Block Printing,,,
2026-07-11,u3611,page_view,Instagram,Jaipur,Weaving,,,
2026-07-11,u3611,experience_card_viewed,Instagram,Jaipur,Weaving,,,
2026-07-11,u3612,page_view,Google Search,Jaipur,Pottery,,,
2026-07-11,u3612,experience_card_viewed,Google Search,Jaipur,Pottery,,,
2026-07-11,u3613,page_view,Direct,Khurja,Block Printing,,,
2026-07-11,u3613,experience_card_viewed,Direct,Khurja,Block Printing,,,
2026-07-11,u3613,booking_started,Direct,Khurja,Block Printing,,,
2026-07-11,u3613,payment_success,Direct,Khurja,Block Printing,CRB5559,1,3000
2026-07-11,u3613,booking_completed,Direct,Khurja,Block Printing,CRB5559,1,3000
2026-07-11,u3614,page_view,Referral,Bangalore,Warli Painting,,,
2026-07-11,u3614,experience_card_viewed,Referral,Bangalore,Warli Painting,,,
2026-07-11,u3615,page_view,Direct,Udaipur,Pottery,,,
2026-07-11,u3615,booking_started,Direct,Udaipur,Pottery,,,
2026-07-11,u3615,payment_success,Direct,Udaipur,Pottery,CRB5560,1,3000
2026-07-11,u3615,booking_completed,Direct,Udaipur,Pottery,CRB5560,1,3000
2026-07-11,u3616,page_view,Direct,Udaipur,Weaving,,,
2026-07-11,u3616,experience_card_viewed,Direct,Udaipur,Weaving,,,
2026-07-11,u3616,booking_started,Direct,Udaipur,Weaving,,,
2026-07-11,u3617,page_view,Travel Blog,Varanasi,Warli Painting,,,
2026-07-11,u3617,experience_card_viewed,Travel Blog,Varanasi,Warli Painting,,,
2026-07-11,u3618,page_view,Direct,Udaipur,Warli Painting,,,
2026-07-11,u3618,experience_card_viewed,Direct,Udaipur,Warli Painting,,,
2026-07-11,u3619,page_view,Direct,Khurja,Block Printing,,,
2026-07-11,u3619,booking_started,Direct,Khurja,Block Printing,,,
2026-07-11,u3619,payment_success,Direct,Khurja,Block Printing,CRB5561,12,2000
2026-07-11,u3619,booking_completed,Direct,Khurja,Block Printing,CRB5561,12,2000
2026-07-11,u3619,review_submitted,Direct,Khurja,Block Printing,CRB5561,12,2000
2026-07-11,u3620,page_view,Instagram,Varanasi,Warli Painting,,,
2026-07-11,u3620,experience_card_viewed,Instagram,Varanasi,Warli Painting,,,
2026-07-11,u3621,page_view,Instagram,Khurja,Warli Painting,,,
2026-07-11,u3622,page_view,Direct,Varanasi,Pottery,,,
2026-07-11,u3623,page_view,Direct,Khurja,Blue Pottery,,,
2026-07-11,u3624,page_view,Travel Blog,Jaipur,Weaving,,,
2026-07-11,u3624,experience_card_viewed,Travel Blog,Jaipur,Weaving,,,
2026-07-11,u3625,page_view,Instagram,Varanasi,Block Printing,,,
2026-07-11,u3626,page_view,Referral,Udaipur,Block Printing,,,
2026-07-11,u3626,experience_card_viewed,Referral,Udaipur,Block Printing,,,
2026-07-11,u3627,page_view,Google Search,Khurja,Blue Pottery,,,
2026-07-11,u3627,experience_card_viewed,Google Search,Khurja,Blue Pottery,,,
2026-07-11,u3628,page_view,Direct,Bangalore,Pottery,,,
2026-07-11,u3628,experience_card_viewed,Direct,Bangalore,Pottery,,,
2026-07-11,u3629,page_view,Instagram,Udaipur,Warli Painting,,,
2026-07-11,u3630,page_view,Travel Blog,Khurja,Weaving,,,
2026-07-11,u3631,page_view,Travel Blog,Varanasi,Warli Painting,,,
2026-07-11,u3631,experience_card_viewed,Travel Blog,Varanasi,Warli Painting,,,
2026-07-11,u3632,page_view,Referral,Bangalore,Blue Pottery,,,
2026-07-11,u3632,experience_card_viewed,Referral,Bangalore,Blue Pottery,,,
2026-07-11,u3633,page_view,Referral,Khurja,Block Printing,,,
2026-07-11,u3633,experience_card_viewed,Referral,Khurja,Block Printing,,,
2026-07-11,u3633,booking_started,Referral,Khurja,Block Printing,,,
2026-07-11,u3633,payment_success,Referral,Khurja,Block Printing,CRB5562,10,1800
2026-07-11,u3633,booking_completed,Referral,Khurja,Block Printing,CRB5562,10,1800
2026-07-11,u3634,page_view,Direct,Bangalore,Pottery,,,
2026-07-11,u3634,experience_card_viewed,Direct,Bangalore,Pottery,,,
2026-07-11,u3635,page_view,Google Search,Varanasi,Warli Painting,,,
2026-07-11,u3635,experience_card_viewed,Google Search,Varanasi,Warli Painting,,,
2026-07-11,u3636,page_view,Google Search,Bangalore,Block Printing,,,
2026-07-11,u3636,booking_started,Google Search,Bangalore,Block Printing,,,
2026-07-11,u3636,payment_success,Google Search,Bangalore,Block Printing,CRB5563,12,1800
2026-07-11,u3637,page_view,Direct,Jaipur,Blue Pottery,,,
2026-07-11,u3637,experience_card_viewed,Direct,Jaipur,Blue Pottery,,,
2026-07-11,u3638,page_view,Instagram,Varanasi,Block Printing,,,
2026-07-11,u3638,experience_card_viewed,Instagram,Varanasi,Block Printing,,,
2026-07-11,u3639,page_view,Direct,Khurja,Weaving,,,
2026-07-11,u3640,page_view,Google Search,Khurja,Blue Pottery,,,
2026-07-11,u3640,experience_card_viewed,Google Search,Khurja,Blue Pottery,,,
2026-07-11,u3640,booking_started,Google Search,Khurja,Blue Pottery,,,
2026-07-11,u3640,payment_success,Google Search,Khurja,Blue Pottery,CRB5564,1,2000
2026-07-11,u3640,booking_completed,Google Search,Khurja,Blue Pottery,CRB5564,1,2000
2026-07-11,u3640,review_submitted,Google Search,Khurja,Blue Pottery,CRB5564,1,2000
2026-07-11,u3641,page_view,Referral,Jaipur,Pottery,,,
2026-07-11,u3641,experience_card_viewed,Referral,Jaipur,Pottery,,,
2026-07-11,u3642,page_view,Referral,Udaipur,Pottery,,,
2026-07-11,u3642,experience_card_viewed,Referral,Udaipur,Pottery,,,
2026-07-11,u3643,page_view,Travel Blog,Varanasi,Block Printing,,,
2026-07-11,u3644,page_view,Referral,Jaipur,Warli Painting,,,
2026-07-11,u3644,experience_card_viewed,Referral,Jaipur,Warli Painting,,,
2026-07-11,u3645,page_view,Travel Blog,Udaipur,Block Printing,,,
2026-07-11,u3645,booking_started,Travel Blog,Udaipur,Block Printing,,,
2026-07-11,u3645,payment_success,Travel Blog,Udaipur,Block Printing,CRB5565,1,2500
2026-07-11,u3645,booking_completed,Travel Blog,Udaipur,Block Printing,CRB5565,1,2500
2026-07-11,u3646,page_view,Google Search,Jaipur,Weaving,,,
2026-07-11,u3646,experience_card_viewed,Google Search,Jaipur,Weaving,,,
2026-07-11,u3646,booking_started,Google Search,Jaipur,Weaving,,,
2026-07-11,u3646,payment_success,Google Search,Jaipur,Weaving,CRB5566,2,3500
2026-07-11,u3646,booking_completed,Google Search,Jaipur,Weaving,CRB5566,2,3500
2026-07-11,u3646,review_submitted,Google Search,Jaipur,Weaving,CRB5566,2,3500
2026-07-11,u3647,page_view,Direct,Udaipur,Warli Painting,,,
2026-07-11,u3648,page_view,Google Search,Bangalore,Blue Pottery,,,
2026-07-11,u3649,page_view,Referral,Bangalore,Blue Pottery,,,
2026-07-11,u3650,page_view,Instagram,Varanasi,Weaving,,,
2026-07-11,u3651,page_view,Instagram,Jaipur,Block Printing,,,
2026-07-11,u3652,page_view,Google Search,Jaipur,Blue Pottery,,,
2026-07-11,u3652,booking_started,Google Search,Jaipur,Blue Pottery,,,
2026-07-11,u3653,page_view,Instagram,Varanasi,Block Printing,,,
2026-07-11,u3653,experience_card_viewed,Instagram,Varanasi,Block Printing,,,
2026-07-11,u3653,booking_started,Instagram,Varanasi,Block Printing,,,
2026-07-11,u3653,payment_success,Instagram,Varanasi,Block Printing,CRB5567,1,1800
2026-07-11,u3653,booking_completed,Instagram,Varanasi,Block Printing,CRB5567,1,1800
2026-07-11,u3654,page_view,Referral,Khurja,Blue Pottery,,,
2026-07-11,u3655,page_view,Instagram,Bangalore,Warli Painting,,,
2026-07-11,u3655,experience_card_viewed,Instagram,Bangalore,Warli Painting,,,
2026-07-11,u3656,page_view,Instagram,Udaipur,Blue Pottery,,,
2026-07-11,u3656,experience_card_viewed,Instagram,Udaipur,Blue Pottery,,,
2026-07-11,u3656,booking_started,Instagram,Udaipur,Blue Pottery,,,
2026-07-11,u3656,payment_success,Instagram,Udaipur,Blue Pottery,CRB5568,4,3500
2026-07-11,u3656,booking_completed,Instagram,Udaipur,Blue Pottery,CRB5568,4,3500
2026-07-11,u3657,page_view,Travel Blog,Udaipur,Weaving,,,
2026-07-11,u3658,page_view,Direct,Bangalore,Blue Pottery,,,
2026-07-11,u3658,experience_card_viewed,Direct,Bangalore,Blue Pottery,,,
2026-07-11,u3659,page_view,Referral,Udaipur,Weaving,,,
2026-07-11,u3659,experience_card_viewed,Referral,Udaipur,Weaving,,,
2026-07-11,u3660,page_view,Referral,Varanasi,Blue Pottery,,,
2026-07-11,u3661,page_view,Travel Blog,Varanasi,Warli Painting,,,
2026-07-11,u3662,page_view,Referral,Varanasi,Pottery,,,
2026-07-11,u3662,experience_card_viewed,Referral,Varanasi,Pottery,,,
2026-07-11,u3663,page_view,Direct,Jaipur,Blue Pottery,,,
2026-07-11,u3663,experience_card_viewed,Direct,Jaipur,Blue Pottery,,,
2026-07-11,u3664,page_view,Referral,Varanasi,Blue Pottery,,,
2026-07-11,u3665,page_view,Google Search,Udaipur,Weaving,,,
2026-07-11,u3665,booking_started,Google Search,Udaipur,Weaving,,,
2026-07-11,u3665,payment_success,Google Search,Udaipur,Weaving,CRB5569,6,2500
2026-07-11,u3665,booking_completed,Google Search,Udaipur,Weaving,CRB5569,6,2500
2026-07-11,u3665,review_submitted,Google Search,Udaipur,Weaving,CRB5569,6,2500
2026-07-11,u3666,page_view,Instagram,Khurja,Pottery,,,
2026-07-11,u3666,experience_card_viewed,Instagram,Khurja,Pottery,,,
2026-07-11,u3667,page_view,Travel Blog,Udaipur,Blue Pottery,,,
2026-07-11,u3668,page_view,Travel Blog,Khurja,Weaving,,,
2026-07-11,u3669,page_view,Instagram,Jaipur,Pottery,,,
2026-07-11,u3669,experience_card_viewed,Instagram,Jaipur,Pottery,,,
2026-07-11,u3670,page_view,Instagram,Varanasi,Warli Painting,,,
2026-07-11,u3670,booking_started,Instagram,Varanasi,Warli Painting,,,
2026-07-11,u3671,page_view,Travel Blog,Jaipur,Block Printing,,,
2026-07-11,u3672,page_view,Instagram,Jaipur,Blue Pottery,,,
2026-07-11,u3673,page_view,Travel Blog,Udaipur,Warli Painting,,,
2026-07-11,u3673,experience_card_viewed,Travel Blog,Udaipur,Warli Painting,,,
2026-07-11,u3674,page_view,Google Search,Bangalore,Warli Painting,,,
2026-07-11,u3675,page_view,Instagram,Varanasi,Blue Pottery,,,
2026-07-11,u3675,experience_card_viewed,Instagram,Varanasi,Blue Pottery,,,
2026-07-12,u3676,page_view,Google Search,Udaipur,Block Printing,,,
2026-07-12,u3676,experience_card_viewed,Google Search,Udaipur,Block Printing,,,
2026-07-12,u3676,booking_started,Google Search,Udaipur,Block Printing,,,
2026-07-12,u3676,payment_success,Google Search,Udaipur,Block Printing,CRB5570,3,2500
2026-07-12,u3676,booking_completed,Google Search,Udaipur,Block Printing,CRB5570,3,2500
2026-07-12,u3677,page_view,Referral,Bangalore,Blue Pottery,,,
2026-07-12,u3678,page_view,Travel Blog,Bangalore,Weaving,,,
2026-07-12,u3679,page_view,Referral,Varanasi,Warli Painting,,,
2026-07-12,u3679,experience_card_viewed,Referral,Varanasi,Warli Painting,,,
2026-07-12,u3679,booking_started,Referral,Varanasi,Warli Painting,,,
2026-07-12,u3679,payment_success,Referral,Varanasi,Warli Painting,CRB5571,3,2500
2026-07-12,u3679,booking_completed,Referral,Varanasi,Warli Painting,CRB5571,3,2500
2026-07-12,u3679,review_submitted,Referral,Varanasi,Warli Painting,CRB5571,3,2500
2026-07-12,u3680,page_view,Travel Blog,Varanasi,Weaving,,,
2026-07-12,u3681,page_view,Travel Blog,Varanasi,Pottery,,,
2026-07-12,u3682,page_view,Instagram,Jaipur,Pottery,,,
2026-07-12,u3682,booking_started,Instagram,Jaipur,Pottery,,,
2026-07-12,u3682,payment_success,Instagram,Jaipur,Pottery,CRB5572,12,2000
2026-07-12,u3682,booking_completed,Instagram,Jaipur,Pottery,CRB5572,12,2000
2026-07-12,u3683,page_view,Travel Blog,Udaipur,Pottery,,,
2026-07-12,u3683,experience_card_viewed,Travel Blog,Udaipur,Pottery,,,
2026-07-12,u3684,page_view,Google Search,Udaipur,Pottery,,,
2026-07-12,u3684,experience_card_viewed,Google Search,Udaipur,Pottery,,,
2026-07-12,u3685,page_view,Direct,Bangalore,Blue Pottery,,,
2026-07-12,u3686,page_view,Travel Blog,Varanasi,Block Printing,,,
2026-07-12,u3686,booking_started,Travel Blog,Varanasi,Block Printing,,,
2026-07-12,u3687,page_view,Direct,Udaipur,Pottery,,,
2026-07-12,u3687,booking_started,Direct,Udaipur,Pottery,,,
2026-07-12,u3687,payment_success,Direct,Udaipur,Pottery,CRB5573,3,1500
2026-07-12,u3687,booking_completed,Direct,Udaipur,Pottery,CRB5573,3,1500
2026-07-12,u3688,page_view,Direct,Khurja,Weaving,,,
2026-07-12,u3689,page_view,Instagram,Jaipur,Block Printing,,,
2026-07-12,u3689,experience_card_viewed,Instagram,Jaipur,Block Printing,,,
2026-07-12,u3690,page_view,Travel Blog,Udaipur,Blue Pottery,,,
2026-07-12,u3690,experience_card_viewed,Travel Blog,Udaipur,Blue Pottery,,,
2026-07-12,u3691,page_view,Instagram,Udaipur,Weaving,,,
2026-07-12,u3691,booking_started,Instagram,Udaipur,Weaving,,,
2026-07-12,u3691,payment_success,Instagram,Udaipur,Weaving,CRB5574,6,2000
2026-07-12,u3691,booking_completed,Instagram,Udaipur,Weaving,CRB5574,6,2000
2026-07-12,u3691,review_submitted,Instagram,Udaipur,Weaving,CRB5574,6,2000
2026-07-12,u3692,page_view,Instagram,Udaipur,Warli Painting,,,
2026-07-12,u3693,page_view,Direct,Jaipur,Block Printing,,,
2026-07-12,u3694,page_view,Referral,Khurja,Warli Painting,,,
2026-07-12,u3694,experience_card_viewed,Referral,Khurja,Warli Painting,,,
2026-07-12,u3695,page_view,Direct,Bangalore,Weaving,,,
2026-07-12,u3696,page_view,Direct,Bangalore,Warli Painting,,,
2026-07-12,u3696,experience_card_viewed,Direct,Bangalore,Warli Painting,,,
2026-07-12,u3697,page_view,Direct,Khurja,Warli Painting,,,
2026-07-12,u3697,experience_card_viewed,Direct,Khurja,Warli Painting,,,
2026-07-12,u3698,page_view,Referral,Udaipur,Warli Painting,,,
2026-07-12,u3699,page_view,Instagram,Varanasi,Blue Pottery,,,
2026-07-12,u3699,booking_started,Instagram,Varanasi,Blue Pottery,,,
2026-07-12,u3699,payment_success,Instagram,Varanasi,Blue Pottery,CRB5575,2,3500
2026-07-12,u3699,booking_completed,Instagram,Varanasi,Blue Pottery,CRB5575,2,3500
2026-07-12,u3700,page_view,Referral,Khurja,Pottery,,,
2026-07-12,u3701,page_view,Direct,Udaipur,Pottery,,,
2026-07-12,u3701,booking_started,Direct,Udaipur,Pottery,,,
2026-07-12,u3702,page_view,Google Search,Jaipur,Warli Painting,,,
2026-07-12,u3702,experience_card_viewed,Google Search,Jaipur,Warli Painting,,,
2026-07-12,u3703,page_view,Google Search,Bangalore,Pottery,,,
2026-07-12,u3704,page_view,Direct,Jaipur,Warli Painting,,,
2026-07-12,u3704,booking_started,Direct,Jaipur,Warli Painting,,,
2026-07-12,u3704,payment_success,Direct,Jaipur,Warli Painting,CRB5576,1,3500
2026-07-12,u3704,booking_completed,Direct,Jaipur,Warli Painting,CRB5576,1,3500
2026-07-12,u3704,review_submitted,Direct,Jaipur,Warli Painting,CRB5576,1,3500
2026-07-12,u3705,page_view,Direct,Udaipur,Blue Pottery,,,
2026-07-12,u3705,experience_card_viewed,Direct,Udaipur,Blue Pottery,,,
2026-07-12,u3705,booking_started,Direct,Udaipur,Blue Pottery,,,
2026-07-12,u3706,page_view,Direct,Bangalore,Warli Painting,,,
2026-07-12,u3707,page_view,Travel Blog,Jaipur,Block Printing,,,
2026-07-12,u3708,page_view,Google Search,Varanasi,Blue Pottery,,,
2026-07-12,u3709,page_view,Google Search,Bangalore,Weaving,,,
2026-07-12,u3710,page_view,Instagram,Bangalore,Warli Painting,,,
2026-07-12,u3711,page_view,Referral,Udaipur,Warli Painting,,,
2026-07-12,u3711,booking_started,Referral,Udaipur,Warli Painting,,,
2026-07-12,u3711,payment_success,Referral,Udaipur,Warli Painting,CRB5577,6,3500
2026-07-12,u3711,booking_completed,Referral,Udaipur,Warli Painting,CRB5577,6,3500
2026-07-12,u3711,review_submitted,Referral,Udaipur,Warli Painting,CRB5577,6,3500
2026-07-12,u3712,page_view,Google Search,Jaipur,Weaving,,,
2026-07-12,u3712,booking_started,Google Search,Jaipur,Weaving,,,
2026-07-12,u3712,payment_success,Google Search,Jaipur,Weaving,CRB5578,10,2200
2026-07-12,u3712,booking_completed,Google Search,Jaipur,Weaving,CRB5578,10,2200
2026-07-12,u3712,review_submitted,Google Search,Jaipur,Weaving,CRB5578,10,2200
2026-07-12,u3713,page_view,Travel Blog,Udaipur,Weaving,,,
2026-07-12,u3713,experience_card_viewed,Travel Blog,Udaipur,Weaving,,,
2026-07-12,u3713,booking_started,Travel Blog,Udaipur,Weaving,,,
2026-07-12,u3713,payment_success,Travel Blog,Udaipur,Weaving,CRB5579,6,2000
2026-07-12,u3713,booking_completed,Travel Blog,Udaipur,Weaving,CRB5579,6,2000
2026-07-12,u3714,page_view,Travel Blog,Bangalore,Weaving,,,
2026-07-12,u3714,experience_card_viewed,Travel Blog,Bangalore,Weaving,,,
2026-07-12,u3715,page_view,Direct,Varanasi,Warli Painting,,,
2026-07-12,u3715,experience_card_viewed,Direct,Varanasi,Warli Painting,,,
2026-07-12,u3716,page_view,Instagram,Varanasi,Warli Painting,,,
2026-07-12,u3717,page_view,Direct,Khurja,Weaving,,,
2026-07-12,u3718,page_view,Direct,Bangalore,Warli Painting,,,
2026-07-12,u3718,experience_card_viewed,Direct,Bangalore,Warli Painting,,,
2026-07-12,u3719,page_view,Travel Blog,Jaipur,Warli Painting,,,
2026-07-12,u3719,experience_card_viewed,Travel Blog,Jaipur,Warli Painting,,,
2026-07-12,u3720,page_view,Direct,Bangalore,Warli Painting,,,
2026-07-12,u3720,experience_card_viewed,Direct,Bangalore,Warli Painting,,,
2026-07-12,u3721,page_view,Travel Blog,Bangalore,Block Printing,,,
2026-07-12,u3721,experience_card_viewed,Travel Blog,Bangalore,Block Printing,,,
2026-07-12,u3722,page_view,Direct,Udaipur,Pottery,,,
2026-07-12,u3722,experience_card_viewed,Direct,Udaipur,Pottery,,,
2026-07-12,u3723,page_view,Direct,Udaipur,Blue Pottery,,,
2026-07-12,u3723,experience_card_viewed,Direct,Udaipur,Blue Pottery,,,
2026-07-12,u3724,page_view,Google Search,Jaipur,Block Printing,,,
2026-07-12,u3724,experience_card_viewed,Google Search,Jaipur,Block Printing,,,
2026-07-12,u3725,page_view,Referral,Udaipur,Warli Painting,,,
2026-07-12,u3726,page_view,Google Search,Udaipur,Block Printing,,,
2026-07-12,u3726,experience_card_viewed,Google Search,Udaipur,Block Printing,,,
2026-07-12,u3726,booking_started,Google Search,Udaipur,Block Printing,,,
2026-07-12,u3727,page_view,Direct,Varanasi,Pottery,,,
2026-07-12,u3728,page_view,Referral,Varanasi,Warli Painting,,,
2026-07-12,u3728,experience_card_viewed,Referral,Varanasi,Warli Painting,,,
2026-07-12,u3729,page_view,Travel Blog,Udaipur,Blue Pottery,,,
2026-07-12,u3729,experience_card_viewed,Travel Blog,Udaipur,Blue Pottery,,,
2026-07-12,u3729,booking_started,Travel Blog,Udaipur,Blue Pottery,,,
2026-07-12,u3730,page_view,Travel Blog,Varanasi,Blue Pottery,,,
2026-07-12,u3731,page_view,Instagram,Bangalore,Warli Painting,,,
2026-07-12,u3731,experience_card_viewed,Instagram,Bangalore,Warli Painting,,,
2026-07-12,u3731,booking_started,Instagram,Bangalore,Warli Painting,,,
2026-07-12,u3731,payment_success,Instagram,Bangalore,Warli Painting,CRB5580,10,1800
2026-07-12,u3731,booking_completed,Instagram,Bangalore,Warli Painting,CRB5580,10,1800
2026-07-12,u3731,review_submitted,Instagram,Bangalore,Warli Painting,CRB5580,10,1800
2026-07-12,u3732,page_view,Direct,Jaipur,Blue Pottery,,,
2026-07-12,u3732,experience_card_viewed,Direct,Jaipur,Blue Pottery,,,
2026-07-12,u3733,page_view,Referral,Varanasi,Weaving,,,
2026-07-12,u3733,booking_started,Referral,Varanasi,Weaving,,,
2026-07-12,u3733,payment_success,Referral,Varanasi,Weaving,CRB5581,4,2000
2026-07-12,u3733,booking_completed,Referral,Varanasi,Weaving,CRB5581,4,2000
2026-07-12,u3734,page_view,Direct,Khurja,Pottery,,,
2026-07-12,u3735,page_view,Instagram,Bangalore,Block Printing,,,
2026-07-12,u3735,booking_started,Instagram,Bangalore,Block Printing,,,
2026-07-12,u3735,payment_success,Instagram,Bangalore,Block Printing,CRB5582,3,3000
2026-07-12,u3735,booking_completed,Instagram,Bangalore,Block Printing,CRB5582,3,3000
2026-07-12,u3735,review_submitted,Instagram,Bangalore,Block Printing,CRB5582,3,3000
2026-07-12,u3736,page_view,Google Search,Varanasi,Blue Pottery,,,
2026-07-12,u3737,page_view,Direct,Bangalore,Weaving,,,
2026-07-12,u3738,page_view,Referral,Jaipur,Block Printing,,,
2026-07-12,u3738,experience_card_viewed,Referral,Jaipur,Block Printing,,,
2026-07-12,u3739,page_view,Direct,Khurja,Pottery,,,
2026-07-12,u3740,page_view,Google Search,Jaipur,Pottery,,,
2026-07-12,u3740,booking_started,Google Search,Jaipur,Pottery,,,
2026-07-12,u3741,page_view,Direct,Varanasi,Block Printing,,,
2026-07-12,u3741,experience_card_viewed,Direct,Varanasi,Block Printing,,,
2026-07-12,u3741,booking_started,Direct,Varanasi,Block Printing,,,
2026-07-12,u3741,payment_success,Direct,Varanasi,Block Printing,CRB5583,1,1500
2026-07-12,u3741,booking_completed,Direct,Varanasi,Block Printing,CRB5583,1,1500
2026-07-12,u3741,review_submitted,Direct,Varanasi,Block Printing,CRB5583,1,1500
2026-07-12,u3742,page_view,Instagram,Varanasi,Pottery,,,
2026-07-12,u3742,experience_card_viewed,Instagram,Varanasi,Pottery,,,
2026-07-12,u3743,page_view,Instagram,Varanasi,Pottery,,,
2026-07-12,u3744,page_view,Travel Blog,Jaipur,Warli Painting,,,
2026-07-12,u3744,experience_card_viewed,Travel Blog,Jaipur,Warli Painting,,,
2026-07-12,u3744,booking_started,Travel Blog,Jaipur,Warli Painting,,,
2026-07-12,u3744,payment_success,Travel Blog,Jaipur,Warli Painting,CRB5584,10,2500
2026-07-12,u3744,booking_completed,Travel Blog,Jaipur,Warli Painting,CRB5584,10,2500
2026-07-12,u3744,review_submitted,Travel Blog,Jaipur,Warli Painting,CRB5584,10,2500
2026-07-12,u3745,page_view,Direct,Varanasi,Warli Painting,,,
2026-07-12,u3746,page_view,Google Search,Khurja,Warli Painting,,,
2026-07-12,u3747,page_view,Direct,Bangalore,Pottery,,,
2026-07-12,u3748,page_view,Google Search,Bangalore,Weaving,,,
2026-07-12,u3748,experience_card_viewed,Google Search,Bangalore,Weaving,,,
2026-07-12,u3749,page_view,Instagram,Udaipur,Block Printing,,,
2026-07-12,u3750,page_view,Direct,Khurja,Blue Pottery,,,
2026-07-12,u3750,experience_card_viewed,Direct,Khurja,Blue Pottery,,,
2026-07-12,u3751,page_view,Direct,Jaipur,Pottery,,,
2026-07-12,u3752,page_view,Instagram,Jaipur,Weaving,,,
2026-07-12,u3752,experience_card_viewed,Instagram,Jaipur,Weaving,,,
2026-07-12,u3752,booking_started,Instagram,Jaipur,Weaving,,,
2026-07-12,u3753,page_view,Direct,Udaipur,Pottery,,,
2026-07-12,u3753,booking_started,Direct,Udaipur,Pottery,,,
2026-07-12,u3754,page_view,Google Search,Varanasi,Blue Pottery,,,
2026-07-12,u3754,experience_card_viewed,Google Search,Varanasi,Blue Pottery,,,
2026-07-12,u3755,page_view,Google Search,Varanasi,Pottery,,,
2026-07-12,u3755,experience_card_viewed,Google Search,Varanasi,Pottery,,,
2026-07-12,u3755,booking_started,Google Search,Varanasi,Pottery,,,
2026-07-12,u3756,page_view,Direct,Udaipur,Block Printing,,,
2026-07-12,u3757,page_view,Direct,Bangalore,Pottery,,,
2026-07-12,u3758,page_view,Referral,Bangalore,Warli Painting,,,
2026-07-12,u3758,experience_card_viewed,Referral,Bangalore,Warli Painting,,,
2026-07-12,u3759,page_view,Google Search,Varanasi,Pottery,,,
2026-07-12,u3759,experience_card_viewed,Google Search,Varanasi,Pottery,,,
2026-07-12,u3760,page_view,Referral,Udaipur,Pottery,,,
2026-07-12,u3761,page_view,Instagram,Udaipur,Blue Pottery,,,
2026-07-12,u3762,page_view,Travel Blog,Varanasi,Blue Pottery,,,
2026-07-12,u3763,page_view,Referral,Udaipur,Pottery,,,
2026-07-12,u3763,experience_card_viewed,Referral,Udaipur,Pottery,,,
2026-07-12,u3763,booking_started,Referral,Udaipur,Pottery,,,
2026-07-12,u3764,page_view,Direct,Jaipur,Warli Painting,,,
2026-07-12,u3765,page_view,Referral,Jaipur,Block Printing,,,
2026-07-12,u3765,experience_card_viewed,Referral,Jaipur,Block Printing,,,
2026-07-12,u3766,page_view,Instagram,Bangalore,Block Printing,,,
2026-07-12,u3766,booking_started,Instagram,Bangalore,Block Printing,,,
2026-07-12,u3766,payment_success,Instagram,Bangalore,Block Printing,CRB5585,2,2200
2026-07-12,u3766,booking_completed,Instagram,Bangalore,Block Printing,CRB5585,2,2200
2026-07-12,u3767,page_view,Referral,Udaipur,Blue Pottery,,,
2026-07-12,u3767,experience_card_viewed,Referral,Udaipur,Blue Pottery,,,
2026-07-12,u3768,page_view,Google Search,Jaipur,Blue Pottery,,,
2026-07-12,u3769,page_view,Google Search,Varanasi,Weaving,,,
2026-07-12,u3769,booking_started,Google Search,Varanasi,Weaving,,,
2026-07-12,u3769,payment_success,Google Search,Varanasi,Weaving,CRB5586,1,1500
2026-07-12,u3769,booking_completed,Google Search,Varanasi,Weaving,CRB5586,1,1500
2026-07-12,u3769,review_submitted,Google Search,Varanasi,Weaving,CRB5586,1,1500
2026-07-12,u3770,page_view,Instagram,Khurja,Blue Pottery,,,
2026-07-12,u3771,page_view,Instagram,Jaipur,Weaving,,,
2026-07-12,u3771,experience_card_viewed,Instagram,Jaipur,Weaving,,,
2026-07-12,u3771,booking_started,Instagram,Jaipur,Weaving,,,
2026-07-12,u3771,payment_success,Instagram,Jaipur,Weaving,CRB5587,2,2000
2026-07-12,u3772,page_view,Direct,Varanasi,Block Printing,,,
2026-07-12,u3772,experience_card_viewed,Direct,Varanasi,Block Printing,,,
2026-07-12,u3772,booking_started,Direct,Varanasi,Block Printing,,,
2026-07-12,u3773,page_view,Instagram,Udaipur,Pottery,,,
2026-07-12,u3774,page_view,Direct,Jaipur,Weaving,,,
2026-07-12,u3775,page_view,Referral,Jaipur,Pottery,,,
2026-07-12,u3776,page_view,Instagram,Jaipur,Blue Pottery,,,
2026-07-12,u3776,experience_card_viewed,Instagram,Jaipur,Blue Pottery,,,
2026-07-12,u3777,page_view,Google Search,Varanasi,Block Printing,,,
2026-07-12,u3777,experience_card_viewed,Google Search,Varanasi,Block Printing,,,
2026-07-12,u3778,page_view,Instagram,Jaipur,Weaving,,,
2026-07-12,u3778,experience_card_viewed,Instagram,Jaipur,Weaving,,,
2026-07-12,u3779,page_view,Google Search,Udaipur,Block Printing,,,
2026-07-12,u3779,experience_card_viewed,Google Search,Udaipur,Block Printing,,,
2026-07-12,u3780,page_view,Referral,Jaipur,Block Printing,,,
2026-07-12,u3781,page_view,Instagram,Khurja,Weaving,,,
2026-07-12,u3782,page_view,Google Search,Bangalore,Weaving,,,
2026-07-12,u3782,experience_card_viewed,Google Search,Bangalore,Weaving,,,
2026-07-12,u3783,page_view,Referral,Bangalore,Weaving,,,
2026-07-12,u3783,experience_card_viewed,Referral,Bangalore,Weaving,,,
2026-07-12,u3784,page_view,Instagram,Jaipur,Block Printing,,,
2026-07-12,u3784,experience_card_viewed,Instagram,Jaipur,Block Printing,,,
2026-07-12,u3785,page_view,Direct,Jaipur,Block Printing,,,
2026-07-12,u3785,experience_card_viewed,Direct,Jaipur,Block Printing,,,
2026-07-12,u3786,page_view,Direct,Jaipur,Block Printing,,,
2026-07-12,u3787,page_view,Travel Blog,Varanasi,Block Printing,,,
2026-07-12,u3788,page_view,Travel Blog,Bangalore,Weaving,,,
2026-07-12,u3788,booking_started,Travel Blog,Bangalore,Weaving,,,
2026-07-12,u3789,page_view,Google Search,Khurja,Warli Painting,,,
2026-07-12,u3790,page_view,Referral,Khurja,Block Printing,,,
2026-07-12,u3790,experience_card_viewed,Referral,Khurja,Block Printing,,,
2026-07-12,u3791,page_view,Travel Blog,Khurja,Weaving,,,
2026-07-12,u3791,experience_card_viewed,Travel Blog,Khurja,Weaving,,,
2026-07-12,u3791,booking_started,Travel Blog,Khurja,Weaving,,,
2026-07-12,u3791,payment_success,Travel Blog,Khurja,Weaving,CRB5588,1,1500
2026-07-12,u3791,booking_completed,Travel Blog,Khurja,Weaving,CRB5588,1,1500
2026-07-12,u3792,page_view,Referral,Jaipur,Blue Pottery,,,
2026-07-12,u3792,booking_started,Referral,Jaipur,Blue Pottery,,,
2026-07-12,u3792,payment_success,Referral,Jaipur,Blue Pottery,CRB5589,2,3000
2026-07-12,u3793,page_view,Referral,Varanasi,Block Printing,,,
2026-07-12,u3793,experience_card_viewed,Referral,Varanasi,Block Printing,,,
2026-07-12,u3794,page_view,Instagram,Bangalore,Block Printing,,,
2026-07-12,u3795,page_view,Instagram,Varanasi,Pottery,,,
2026-07-12,u3795,experience_card_viewed,Instagram,Varanasi,Pottery,,,
2026-07-12,u3796,page_view,Direct,Bangalore,Blue Pottery,,,
2026-07-12,u3796,experience_card_viewed,Direct,Bangalore,Blue Pottery,,,
2026-07-12,u3796,booking_started,Direct,Bangalore,Blue Pottery,,,
2026-07-12,u3796,payment_success,Direct,Bangalore,Blue Pottery,CRB5590,2,1500
2026-07-12,u3796,booking_completed,Direct,Bangalore,Blue Pottery,CRB5590,2,1500
2026-07-12,u3796,review_submitted,Direct,Bangalore,Blue Pottery,CRB5590,2,1500
2026-07-12,u3797,page_view,Referral,Udaipur,Weaving,,,
2026-07-12,u3798,page_view,Direct,Bangalore,Blue Pottery,,,
2026-07-12,u3798,experience_card_viewed,Direct,Bangalore,Blue Pottery,,,
2026-07-12,u3799,page_view,Google Search,Jaipur,Pottery,,,
2026-07-12,u3800,page_view,Travel Blog,Varanasi,Pottery,,,
2026-07-12,u3800,experience_card_viewed,Travel Blog,Varanasi,Pottery,,,
2026-07-12,u3800,booking_started,Travel Blog,Varanasi,Pottery,,,
2026-07-12,u3801,page_view,Travel Blog,Khurja,Block Printing,,,
2026-07-12,u3801,booking_started,Travel Blog,Khurja,Block Printing,,,
2026-07-12,u3801,payment_success,Travel Blog,Khurja,Block Printing,CRB5591,2,1500
2026-07-12,u3801,booking_completed,Travel Blog,Khurja,Block Printing,CRB5591,2,1500
2026-07-12,u3802,page_view,Travel Blog,Jaipur,Block Printing,,,
2026-07-12,u3803,page_view,Google Search,Bangalore,Block Printing,,,
2026-07-12,u3803,experience_card_viewed,Google Search,Bangalore,Block Printing,,,
2026-07-12,u3804,page_view,Google Search,Jaipur,Warli Painting,,,
2026-07-12,u3804,booking_started,Google Search,Jaipur,Warli Painting,,,
2026-07-12,u3804,payment_success,Google Search,Jaipur,Warli Painting,CRB5592,2,2500
2026-07-12,u3804,booking_completed,Google Search,Jaipur,Warli Painting,CRB5592,2,2500
2026-07-12,u3805,page_view,Instagram,Jaipur,Warli Painting,,,
2026-07-12,u3805,experience_card_viewed,Instagram,Jaipur,Warli Painting,,,
2026-07-12,u3806,page_view,Referral,Bangalore,Warli Painting,,,
2026-07-12,u3806,experience_card_viewed,Referral,Bangalore,Warli Painting,,,
2026-07-12,u3807,page_view,Referral,Bangalore,Blue Pottery,,,
2026-07-12,u3808,page_view,Instagram,Udaipur,Warli Painting,,,
2026-07-12,u3808,experience_card_viewed,Instagram,Udaipur,Warli Painting,,,
2026-07-12,u3809,page_view,Referral,Khurja,Blue Pottery,,,
2026-07-12,u3810,page_view,Direct,Khurja,Block Printing,,,
2026-07-12,u3811,page_view,Google Search,Bangalore,Warli Painting,,,
2026-07-12,u3811,experience_card_viewed,Google Search,Bangalore,Warli Painting,,,
2026-07-12,u3811,booking_started,Google Search,Bangalore,Warli Painting,,,
2026-07-12,u3811,payment_success,Google Search,Bangalore,Warli Painting,CRB5593,6,2000
2026-07-12,u3811,booking_completed,Google Search,Bangalore,Warli Painting,CRB5593,6,2000
2026-07-12,u3812,page_view,Travel Blog,Khurja,Block Printing,,,
2026-07-12,u3812,experience_card_viewed,Travel Blog,Khurja,Block Printing,,,
2026-07-12,u3813,page_view,Direct,Varanasi,Warli Painting,,,
2026-07-12,u3813,experience_card_viewed,Direct,Varanasi,Warli Painting,,,
2026-07-12,u3814,page_view,Google Search,Khurja,Pottery,,,
2026-07-12,u3814,experience_card_viewed,Google Search,Khurja,Pottery,,,
2026-07-12,u3814,booking_started,Google Search,Khurja,Pottery,,,
2026-07-12,u3814,payment_success,Google Search,Khurja,Pottery,CRB5594,4,3000
2026-07-12,u3814,booking_completed,Google Search,Khurja,Pottery,CRB5594,4,3000
2026-07-12,u3814,review_submitted,Google Search,Khurja,Pottery,CRB5594,4,3000
2026-07-12,u3815,page_view,Travel Blog,Varanasi,Warli Painting,,,
2026-07-12,u3815,booking_started,Travel Blog,Varanasi,Warli Painting,,,
2026-07-12,u3815,payment_success,Travel Blog,Varanasi,Warli Painting,CRB5595,2,3000
2026-07-12,u3815,booking_completed,Travel Blog,Varanasi,Warli Painting,CRB5595,2,3000
2026-07-12,u3815,review_submitted,Travel Blog,Varanasi,Warli Painting,CRB5595,2,3000
2026-07-12,u3816,page_view,Google Search,Khurja,Pottery,,,
2026-07-12,u3816,experience_card_viewed,Google Search,Khurja,Pottery,,,
2026-07-12,u3817,page_view,Referral,Khurja,Block Printing,,,
2026-07-12,u3817,experience_card_viewed,Referral,Khurja,Block Printing,,,
2026-07-12,u3818,page_view,Instagram,Khurja,Warli Painting,,,
2026-07-12,u3818,experience_card_viewed,Instagram,Khurja,Warli Painting,,,
2026-07-12,u3819,page_view,Instagram,Udaipur,Weaving,,,
2026-07-12,u3819,experience_card_viewed,Instagram,Udaipur,Weaving,,,
2026-07-12,u3819,booking_started,Instagram,Udaipur,Weaving,,,
2026-07-12,u3820,page_view,Instagram,Varanasi,Warli Painting,,,
2026-07-12,u3820,experience_card_viewed,Instagram,Varanasi,Warli Painting,,,
2026-07-12,u3821,page_view,Travel Blog,Udaipur,Weaving,,,
2026-07-12,u3821,experience_card_viewed,Travel Blog,Udaipur,Weaving,,,
2026-07-12,u3822,page_view,Direct,Bangalore,Pottery,,,
2026-07-12,u3822,experience_card_viewed,Direct,Bangalore,Pottery,,,
2026-07-12,u3822,booking_started,Direct,Bangalore,Pottery,,,
2026-07-12,u3822,payment_success,Direct,Bangalore,Pottery,CRB5596,2,2500
2026-07-12,u3822,booking_completed,Direct,Bangalore,Pottery,CRB5596,2,2500
2026-07-12,u3823,page_view,Travel Blog,Bangalore,Block Printing,,,
2026-07-12,u3823,booking_started,Travel Blog,Bangalore,Block Printing,,,
2026-07-12,u3824,page_view,Direct,Khurja,Block Printing,,,
2026-07-12,u3824,booking_started,Direct,Khurja,Block Printing,,,
2026-07-12,u3824,payment_success,Direct,Khurja,Block Printing,CRB5597,4,1500
2026-07-12,u3824,booking_completed,Direct,Khurja,Block Printing,CRB5597,4,1500
2026-07-12,u3824,review_submitted,Direct,Khurja,Block Printing,CRB5597,4,1500
2026-07-12,u3825,page_view,Travel Blog,Udaipur,Block Printing,,,
2026-07-12,u3825,experience_card_viewed,Travel Blog,Udaipur,Block Printing,,,
2026-07-12,u3826,page_view,Direct,Varanasi,Blue Pottery,,,
2026-07-12,u3827,page_view,Travel Blog,Jaipur,Blue Pottery,,,
2026-07-12,u3827,experience_card_viewed,Travel Blog,Jaipur,Blue Pottery,,,
2026-07-12,u3828,page_view,Google Search,Jaipur,Warli Painting,,,
2026-07-12,u3828,experience_card_viewed,Google Search,Jaipur,Warli Painting,,,
2026-07-12,u3829,page_view,Referral,Jaipur,Weaving,,,
2026-07-12,u3830,page_view,Referral,Varanasi,Block Printing,,,
2026-07-12,u3830,experience_card_viewed,Referral,Varanasi,Block Printing,,,
2026-07-12,u3831,page_view,Google Search,Varanasi,Warli Painting,,,
2026-07-12,u3832,page_view,Direct,Udaipur,Weaving,,,
2026-07-12,u3832,experience_card_viewed,Direct,Udaipur,Weaving,,,
2026-07-12,u3833,page_view,Travel Blog,Khurja,Blue Pottery,,,
2026-07-12,u3833,experience_card_viewed,Travel Blog,Khurja,Blue Pottery,,,
2026-07-12,u3834,page_view,Travel Blog,Khurja,Blue Pottery,,,
2026-07-12,u3834,booking_started,Travel Blog,Khurja,Blue Pottery,,,
2026-07-12,u3834,payment_success,Travel Blog,Khurja,Blue Pottery,CRB5598,2,2000
2026-07-12,u3834,booking_completed,Travel Blog,Khurja,Blue Pottery,CRB5598,2,2000
2026-07-12,u3834,review_submitted,Travel Blog,Khurja,Blue Pottery,CRB5598,2,2000
2026-07-12,u3835,page_view,Google Search,Jaipur,Warli Painting,,,
2026-07-12,u3836,page_view,Instagram,Bangalore,Blue Pottery,,,
2026-07-12,u3837,page_view,Direct,Jaipur,Warli Painting,,,
2026-07-12,u3837,booking_started,Direct,Jaipur,Warli Painting,,,
2026-07-12,u3837,payment_success,Direct,Jaipur,Warli Painting,CRB5599,4,3500
2026-07-12,u3837,booking_completed,Direct,Jaipur,Warli Painting,CRB5599,4,3500
2026-07-12,u3838,page_view,Google Search,Bangalore,Weaving,,,
2026-07-12,u3839,page_view,Referral,Udaipur,Pottery,,,
2026-07-12,u3840,page_view,Referral,Bangalore,Pottery,,,
2026-07-12,u3840,experience_card_viewed,Referral,Bangalore,Pottery,,,
2026-07-12,u3840,booking_started,Referral,Bangalore,Pottery,,,
2026-07-12,u3840,payment_success,Referral,Bangalore,Pottery,CRB5600,1,3500
2026-07-12,u3840,booking_completed,Referral,Bangalore,Pottery,CRB5600,1,3500
2026-07-12,u3840,review_submitted,Referral,Bangalore,Pottery,CRB5600,1,3500
2026-07-12,u3841,page_view,Instagram,Varanasi,Weaving,,,
2026-07-12,u3841,experience_card_viewed,Instagram,Varanasi,Weaving,,,
2026-07-12,u3842,page_view,Travel Blog,Bangalore,Weaving,,,
2026-07-12,u3842,experience_card_viewed,Travel Blog,Bangalore,Weaving,,,
2026-07-12,u3843,page_view,Travel Blog,Bangalore,Weaving,,,
2026-07-12,u3844,page_view,Referral,Khurja,Weaving,,,
2026-07-12,u3845,page_view,Direct,Udaipur,Weaving,,,
2026-07-12,u3845,experience_card_viewed,Direct,Udaipur,Weaving,,,
2026-07-12,u3846,page_view,Direct,Bangalore,Blue Pottery,,,
2026-07-12,u3846,booking_started,Direct,Bangalore,Blue Pottery,,,
2026-07-12,u3846,payment_success,Direct,Bangalore,Blue Pottery,CRB5601,4,1800
2026-07-12,u3846,booking_completed,Direct,Bangalore,Blue Pottery,CRB5601,4,1800
2026-07-12,u3846,review_submitted,Direct,Bangalore,Blue Pottery,CRB5601,4,1800
2026-07-12,u3847,page_view,Referral,Bangalore,Weaving,,,
2026-07-12,u3847,experience_card_viewed,Referral,Bangalore,Weaving,,,
2026-07-12,u3848,page_view,Google Search,Udaipur,Warli Painting,,,
2026-07-12,u3848,experience_card_viewed,Google Search,Udaipur,Warli Painting,,,
2026-07-12,u3849,page_view,Referral,Bangalore,Blue Pottery,,,
2026-07-12,u3849,experience_card_viewed,Referral,Bangalore,Blue Pottery,,,
2026-07-12,u3850,page_view,Google Search,Jaipur,Pottery,,,
2026-07-12,u3850,experience_card_viewed,Google Search,Jaipur,Pottery,,,
2026-07-12,u3851,page_view,Referral,Khurja,Pottery,,,
2026-07-12,u3851,experience_card_viewed,Referral,Khurja,Pottery,,,
2026-07-12,u3852,page_view,Instagram,Varanasi,Pottery,,,
2026-07-12,u3852,experience_card_viewed,Instagram,Varanasi,Pottery,,,
2026-07-12,u3853,page_view,Referral,Jaipur,Weaving,,,
2026-07-12,u3854,page_view,Google Search,Khurja,Blue Pottery,,,
2026-07-12,u3855,page_view,Referral,Varanasi,Pottery,,,
2026-07-12,u3855,booking_started,Referral,Varanasi,Pottery,,,
2026-07-12,u3855,payment_success,Referral,Varanasi,Pottery,CRB5602,3,3000
2026-07-12,u3855,booking_completed,Referral,Varanasi,Pottery,CRB5602,3,3000
2026-07-12,u3855,review_submitted,Referral,Varanasi,Pottery,CRB5602,3,3000
2026-07-12,u3856,page_view,Instagram,Udaipur,Warli Painting,,,
2026-07-12,u3857,page_view,Google Search,Jaipur,Block Printing,,,
2026-07-12,u3857,experience_card_viewed,Google Search,Jaipur,Block Printing,,,
2026-07-12,u3858,page_view,Instagram,Bangalore,Weaving,,,
2026-07-12,u3858,experience_card_viewed,Instagram,Bangalore,Weaving,,,
2026-07-12,u3858,booking_started,Instagram,Bangalore,Weaving,,,
2026-07-12,u3859,page_view,Referral,Khurja,Blue Pottery,,,
2026-07-12,u3860,page_view,Travel Blog,Varanasi,Weaving,,,
2026-07-12,u3861,page_view,Travel Blog,Jaipur,Block Printing,,,
2026-07-12,u3861,experience_card_viewed,Travel Blog,Jaipur,Block Printing,,,
2026-07-12,u3862,page_view,Google Search,Jaipur,Warli Painting,,,
2026-07-12,u3862,experience_card_viewed,Google Search,Jaipur,Warli Painting,,,
2026-07-12,u3863,page_view,Google Search,Khurja,Blue Pottery,,,
2026-07-12,u3863,experience_card_viewed,Google Search,Khurja,Blue Pottery,,,
2026-07-12,u3863,booking_started,Google Search,Khurja,Blue Pottery,,,
2026-07-12,u3863,payment_success,Google Search,Khurja,Blue Pottery,CRB5603,6,2200
2026-07-12,u3863,booking_completed,Google Search,Khurja,Blue Pottery,CRB5603,6,2200
2026-07-12,u3864,page_view,Referral,Khurja,Blue Pottery,,,
2026-07-12,u3864,booking_started,Referral,Khurja,Blue Pottery,,,
2026-07-12,u3865,page_view,Referral,Varanasi,Warli Painting,,,
2026-07-12,u3865,booking_started,Referral,Varanasi,Warli Painting,,,
2026-07-12,u3865,payment_success,Referral,Varanasi,Warli Painting,CRB5604,2,2200
2026-07-12,u3865,booking_completed,Referral,Varanasi,Warli Painting,CRB5604,2,2200
2026-07-12,u3865,review_submitted,Referral,Varanasi,Warli Painting,CRB5604,2,2200
2026-07-12,u3866,page_view,Travel Blog,Khurja,Block Printing,,,
2026-07-12,u3866,experience_card_viewed,Travel Blog,Khurja,Block Printing,,,
2026-07-12,u3867,page_view,Google Search,Bangalore,Block Printing,,,
2026-07-12,u3867,booking_started,Google Search,Bangalore,Block Printing,,,
2026-07-12,u3867,payment_success,Google Search,Bangalore,Block Printing,CRB5605,2,2200
2026-07-12,u3868,page_view,Google Search,Udaipur,Warli Painting,,,
2026-07-12,u3868,experience_card_viewed,Google Search,Udaipur,Warli Painting,,,
2026-07-12,u3869,page_view,Direct,Udaipur,Pottery,,,
2026-07-12,u3869,booking_started,Direct,Udaipur,Pottery,,,
2026-07-12,u3869,payment_success,Direct,Udaipur,Pottery,CRB5606,12,3500
2026-07-12,u3869,booking_completed,Direct,Udaipur,Pottery,CRB5606,12,3500
2026-07-12,u3869,review_submitted,Direct,Udaipur,Pottery,CRB5606,12,3500
2026-07-12,u3870,page_view,Google Search,Khurja,Pottery,,,
2026-07-12,u3870,experience_card_viewed,Google Search,Khurja,Pottery,,,
2026-07-12,u3871,page_view,Travel Blog,Khurja,Warli Painting,,,
2026-07-12,u3871,experience_card_viewed,Travel Blog,Khurja,Warli Painting,,,
2026-07-12,u3872,page_view,Direct,Khurja,Block Printing,,,
2026-07-12,u3872,experience_card_viewed,Direct,Khurja,Block Printing,,,
2026-07-12,u3873,page_view,Google Search,Varanasi,Pottery,,,
2026-07-12,u3873,experience_card_viewed,Google Search,Varanasi,Pottery,,,
2026-07-12,u3874,page_view,Instagram,Bangalore,Weaving,,,
2026-07-12,u3875,page_view,Instagram,Jaipur,Warli Painting,,,
2026-07-12,u3875,booking_started,Instagram,Jaipur,Warli Painting,,,
2026-07-12,u3875,payment_success,Instagram,Jaipur,Warli Painting,CRB5607,12,3500
2026-07-12,u3876,page_view,Travel Blog,Jaipur,Block Printing,,,
2026-07-12,u3876,experience_card_viewed,Travel Blog,Jaipur,Block Printing,,,
2026-07-12,u3876,booking_started,Travel Blog,Jaipur,Block Printing,,,
2026-07-12,u3876,payment_success,Travel Blog,Jaipur,Block Printing,CRB5608,6,3000
2026-07-12,u3876,booking_completed,Travel Blog,Jaipur,Block Printing,CRB5608,6,3000
2026-07-12,u3877,page_view,Instagram,Udaipur,Blue Pottery,,,
2026-07-12,u3878,page_view,Direct,Varanasi,Blue Pottery,,,
2026-07-12,u3878,experience_card_viewed,Direct,Varanasi,Blue Pottery,,,
2026-07-12,u3879,page_view,Referral,Khurja,Pottery,,,
2026-07-12,u3879,experience_card_viewed,Referral,Khurja,Pottery,,,
2026-07-12,u3880,page_view,Google Search,Khurja,Pottery,,,
2026-07-12,u3881,page_view,Direct,Jaipur,Block Printing,,,
2026-07-12,u3882,page_view,Google Search,Varanasi,Warli Painting,,,
2026-07-12,u3883,page_view,Direct,Khurja,Pottery,,,
2026-07-12,u3883,experience_card_viewed,Direct,Khurja,Pottery,,,
2026-07-12,u3884,page_view,Travel Blog,Jaipur,Blue Pottery,,,
2026-07-12,u3884,experience_card_viewed,Travel Blog,Jaipur,Blue Pottery,,,
2026-07-12,u3885,page_view,Referral,Khurja,Weaving,,,
2026-07-12,u3886,page_view,Google Search,Udaipur,Pottery,,,
2026-07-12,u3886,experience_card_viewed,Google Search,Udaipur,Pottery,,,
2026-07-12,u3887,page_view,Direct,Jaipur,Weaving,,,
2026-07-12,u3887,experience_card_viewed,Direct,Jaipur,Weaving,,,
2026-07-12,u3888,page_view,Referral,Jaipur,Pottery,,,
2026-07-12,u3888,experience_card_viewed,Referral,Jaipur,Pottery,,,
2026-07-12,u3889,page_view,Google Search,Bangalore,Weaving,,,
2026-07-12,u3890,page_view,Referral,Khurja,Block Printing,,,
2026-07-12,u3890,booking_started,Referral,Khurja,Block Printing,,,
2026-07-12,u3891,page_view,Google Search,Udaipur,Block Printing,,,
2026-07-12,u3891,experience_card_viewed,Google Search,Udaipur,Block Printing,,,
2026-07-12,u3892,page_view,Travel Blog,Khurja,Warli Painting,,,
2026-07-12,u3893,page_view,Referral,Udaipur,Block Printing,,,
2026-07-12,u3893,experience_card_viewed,Referral,Udaipur,Block Printing,,,
2026-07-12,u3893,booking_started,Referral,Udaipur,Block Printing,,,
2026-07-12,u3893,payment_success,Referral,Udaipur,Block Printing,CRB5609,6,2000
2026-07-12,u3893,booking_completed,Referral,Udaipur,Block Printing,CRB5609,6,2000
2026-07-12,u3893,review_submitted,Referral,Udaipur,Block Printing,CRB5609,6,2000
2026-07-12,u3894,page_view,Travel Blog,Varanasi,Block Printing,,,
2026-07-12,u3894,experience_card_viewed,Travel Blog,Varanasi,Block Printing,,,
2026-07-12,u3895,page_view,Referral,Varanasi,Blue Pottery,,,
2026-07-12,u3895,experience_card_viewed,Referral,Varanasi,Blue Pottery,,,
2026-07-12,u3896,page_view,Instagram,Bangalore,Blue Pottery,,,
2026-07-12,u3896,booking_started,Instagram,Bangalore,Blue Pottery,,,
2026-07-12,u3896,payment_success,Instagram,Bangalore,Blue Pottery,CRB5610,12,2000
2026-07-12,u3896,booking_completed,Instagram,Bangalore,Blue Pottery,CRB5610,12,2000
2026-07-12,u3896,review_submitted,Instagram,Bangalore,Blue Pottery,CRB5610,12,2000
2026-07-12,u3897,page_view,Google Search,Udaipur,Pottery,,,
2026-07-12,u3897,booking_started,Google Search,Udaipur,Pottery,,,
2026-07-12,u3898,page_view,Travel Blog,Jaipur,Pottery,,,
2026-07-12,u3898,booking_started,Travel Blog,Jaipur,Pottery,,,
2026-07-12,u3898,payment_success,Travel Blog,Jaipur,Pottery,CRB5611,3,2500
2026-07-12,u3898,booking_completed,Travel Blog,Jaipur,Pottery,CRB5611,3,2500
2026-07-12,u3899,page_view,Direct,Bangalore,Blue Pottery,,,
2026-07-12,u3899,experience_card_viewed,Direct,Bangalore,Blue Pottery,,,
2026-07-12,u3900,page_view,Direct,Udaipur,Pottery,,,
2026-07-12,u3900,experience_card_viewed,Direct,Udaipur,Pottery,,,
2026-07-12,u3901,page_view,Travel Blog,Khurja,Block Printing,,,
2026-07-12,u3902,page_view,Google Search,Khurja,Blue Pottery,,,
2026-07-12,u3903,page_view,Instagram,Udaipur,Weaving,,,
2026-07-12,u3904,page_view,Direct,Bangalore,Blue Pottery,,,
2026-07-12,u3905,page_view,Google Search,Khurja,Warli Painting,,,
2026-07-12,u3906,page_view,Referral,Khurja,Block Printing,,,
2026-07-12,u3907,page_view,Travel Blog,Varanasi,Weaving,,,
2026-07-12,u3907,experience_card_viewed,Travel Blog,Varanasi,Weaving,,,
2026-07-12,u3908,page_view,Direct,Varanasi,Pottery,,,
2026-07-12,u3908,experience_card_viewed,Direct,Varanasi,Pottery,,,
2026-07-12,u3908,booking_started,Direct,Varanasi,Pottery,,,
2026-07-12,u3908,payment_success,Direct,Varanasi,Pottery,CRB5612,2,2000
2026-07-12,u3908,booking_completed,Direct,Varanasi,Pottery,CRB5612,2,2000
2026-07-12,u3909,page_view,Direct,Udaipur,Weaving,,,
2026-07-12,u3909,experience_card_viewed,Direct,Udaipur,Weaving,,,
2026-07-12,u3910,page_view,Instagram,Khurja,Blue Pottery,,,
2026-07-12,u3911,page_view,Referral,Varanasi,Warli Painting,,,
2026-07-12,u3912,page_view,Travel Blog,Varanasi,Warli Painting,,,
2026-07-12,u3912,experience_card_viewed,Travel Blog,Varanasi,Warli Painting,,,
2026-07-12,u3913,page_view,Referral,Jaipur,Blue Pottery,,,
2026-07-12,u3914,page_view,Referral,Udaipur,Block Printing,,,
2026-07-12,u3914,experience_card_viewed,Referral,Udaipur,Block Printing,,,
2026-07-12,u3915,page_view,Instagram,Udaipur,Pottery,,,
2026-07-12,u3915,experience_card_viewed,Instagram,Udaipur,Pottery,,,
2026-07-12,u3916,page_view,Travel Blog,Khurja,Block Printing,,,
2026-07-12,u3917,page_view,Referral,Bangalore,Blue Pottery,,,
2026-07-12,u3918,page_view,Travel Blog,Jaipur,Block Printing,,,
2026-07-12,u3919,page_view,Referral,Khurja,Warli Painting,,,
2026-07-12,u3919,booking_started,Referral,Khurja,Warli Painting,,,
2026-07-12,u3919,payment_success,Referral,Khurja,Warli Painting,CRB5613,6,2500
2026-07-12,u3919,booking_completed,Referral,Khurja,Warli Painting,CRB5613,6,2500
2026-07-12,u3919,review_submitted,Referral,Khurja,Warli Painting,CRB5613,6,2500
2026-07-12,u3920,page_view,Google Search,Udaipur,Blue Pottery,,,
2026-07-12,u3921,page_view,Google Search,Jaipur,Weaving,,,
2026-07-12,u3922,page_view,Direct,Bangalore,Warli Painting,,,
2026-07-13,u3923,page_view,Referral,Udaipur,Blue Pottery,,,
2026-07-13,u3923,experience_card_viewed,Referral,Udaipur,Blue Pottery,,,
2026-07-13,u3924,page_view,Referral,Varanasi,Pottery,,,
2026-07-13,u3924,experience_card_viewed,Referral,Varanasi,Pottery,,,
2026-07-13,u3924,booking_started,Referral,Varanasi,Pottery,,,
2026-07-13,u3924,payment_success,Referral,Varanasi,Pottery,CRB5614,4,2500
2026-07-13,u3924,booking_completed,Referral,Varanasi,Pottery,CRB5614,4,2500
2026-07-13,u3925,page_view,Referral,Varanasi,Warli Painting,,,
2026-07-13,u3925,experience_card_viewed,Referral,Varanasi,Warli Painting,,,
2026-07-13,u3925,booking_started,Referral,Varanasi,Warli Painting,,,
2026-07-13,u3926,page_view,Travel Blog,Varanasi,Block Printing,,,
2026-07-13,u3927,page_view,Direct,Khurja,Pottery,,,
2026-07-13,u3927,experience_card_viewed,Direct,Khurja,Pottery,,,
2026-07-13,u3928,page_view,Direct,Udaipur,Pottery,,,
2026-07-13,u3929,page_view,Google Search,Bangalore,Warli Painting,,,
2026-07-13,u3930,page_view,Direct,Varanasi,Block Printing,,,
2026-07-13,u3930,experience_card_viewed,Direct,Varanasi,Block Printing,,,
2026-07-13,u3930,booking_started,Direct,Varanasi,Block Printing,,,
2026-07-13,u3930,payment_success,Direct,Varanasi,Block Printing,CRB5615,12,1800
2026-07-13,u3930,booking_completed,Direct,Varanasi,Block Printing,CRB5615,12,1800
2026-07-13,u3930,review_submitted,Direct,Varanasi,Block Printing,CRB5615,12,1800
2026-07-13,u3931,page_view,Referral,Bangalore,Weaving,,,
2026-07-13,u3931,experience_card_viewed,Referral,Bangalore,Weaving,,,
2026-07-13,u3932,page_view,Travel Blog,Varanasi,Weaving,,,
2026-07-13,u3932,experience_card_viewed,Travel Blog,Varanasi,Weaving,,,
2026-07-13,u3933,page_view,Google Search,Jaipur,Pottery,,,
2026-07-13,u3933,experience_card_viewed,Google Search,Jaipur,Pottery,,,
2026-07-13,u3934,page_view,Direct,Udaipur,Weaving,,,
2026-07-13,u3934,experience_card_viewed,Direct,Udaipur,Weaving,,,
2026-07-13,u3934,booking_started,Direct,Udaipur,Weaving,,,
2026-07-13,u3934,payment_success,Direct,Udaipur,Weaving,CRB5616,3,2500
2026-07-13,u3934,booking_completed,Direct,Udaipur,Weaving,CRB5616,3,2500
2026-07-13,u3934,review_submitted,Direct,Udaipur,Weaving,CRB5616,3,2500
2026-07-13,u3935,page_view,Instagram,Khurja,Blue Pottery,,,
2026-07-13,u3935,experience_card_viewed,Instagram,Khurja,Blue Pottery,,,
2026-07-13,u3936,page_view,Referral,Bangalore,Warli Painting,,,
2026-07-13,u3936,experience_card_viewed,Referral,Bangalore,Warli Painting,,,
2026-07-13,u3937,page_view,Referral,Udaipur,Block Printing,,,
2026-07-13,u3938,page_view,Instagram,Bangalore,Warli Painting,,,
2026-07-13,u3938,experience_card_viewed,Instagram,Bangalore,Warli Painting,,,
2026-07-13,u3938,booking_started,Instagram,Bangalore,Warli Painting,,,
2026-07-13,u3938,payment_success,Instagram,Bangalore,Warli Painting,CRB5617,4,1800
2026-07-13,u3938,booking_completed,Instagram,Bangalore,Warli Painting,CRB5617,4,1800
2026-07-13,u3938,review_submitted,Instagram,Bangalore,Warli Painting,CRB5617,4,1800
2026-07-13,u3939,page_view,Direct,Bangalore,Weaving,,,
2026-07-13,u3939,experience_card_viewed,Direct,Bangalore,Weaving,,,
2026-07-13,u3939,booking_started,Direct,Bangalore,Weaving,,,
2026-07-13,u3940,page_view,Google Search,Udaipur,Pottery,,,
2026-07-13,u3941,page_view,Instagram,Khurja,Pottery,,,
2026-07-13,u3941,experience_card_viewed,Instagram,Khurja,Pottery,,,
2026-07-13,u3942,page_view,Referral,Udaipur,Pottery,,,
2026-07-13,u3942,booking_started,Referral,Udaipur,Pottery,,,
2026-07-13,u3942,payment_success,Referral,Udaipur,Pottery,CRB5618,12,3000
2026-07-13,u3942,booking_completed,Referral,Udaipur,Pottery,CRB5618,12,3000
2026-07-13,u3943,page_view,Direct,Varanasi,Pottery,,,
2026-07-13,u3944,page_view,Direct,Jaipur,Pottery,,,
2026-07-13,u3945,page_view,Travel Blog,Udaipur,Weaving,,,
2026-07-13,u3945,experience_card_viewed,Travel Blog,Udaipur,Weaving,,,
2026-07-13,u3945,booking_started,Travel Blog,Udaipur,Weaving,,,
2026-07-13,u3946,page_view,Referral,Khurja,Weaving,,,
2026-07-13,u3946,experience_card_viewed,Referral,Khurja,Weaving,,,
2026-07-13,u3946,booking_started,Referral,Khurja,Weaving,,,
2026-07-13,u3947,page_view,Referral,Jaipur,Pottery,,,
2026-07-13,u3947,experience_card_viewed,Referral,Jaipur,Pottery,,,
2026-07-13,u3948,page_view,Referral,Udaipur,Blue Pottery,,,
2026-07-13,u3948,experience_card_viewed,Referral,Udaipur,Blue Pottery,,,
2026-07-13,u3949,page_view,Referral,Khurja,Pottery,,,
2026-07-13,u3949,experience_card_viewed,Referral,Khurja,Pottery,,,
2026-07-13,u3950,page_view,Google Search,Bangalore,Pottery,,,
2026-07-13,u3950,experience_card_viewed,Google Search,Bangalore,Pottery,,,
2026-07-13,u3950,booking_started,Google Search,Bangalore,Pottery,,,
2026-07-13,u3950,payment_success,Google Search,Bangalore,Pottery,CRB5619,2,1800
2026-07-13,u3950,booking_completed,Google Search,Bangalore,Pottery,CRB5619,2,1800
2026-07-13,u3950,review_submitted,Google Search,Bangalore,Pottery,CRB5619,2,1800
2026-07-13,u3951,page_view,Travel Blog,Udaipur,Block Printing,,,
2026-07-13,u3951,booking_started,Travel Blog,Udaipur,Block Printing,,,
2026-07-13,u3952,page_view,Travel Blog,Varanasi,Block Printing,,,
2026-07-13,u3952,experience_card_viewed,Travel Blog,Varanasi,Block Printing,,,
2026-07-13,u3953,page_view,Travel Blog,Bangalore,Warli Painting,,,
2026-07-13,u3953,experience_card_viewed,Travel Blog,Bangalore,Warli Painting,,,
2026-07-13,u3954,page_view,Google Search,Jaipur,Pottery,,,
2026-07-13,u3954,experience_card_viewed,Google Search,Jaipur,Pottery,,,
2026-07-13,u3955,page_view,Instagram,Jaipur,Pottery,,,
2026-07-13,u3956,page_view,Direct,Varanasi,Blue Pottery,,,
2026-07-13,u3956,experience_card_viewed,Direct,Varanasi,Blue Pottery,,,
2026-07-13,u3956,booking_started,Direct,Varanasi,Blue Pottery,,,
2026-07-13,u3956,payment_success,Direct,Varanasi,Blue Pottery,CRB5620,2,1500
2026-07-13,u3956,booking_completed,Direct,Varanasi,Blue Pottery,CRB5620,2,1500
2026-07-13,u3956,review_submitted,Direct,Varanasi,Blue Pottery,CRB5620,2,1500
2026-07-13,u3957,page_view,Travel Blog,Khurja,Pottery,,,
2026-07-13,u3957,booking_started,Travel Blog,Khurja,Pottery,,,
2026-07-13,u3957,payment_success,Travel Blog,Khurja,Pottery,CRB5621,6,1500
2026-07-13,u3957,booking_completed,Travel Blog,Khurja,Pottery,CRB5621,6,1500
2026-07-13,u3958,page_view,Instagram,Udaipur,Blue Pottery,,,
2026-07-13,u3958,experience_card_viewed,Instagram,Udaipur,Blue Pottery,,,
2026-07-13,u3958,booking_started,Instagram,Udaipur,Blue Pottery,,,
2026-07-13,u3958,payment_success,Instagram,Udaipur,Blue Pottery,CRB5622,2,2000
2026-07-13,u3958,booking_completed,Instagram,Udaipur,Blue Pottery,CRB5622,2,2000
2026-07-13,u3958,review_submitted,Instagram,Udaipur,Blue Pottery,CRB5622,2,2000
2026-07-13,u3959,page_view,Travel Blog,Khurja,Weaving,,,
2026-07-13,u3959,experience_card_viewed,Travel Blog,Khurja,Weaving,,,
2026-07-13,u3960,page_view,Google Search,Khurja,Weaving,,,
2026-07-13,u3961,page_view,Direct,Varanasi,Blue Pottery,,,
2026-07-13,u3961,experience_card_viewed,Direct,Varanasi,Blue Pottery,,,
2026-07-13,u3962,page_view,Referral,Bangalore,Pottery,,,
2026-07-13,u3963,page_view,Google Search,Udaipur,Warli Painting,,,
2026-07-13,u3963,booking_started,Google Search,Udaipur,Warli Painting,,,
2026-07-13,u3963,payment_success,Google Search,Udaipur,Warli Painting,CRB5623,2,1500
2026-07-13,u3963,booking_completed,Google Search,Udaipur,Warli Painting,CRB5623,2,1500
2026-07-13,u3963,review_submitted,Google Search,Udaipur,Warli Painting,CRB5623,2,1500
2026-07-13,u3964,page_view,Referral,Bangalore,Blue Pottery,,,
2026-07-13,u3965,page_view,Instagram,Jaipur,Blue Pottery,,,
2026-07-13,u3966,page_view,Travel Blog,Varanasi,Block Printing,,,
2026-07-13,u3967,page_view,Direct,Khurja,Weaving,,,
2026-07-13,u3967,experience_card_viewed,Direct,Khurja,Weaving,,,
2026-07-13,u3968,page_view,Direct,Varanasi,Weaving,,,
2026-07-13,u3968,experience_card_viewed,Direct,Varanasi,Weaving,,,
2026-07-13,u3969,page_view,Instagram,Udaipur,Block Printing,,,
2026-07-13,u3969,experience_card_viewed,Instagram,Udaipur,Block Printing,,,
2026-07-13,u3969,booking_started,Instagram,Udaipur,Block Printing,,,
2026-07-13,u3969,payment_success,Instagram,Udaipur,Block Printing,CRB5624,10,3000
2026-07-13,u3969,booking_completed,Instagram,Udaipur,Block Printing,CRB5624,10,3000
2026-07-13,u3969,review_submitted,Instagram,Udaipur,Block Printing,CRB5624,10,3000
2026-07-13,u3970,page_view,Referral,Khurja,Pottery,,,
2026-07-13,u3970,experience_card_viewed,Referral,Khurja,Pottery,,,
2026-07-13,u3970,booking_started,Referral,Khurja,Pottery,,,
2026-07-13,u3970,payment_success,Referral,Khurja,Pottery,CRB5625,4,2500
2026-07-13,u3970,booking_completed,Referral,Khurja,Pottery,CRB5625,4,2500
2026-07-13,u3970,review_submitted,Referral,Khurja,Pottery,CRB5625,4,2500
2026-07-13,u3971,page_view,Direct,Khurja,Pottery,,,
2026-07-13,u3972,page_view,Travel Blog,Jaipur,Weaving,,,
2026-07-13,u3972,experience_card_viewed,Travel Blog,Jaipur,Weaving,,,
2026-07-13,u3973,page_view,Direct,Bangalore,Warli Painting,,,
2026-07-13,u3973,booking_started,Direct,Bangalore,Warli Painting,,,
2026-07-13,u3973,payment_success,Direct,Bangalore,Warli Painting,CRB5626,2,1500
2026-07-13,u3973,booking_completed,Direct,Bangalore,Warli Painting,CRB5626,2,1500
2026-07-13,u3974,page_view,Direct,Varanasi,Pottery,,,
2026-07-13,u3975,page_view,Referral,Bangalore,Pottery,,,
2026-07-13,u3975,experience_card_viewed,Referral,Bangalore,Pottery,,,
2026-07-13,u3976,page_view,Google Search,Khurja,Warli Painting,,,
2026-07-13,u3977,page_view,Referral,Khurja,Blue Pottery,,,
2026-07-13,u3978,page_view,Google Search,Khurja,Weaving,,,
2026-07-13,u3978,booking_started,Google Search,Khurja,Weaving,,,
2026-07-13,u3978,payment_success,Google Search,Khurja,Weaving,CRB5627,10,2000
2026-07-13,u3978,booking_completed,Google Search,Khurja,Weaving,CRB5627,10,2000
2026-07-13,u3978,review_submitted,Google Search,Khurja,Weaving,CRB5627,10,2000
2026-07-13,u3979,page_view,Google Search,Khurja,Warli Painting,,,
2026-07-13,u3979,experience_card_viewed,Google Search,Khurja,Warli Painting,,,
2026-07-13,u3979,booking_started,Google Search,Khurja,Warli Painting,,,
2026-07-13,u3980,page_view,Travel Blog,Khurja,Block Printing,,,
2026-07-13,u3980,experience_card_viewed,Travel Blog,Khurja,Block Printing,,,
2026-07-13,u3981,page_view,Direct,Udaipur,Pottery,,,
2026-07-13,u3981,experience_card_viewed,Direct,Udaipur,Pottery,,,
2026-07-13,u3982,page_view,Google Search,Udaipur,Pottery,,,
2026-07-13,u3983,page_view,Google Search,Jaipur,Blue Pottery,,,
2026-07-13,u3983,experience_card_viewed,Google Search,Jaipur,Blue Pottery,,,
2026-07-13,u3984,page_view,Referral,Bangalore,Warli Painting,,,
2026-07-13,u3984,experience_card_viewed,Referral,Bangalore,Warli Painting,,,
2026-07-13,u3985,page_view,Referral,Jaipur,Pottery,,,
2026-07-13,u3985,experience_card_viewed,Referral,Jaipur,Pottery,,,
2026-07-13,u3985,booking_started,Referral,Jaipur,Pottery,,,
2026-07-13,u3985,payment_success,Referral,Jaipur,Pottery,CRB5628,1,1500
2026-07-13,u3985,booking_completed,Referral,Jaipur,Pottery,CRB5628,1,1500
2026-07-13,u3986,page_view,Instagram,Khurja,Pottery,,,
2026-07-13,u3986,experience_card_viewed,Instagram,Khurja,Pottery,,,
2026-07-13,u3987,page_view,Instagram,Varanasi,Weaving,,,
2026-07-13,u3987,experience_card_viewed,Instagram,Varanasi,Weaving,,,
2026-07-13,u3988,page_view,Instagram,Varanasi,Warli Painting,,,
2026-07-13,u3988,experience_card_viewed,Instagram,Varanasi,Warli Painting,,,
2026-07-13,u3989,page_view,Travel Blog,Bangalore,Blue Pottery,,,
2026-07-13,u3990,page_view,Instagram,Jaipur,Warli Painting,,,
2026-07-13,u3990,experience_card_viewed,Instagram,Jaipur,Warli Painting,,,
2026-07-13,u3991,page_view,Direct,Bangalore,Block Printing,,,
2026-07-13,u3991,experience_card_viewed,Direct,Bangalore,Block Printing,,,
2026-07-13,u3992,page_view,Google Search,Jaipur,Block Printing,,,
2026-07-13,u3992,booking_started,Google Search,Jaipur,Block Printing,,,
2026-07-13,u3993,page_view,Travel Blog,Udaipur,Warli Painting,,,
2026-07-13,u3993,experience_card_viewed,Travel Blog,Udaipur,Warli Painting,,,
2026-07-13,u3994,page_view,Direct,Varanasi,Blue Pottery,,,
2026-07-13,u3995,page_view,Travel Blog,Varanasi,Block Printing,,,
2026-07-13,u3996,page_view,Google Search,Varanasi,Pottery,,,
2026-07-13,u3996,experience_card_viewed,Google Search,Varanasi,Pottery,,,
2026-07-13,u3996,booking_started,Google Search,Varanasi,Pottery,,,
2026-07-13,u3997,page_view,Google Search,Khurja,Block Printing,,,
2026-07-13,u3997,experience_card_viewed,Google Search,Khurja,Block Printing,,,
2026-07-13,u3997,booking_started,Google Search,Khurja,Block Printing,,,
2026-07-13,u3997,payment_success,Google Search,Khurja,Block Printing,CRB5629,1,2000
2026-07-13,u3997,booking_completed,Google Search,Khurja,Block Printing,CRB5629,1,2000
2026-07-13,u3997,review_submitted,Google Search,Khurja,Block Printing,CRB5629,1,2000
2026-07-13,u3998,page_view,Travel Blog,Bangalore,Warli Painting,,,
2026-07-13,u3999,page_view,Instagram,Jaipur,Blue Pottery,,,
2026-07-13,u4000,page_view,Travel Blog,Bangalore,Warli Painting,,,
2026-07-13,u4001,page_view,Direct,Bangalore,Block Printing,,,
2026-07-13,u4002,page_view,Google Search,Jaipur,Warli Painting,,,
2026-07-13,u4002,experience_card_viewed,Google Search,Jaipur,Warli Painting,,,
2026-07-13,u4002,booking_started,Google Search,Jaipur,Warli Painting,,,
2026-07-13,u4002,payment_success,Google Search,Jaipur,Warli Painting,CRB5630,10,1500
2026-07-13,u4002,booking_completed,Google Search,Jaipur,Warli Painting,CRB5630,10,1500
2026-07-13,u4003,page_view,Google Search,Khurja,Warli Painting,,,
2026-07-13,u4003,experience_card_viewed,Google Search,Khurja,Warli Painting,,,
2026-07-13,u4004,page_view,Google Search,Jaipur,Block Printing,,,
2026-07-13,u4004,experience_card_viewed,Google Search,Jaipur,Block Printing,,,
2026-07-13,u4004,booking_started,Google Search,Jaipur,Block Printing,,,
2026-07-13,u4005,page_view,Referral,Khurja,Warli Painting,,,
2026-07-13,u4006,page_view,Instagram,Varanasi,Warli Painting,,,
2026-07-13,u4007,page_view,Direct,Khurja,Warli Painting,,,
2026-07-13,u4007,booking_started,Direct,Khurja,Warli Painting,,,
2026-07-13,u4007,payment_success,Direct,Khurja,Warli Painting,CRB5631,10,1800
2026-07-13,u4007,booking_completed,Direct,Khurja,Warli Painting,CRB5631,10,1800
2026-07-13,u4008,page_view,Google Search,Bangalore,Warli Painting,,,
2026-07-13,u4009,page_view,Google Search,Khurja,Blue Pottery,,,
2026-07-13,u4009,experience_card_viewed,Google Search,Khurja,Blue Pottery,,,
2026-07-13,u4010,page_view,Direct,Varanasi,Block Printing,,,
2026-07-13,u4011,page_view,Travel Blog,Khurja,Blue Pottery,,,
2026-07-13,u4011,experience_card_viewed,Travel Blog,Khurja,Blue Pottery,,,
2026-07-13,u4011,booking_started,Travel Blog,Khurja,Blue Pottery,,,
2026-07-13,u4011,payment_success,Travel Blog,Khurja,Blue Pottery,CRB5632,2,1500
2026-07-13,u4012,page_view,Direct,Khurja,Pottery,,,
2026-07-13,u4013,page_view,Google Search,Jaipur,Warli Painting,,,
2026-07-13,u4014,page_view,Google Search,Varanasi,Pottery,,,
2026-07-13,u4014,experience_card_viewed,Google Search,Varanasi,Pottery,,,
2026-07-13,u4015,page_view,Instagram,Bangalore,Blue Pottery,,,
2026-07-13,u4015,experience_card_viewed,Instagram,Bangalore,Blue Pottery,,,
2026-07-13,u4016,page_view,Instagram,Udaipur,Blue Pottery,,,
2026-07-13,u4016,experience_card_viewed,Instagram,Udaipur,Blue Pottery,,,
2026-07-13,u4016,booking_started,Instagram,Udaipur,Blue Pottery,,,
2026-07-13,u4016,payment_success,Instagram,Udaipur,Blue Pottery,CRB5633,6,3500
2026-07-13,u4016,booking_completed,Instagram,Udaipur,Blue Pottery,CRB5633,6,3500
2026-07-13,u4016,review_submitted,Instagram,Udaipur,Blue Pottery,CRB5633,6,3500
2026-07-13,u4017,page_view,Referral,Khurja,Block Printing,,,
2026-07-13,u4018,page_view,Travel Blog,Udaipur,Block Printing,,,
2026-07-13,u4018,experience_card_viewed,Travel Blog,Udaipur,Block Printing,,,
2026-07-13,u4019,page_view,Instagram,Varanasi,Warli Painting,,,
2026-07-13,u4019,experience_card_viewed,Instagram,Varanasi,Warli Painting,,,
2026-07-13,u4020,page_view,Google Search,Bangalore,Weaving,,,
2026-07-13,u4020,experience_card_viewed,Google Search,Bangalore,Weaving,,,
2026-07-13,u4021,page_view,Instagram,Khurja,Blue Pottery,,,
2026-07-13,u4021,experience_card_viewed,Instagram,Khurja,Blue Pottery,,,
2026-07-13,u4022,page_view,Travel Blog,Bangalore,Blue Pottery,,,
2026-07-13,u4023,page_view,Referral,Bangalore,Block Printing,,,
2026-07-13,u4023,experience_card_viewed,Referral,Bangalore,Block Printing,,,
2026-07-13,u4024,page_view,Referral,Bangalore,Warli Painting,,,
2026-07-13,u4025,page_view,Google Search,Varanasi,Weaving,,,
2026-07-13,u4025,experience_card_viewed,Google Search,Varanasi,Weaving,,,
2026-07-13,u4025,booking_started,Google Search,Varanasi,Weaving,,,
2026-07-13,u4025,payment_success,Google Search,Varanasi,Weaving,CRB5634,1,3500
2026-07-13,u4025,booking_completed,Google Search,Varanasi,Weaving,CRB5634,1,3500
2026-07-13,u4025,review_submitted,Google Search,Varanasi,Weaving,CRB5634,1,3500
2026-07-13,u4026,page_view,Referral,Udaipur,Pottery,,,
2026-07-13,u4027,page_view,Direct,Varanasi,Block Printing,,,
2026-07-13,u4028,page_view,Travel Blog,Udaipur,Block Printing,,,
2026-07-13,u4029,page_view,Direct,Udaipur,Weaving,,,
2026-07-13,u4030,page_view,Direct,Varanasi,Warli Painting,,,
2026-07-13,u4031,page_view,Referral,Jaipur,Warli Painting,,,
2026-07-13,u4031,experience_card_viewed,Referral,Jaipur,Warli Painting,,,
2026-07-13,u4032,page_view,Direct,Varanasi,Block Printing,,,
2026-07-13,u4032,experience_card_viewed,Direct,Varanasi,Block Printing,,,
2026-07-13,u4032,booking_started,Direct,Varanasi,Block Printing,,,
2026-07-13,u4033,page_view,Direct,Varanasi,Pottery,,,
2026-07-13,u4033,experience_card_viewed,Direct,Varanasi,Pottery,,,
2026-07-13,u4034,page_view,Direct,Jaipur,Blue Pottery,,,
2026-07-13,u4034,experience_card_viewed,Direct,Jaipur,Blue Pottery,,,
2026-07-13,u4035,page_view,Instagram,Varanasi,Weaving,,,
2026-07-13,u4035,experience_card_viewed,Instagram,Varanasi,Weaving,,,
2026-07-13,u4036,page_view,Google Search,Bangalore,Blue Pottery,,,
2026-07-13,u4037,page_view,Google Search,Jaipur,Block Printing,,,
2026-07-13,u4037,experience_card_viewed,Google Search,Jaipur,Block Printing,,,
2026-07-13,u4037,booking_started,Google Search,Jaipur,Block Printing,,,
2026-07-13,u4037,payment_success,Google Search,Jaipur,Block Printing,CRB5635,10,2200
2026-07-13,u4037,booking_completed,Google Search,Jaipur,Block Printing,CRB5635,10,2200
2026-07-13,u4038,page_view,Direct,Varanasi,Weaving,,,
2026-07-13,u4039,page_view,Instagram,Bangalore,Warli Painting,,,
2026-07-13,u4039,booking_started,Instagram,Bangalore,Warli Painting,,,
2026-07-13,u4039,payment_success,Instagram,Bangalore,Warli Painting,CRB5636,1,2000
2026-07-13,u4039,booking_completed,Instagram,Bangalore,Warli Painting,CRB5636,1,2000
2026-07-13,u4040,page_view,Instagram,Bangalore,Weaving,,,
2026-07-13,u4040,experience_card_viewed,Instagram,Bangalore,Weaving,,,
2026-07-13,u4041,page_view,Instagram,Khurja,Blue Pottery,,,
2026-07-13,u4042,page_view,Instagram,Jaipur,Pottery,,,
2026-07-13,u4042,experience_card_viewed,Instagram,Jaipur,Pottery,,,
2026-07-13,u4043,page_view,Travel Blog,Udaipur,Block Printing,,,
2026-07-13,u4044,page_view,Direct,Varanasi,Pottery,,,
2026-07-13,u4044,experience_card_viewed,Direct,Varanasi,Pottery,,,
2026-07-13,u4045,page_view,Referral,Udaipur,Weaving,,,
2026-07-13,u4045,experience_card_viewed,Referral,Udaipur,Weaving,,,
2026-07-13,u4045,booking_started,Referral,Udaipur,Weaving,,,
2026-07-13,u4045,payment_success,Referral,Udaipur,Weaving,CRB5637,12,2500
2026-07-13,u4045,booking_completed,Referral,Udaipur,Weaving,CRB5637,12,2500
2026-07-13,u4046,page_view,Travel Blog,Jaipur,Block Printing,,,
2026-07-13,u4046,booking_started,Travel Blog,Jaipur,Block Printing,,,
2026-07-13,u4047,page_view,Instagram,Jaipur,Block Printing,,,
2026-07-13,u4047,booking_started,Instagram,Jaipur,Block Printing,,,
2026-07-13,u4047,payment_success,Instagram,Jaipur,Block Printing,CRB5638,2,1500
2026-07-13,u4047,booking_completed,Instagram,Jaipur,Block Printing,CRB5638,2,1500
2026-07-13,u4048,page_view,Direct,Jaipur,Blue Pottery,,,
2026-07-13,u4048,experience_card_viewed,Direct,Jaipur,Blue Pottery,,,
2026-07-13,u4049,page_view,Travel Blog,Bangalore,Blue Pottery,,,
2026-07-13,u4050,page_view,Referral,Jaipur,Blue Pottery,,,
2026-07-13,u4050,experience_card_viewed,Referral,Jaipur,Blue Pottery,,,
2026-07-13,u4051,page_view,Instagram,Varanasi,Weaving,,,
2026-07-13,u4052,page_view,Travel Blog,Khurja,Weaving,,,
2026-07-13,u4053,page_view,Google Search,Khurja,Block Printing,,,
2026-07-13,u4054,page_view,Google Search,Varanasi,Blue Pottery,,,
2026-07-13,u4054,booking_started,Google Search,Varanasi,Blue Pottery,,,
2026-07-13,u4054,payment_success,Google Search,Varanasi,Blue Pottery,CRB5639,10,2000
2026-07-13,u4054,booking_completed,Google Search,Varanasi,Blue Pottery,CRB5639,10,2000
2026-07-13,u4055,page_view,Travel Blog,Varanasi,Pottery,,,
2026-07-13,u4055,experience_card_viewed,Travel Blog,Varanasi,Pottery,,,
2026-07-13,u4056,page_view,Google Search,Bangalore,Pottery,,,
2026-07-13,u4056,experience_card_viewed,Google Search,Bangalore,Pottery,,,
2026-07-13,u4057,page_view,Instagram,Khurja,Weaving,,,
2026-07-13,u4057,experience_card_viewed,Instagram,Khurja,Weaving,,,
2026-07-13,u4058,page_view,Instagram,Khurja,Warli Painting,,,
2026-07-13,u4058,experience_card_viewed,Instagram,Khurja,Warli Painting,,,
2026-07-13,u4059,page_view,Travel Blog,Khurja,Pottery,,,
2026-07-13,u4060,page_view,Instagram,Udaipur,Pottery,,,
2026-07-13,u4061,page_view,Travel Blog,Udaipur,Pottery,,,
2026-07-13,u4061,experience_card_viewed,Travel Blog,Udaipur,Pottery,,,
2026-07-13,u4061,booking_started,Travel Blog,Udaipur,Pottery,,,
2026-07-13,u4061,payment_success,Travel Blog,Udaipur,Pottery,CRB5640,3,2500
2026-07-13,u4061,booking_completed,Travel Blog,Udaipur,Pottery,CRB5640,3,2500
2026-07-13,u4061,review_submitted,Travel Blog,Udaipur,Pottery,CRB5640,3,2500
2026-07-13,u4062,page_view,Google Search,Bangalore,Weaving,,,
2026-07-13,u4062,experience_card_viewed,Google Search,Bangalore,Weaving,,,
2026-07-13,u4063,page_view,Google Search,Varanasi,Block Printing,,,
2026-07-13,u4063,experience_card_viewed,Google Search,Varanasi,Block Printing,,,
2026-07-13,u4064,page_view,Referral,Udaipur,Weaving,,,
2026-07-13,u4065,page_view,Instagram,Varanasi,Block Printing,,,
2026-07-13,u4066,page_view,Referral,Varanasi,Warli Painting,,,
2026-07-13,u4066,experience_card_viewed,Referral,Varanasi,Warli Painting,,,
2026-07-13,u4067,page_view,Referral,Varanasi,Blue Pottery,,,
2026-07-13,u4067,experience_card_viewed,Referral,Varanasi,Blue Pottery,,,
2026-07-13,u4068,page_view,Google Search,Varanasi,Pottery,,,
2026-07-13,u4068,experience_card_viewed,Google Search,Varanasi,Pottery,,,
2026-07-13,u4069,page_view,Referral,Jaipur,Blue Pottery,,,
2026-07-13,u4069,experience_card_viewed,Referral,Jaipur,Blue Pottery,,,
2026-07-13,u4070,page_view,Direct,Udaipur,Pottery,,,
2026-07-13,u4070,experience_card_viewed,Direct,Udaipur,Pottery,,,
2026-07-13,u4071,page_view,Direct,Khurja,Block Printing,,,
2026-07-13,u4071,experience_card_viewed,Direct,Khurja,Block Printing,,,
2026-07-13,u4072,page_view,Direct,Jaipur,Pottery,,,
2026-07-13,u4072,experience_card_viewed,Direct,Jaipur,Pottery,,,
2026-07-13,u4073,page_view,Travel Blog,Jaipur,Block Printing,,,
2026-07-13,u4073,booking_started,Travel Blog,Jaipur,Block Printing,,,
2026-07-13,u4073,payment_success,Travel Blog,Jaipur,Block Printing,CRB5641,2,2200
2026-07-13,u4074,page_view,Direct,Khurja,Warli Painting,,,
2026-07-13,u4074,experience_card_viewed,Direct,Khurja,Warli Painting,,,
2026-07-13,u4075,page_view,Travel Blog,Bangalore,Blue Pottery,,,
2026-07-13,u4075,experience_card_viewed,Travel Blog,Bangalore,Blue Pottery,,,
2026-07-13,u4076,page_view,Direct,Udaipur,Pottery,,,
2026-07-13,u4076,experience_card_viewed,Direct,Udaipur,Pottery,,,
2026-07-13,u4076,booking_started,Direct,Udaipur,Pottery,,,
2026-07-13,u4076,payment_success,Direct,Udaipur,Pottery,CRB5642,12,3000
2026-07-13,u4076,booking_completed,Direct,Udaipur,Pottery,CRB5642,12,3000
2026-07-13,u4076,review_submitted,Direct,Udaipur,Pottery,CRB5642,12,3000
2026-07-13,u4077,page_view,Direct,Jaipur,Block Printing,,,
2026-07-13,u4077,experience_card_viewed,Direct,Jaipur,Block Printing,,,
2026-07-13,u4078,page_view,Referral,Udaipur,Blue Pottery,,,
2026-07-13,u4078,experience_card_viewed,Referral,Udaipur,Blue Pottery,,,
2026-07-13,u4078,booking_started,Referral,Udaipur,Blue Pottery,,,
2026-07-13,u4078,payment_success,Referral,Udaipur,Blue Pottery,CRB5643,2,3000
2026-07-13,u4078,booking_completed,Referral,Udaipur,Blue Pottery,CRB5643,2,3000
2026-07-13,u4079,page_view,Instagram,Varanasi,Pottery,,,
2026-07-13,u4079,experience_card_viewed,Instagram,Varanasi,Pottery,,,
2026-07-13,u4080,page_view,Direct,Bangalore,Warli Painting,,,
2026-07-13,u4080,experience_card_viewed,Direct,Bangalore,Warli Painting,,,
2026-07-13,u4081,page_view,Travel Blog,Varanasi,Weaving,,,
2026-07-13,u4081,experience_card_viewed,Travel Blog,Varanasi,Weaving,,,
2026-07-13,u4082,page_view,Direct,Jaipur,Block Printing,,,
2026-07-13,u4082,experience_card_viewed,Direct,Jaipur,Block Printing,,,
2026-07-13,u4083,page_view,Direct,Varanasi,Blue Pottery,,,
2026-07-13,u4083,experience_card_viewed,Direct,Varanasi,Blue Pottery,,,
2026-07-13,u4083,booking_started,Direct,Varanasi,Blue Pottery,,,
2026-07-13,u4084,page_view,Referral,Khurja,Block Printing,,,
2026-07-13,u4085,page_view,Travel Blog,Bangalore,Weaving,,,
2026-07-13,u4085,booking_started,Travel Blog,Bangalore,Weaving,,,
2026-07-13,u4085,payment_success,Travel Blog,Bangalore,Weaving,CRB5644,4,3000
2026-07-13,u4086,page_view,Direct,Udaipur,Warli Painting,,,
2026-07-13,u4086,experience_card_viewed,Direct,Udaipur,Warli Painting,,,
2026-07-13,u4086,booking_started,Direct,Udaipur,Warli Painting,,,
2026-07-13,u4087,page_view,Referral,Udaipur,Weaving,,,
2026-07-13,u4088,page_view,Direct,Khurja,Warli Painting,,,
2026-07-13,u4089,page_view,Instagram,Khurja,Pottery,,,
2026-07-13,u4089,experience_card_viewed,Instagram,Khurja,Pottery,,,
2026-07-13,u4090,page_view,Travel Blog,Bangalore,Warli Painting,,,
2026-07-13,u4091,page_view,Instagram,Khurja,Weaving,,,
2026-07-13,u4091,booking_started,Instagram,Khurja,Weaving,,,
2026-07-13,u4091,payment_success,Instagram,Khurja,Weaving,CRB5645,12,1500
2026-07-13,u4091,booking_completed,Instagram,Khurja,Weaving,CRB5645,12,1500
2026-07-13,u4092,page_view,Referral,Jaipur,Weaving,,,
2026-07-13,u4092,booking_started,Referral,Jaipur,Weaving,,,
2026-07-13,u4092,payment_success,Referral,Jaipur,Weaving,CRB5646,2,2500
2026-07-13,u4093,page_view,Google Search,Khurja,Block Printing,,,
2026-07-13,u4093,experience_card_viewed,Google Search,Khurja,Block Printing,,,
2026-07-13,u4094,page_view,Travel Blog,Bangalore,Block Printing,,,
2026-07-13,u4095,page_view,Direct,Udaipur,Warli Painting,,,
2026-07-13,u4095,experience_card_viewed,Direct,Udaipur,Warli Painting,,,
2026-07-13,u4096,page_view,Referral,Bangalore,Block Printing,,,
2026-07-13,u4096,booking_started,Referral,Bangalore,Block Printing,,,
2026-07-13,u4097,page_view,Direct,Khurja,Block Printing,,,
2026-07-13,u4097,experience_card_viewed,Direct,Khurja,Block Printing,,,
2026-07-13,u4098,page_view,Referral,Varanasi,Pottery,,,
2026-07-13,u4099,page_view,Travel Blog,Bangalore,Pottery,,,
2026-07-13,u4099,experience_card_viewed,Travel Blog,Bangalore,Pottery,,,
2026-07-13,u4100,page_view,Instagram,Varanasi,Warli Painting,,,
2026-07-13,u4100,booking_started,Instagram,Varanasi,Warli Painting,,,
2026-07-13,u4100,payment_success,Instagram,Varanasi,Warli Painting,CRB5647,1,3500
2026-07-13,u4100,booking_completed,Instagram,Varanasi,Warli Painting,CRB5647,1,3500
2026-07-13,u4100,review_submitted,Instagram,Varanasi,Warli Painting,CRB5647,1,3500
2026-07-13,u4101,page_view,Instagram,Jaipur,Warli Painting,,,
2026-07-13,u4101,experience_card_viewed,Instagram,Jaipur,Warli Painting,,,
2026-07-13,u4102,page_view,Instagram,Khurja,Warli Painting,,,
2026-07-13,u4102,experience_card_viewed,Instagram,Khurja,Warli Painting,,,
2026-07-13,u4103,page_view,Travel Blog,Varanasi,Pottery,,,
2026-07-13,u4104,page_view,Instagram,Khurja,Blue Pottery,,,
2026-07-13,u4104,experience_card_viewed,Instagram,Khurja,Blue Pottery,,,
2026-07-13,u4104,booking_started,Instagram,Khurja,Blue Pottery,,,
2026-07-13,u4104,payment_success,Instagram,Khurja,Blue Pottery,CRB5648,2,3500
2026-07-13,u4104,booking_completed,Instagram,Khurja,Blue Pottery,CRB5648,2,3500
2026-07-13,u4104,review_submitted,Instagram,Khurja,Blue Pottery,CRB5648,2,3500
2026-07-13,u4105,page_view,Google Search,Udaipur,Pottery,,,
2026-07-13,u4105,experience_card_viewed,Google Search,Udaipur,Pottery,,,
2026-07-13,u4106,page_view,Direct,Udaipur,Pottery,,,
2026-07-13,u4106,experience_card_viewed,Direct,Udaipur,Pottery,,,
2026-07-13,u4107,page_view,Travel Blog,Jaipur,Pottery,,,
2026-07-13,u4108,page_view,Direct,Udaipur,Warli Painting,,,
2026-07-13,u4108,experience_card_viewed,Direct,Udaipur,Warli Painting,,,
2026-07-13,u4109,page_view,Direct,Jaipur,Block Printing,,,
2026-07-13,u4110,page_view,Travel Blog,Jaipur,Weaving,,,
2026-07-13,u4111,page_view,Google Search,Jaipur,Weaving,,,
2026-07-13,u4112,page_view,Google Search,Bangalore,Blue Pottery,,,
2026-07-13,u4113,page_view,Instagram,Jaipur,Blue Pottery,,,
2026-07-13,u4113,experience_card_viewed,Instagram,Jaipur,Blue Pottery,,,
2026-07-13,u4114,page_view,Direct,Jaipur,Pottery,,,
2026-07-13,u4115,page_view,Travel Blog,Udaipur,Pottery,,,
2026-07-13,u4115,experience_card_viewed,Travel Blog,Udaipur,Pottery,,,
2026-07-13,u4116,page_view,Direct,Bangalore,Blue Pottery,,,
2026-07-13,u4117,page_view,Travel Blog,Jaipur,Weaving,,,
2026-07-13,u4118,page_view,Direct,Jaipur,Blue Pottery,,,
2026-07-13,u4118,booking_started,Direct,Jaipur,Blue Pottery,,,
2026-07-13,u4119,page_view,Travel Blog,Jaipur,Block Printing,,,
2026-07-13,u4120,page_view,Travel Blog,Varanasi,Pottery,,,
2026-07-13,u4120,experience_card_viewed,Travel Blog,Varanasi,Pottery,,,
2026-07-13,u4121,page_view,Referral,Udaipur,Weaving,,,
2026-07-13,u4121,experience_card_viewed,Referral,Udaipur,Weaving,,,
2026-07-13,u4122,page_view,Instagram,Jaipur,Pottery,,,
2026-07-13,u4123,page_view,Google Search,Udaipur,Pottery,,,
2026-07-13,u4123,experience_card_viewed,Google Search,Udaipur,Pottery,,,
2026-07-13,u4123,booking_started,Google Search,Udaipur,Pottery,,,
2026-07-13,u4123,payment_success,Google Search,Udaipur,Pottery,CRB5649,10,1800
2026-07-13,u4124,page_view,Referral,Varanasi,Blue Pottery,,,
2026-07-13,u4124,experience_card_viewed,Referral,Varanasi,Blue Pottery,,,
2026-07-13,u4125,page_view,Google Search,Bangalore,Weaving,,,
2026-07-13,u4126,page_view,Direct,Udaipur,Warli Painting,,,
2026-07-13,u4127,page_view,Travel Blog,Varanasi,Warli Painting,,,
2026-07-13,u4128,page_view,Instagram,Bangalore,Pottery,,,
2026-07-13,u4128,experience_card_viewed,Instagram,Bangalore,Pottery,,,
2026-07-13,u4129,page_view,Referral,Bangalore,Warli Painting,,,
2026-07-13,u4129,experience_card_viewed,Referral,Bangalore,Warli Painting,,,
2026-07-13,u4129,booking_started,Referral,Bangalore,Warli Painting,,,
2026-07-13,u4129,payment_success,Referral,Bangalore,Warli Painting,CRB5650,6,1500
2026-07-13,u4129,booking_completed,Referral,Bangalore,Warli Painting,CRB5650,6,1500
2026-07-13,u4129,review_submitted,Referral,Bangalore,Warli Painting,CRB5650,6,1500
2026-07-13,u4130,page_view,Travel Blog,Jaipur,Blue Pottery,,,
2026-07-13,u4130,experience_card_viewed,Travel Blog,Jaipur,Blue Pottery,,,
2026-07-13,u4130,booking_started,Travel Blog,Jaipur,Blue Pottery,,,
2026-07-13,u4130,payment_success,Travel Blog,Jaipur,Blue Pottery,CRB5651,10,3500
2026-07-13,u4130,booking_completed,Travel Blog,Jaipur,Blue Pottery,CRB5651,10,3500
2026-07-13,u4131,page_view,Instagram,Khurja,Weaving,,,
2026-07-13,u4132,page_view,Direct,Jaipur,Warli Painting,,,
2026-07-13,u4132,experience_card_viewed,Direct,Jaipur,Warli Painting,,,
2026-07-13,u4133,page_view,Travel Blog,Varanasi,Warli Painting,,,
2026-07-13,u4133,experience_card_viewed,Travel Blog,Varanasi,Warli Painting,,,
2026-07-13,u4133,booking_started,Travel Blog,Varanasi,Warli Painting,,,
2026-07-13,u4133,payment_success,Travel Blog,Varanasi,Warli Painting,CRB5652,12,2200
2026-07-13,u4133,booking_completed,Travel Blog,Varanasi,Warli Painting,CRB5652,12,2200
2026-07-13,u4133,review_submitted,Travel Blog,Varanasi,Warli Painting,CRB5652,12,2200
2026-07-13,u4134,page_view,Instagram,Varanasi,Pottery,,,
2026-07-13,u4134,experience_card_viewed,Instagram,Varanasi,Pottery,,,
2026-07-13,u4135,page_view,Travel Blog,Jaipur,Pottery,,,
2026-07-13,u4136,page_view,Referral,Varanasi,Pottery,,,
2026-07-13,u4137,page_view,Instagram,Khurja,Pottery,,,
2026-07-13,u4138,page_view,Referral,Udaipur,Blue Pottery,,,
2026-07-13,u4138,experience_card_viewed,Referral,Udaipur,Blue Pottery,,,
2026-07-13,u4138,booking_started,Referral,Udaipur,Blue Pottery,,,
2026-07-13,u4138,payment_success,Referral,Udaipur,Blue Pottery,CRB5653,1,1500
2026-07-13,u4138,booking_completed,Referral,Udaipur,Blue Pottery,CRB5653,1,1500
2026-07-13,u4139,page_view,Google Search,Khurja,Weaving,,,
2026-07-13,u4139,experience_card_viewed,Google Search,Khurja,Weaving,,,
2026-07-13,u4140,page_view,Direct,Jaipur,Block Printing,,,
2026-07-13,u4141,page_view,Referral,Jaipur,Pottery,,,
2026-07-13,u4141,experience_card_viewed,Referral,Jaipur,Pottery,,,
2026-07-13,u4141,booking_started,Referral,Jaipur,Pottery,,,
2026-07-13,u4142,page_view,Instagram,Bangalore,Warli Painting,,,
2026-07-13,u4142,experience_card_viewed,Instagram,Bangalore,Warli Painting,,,
2026-07-13,u4143,page_view,Referral,Bangalore,Blue Pottery,,,
2026-07-13,u4143,experience_card_viewed,Referral,Bangalore,Blue Pottery,,,
2026-07-13,u4143,booking_started,Referral,Bangalore,Blue Pottery,,,
2026-07-13,u4143,payment_success,Referral,Bangalore,Blue Pottery,CRB5654,12,3500
2026-07-13,u4143,booking_completed,Referral,Bangalore,Blue Pottery,CRB5654,12,3500
2026-07-13,u4143,review_submitted,Referral,Bangalore,Blue Pottery,CRB5654,12,3500
2026-07-13,u4144,page_view,Travel Blog,Jaipur,Block Printing,,,
2026-07-13,u4145,page_view,Instagram,Khurja,Weaving,,,
2026-07-13,u4145,experience_card_viewed,Instagram,Khurja,Weaving,,,
2026-07-13,u4146,page_view,Travel Blog,Khurja,Block Printing,,,
2026-07-13,u4146,experience_card_viewed,Travel Blog,Khurja,Block Printing,,,
2026-07-13,u4146,booking_started,Travel Blog,Khurja,Block Printing,,,
2026-07-13,u4146,payment_success,Travel Blog,Khurja,Block Printing,CRB5655,2,1500
2026-07-13,u4147,page_view,Direct,Varanasi,Pottery,,,
2026-07-13,u4147,experience_card_viewed,Direct,Varanasi,Pottery,,,
2026-07-13,u4148,page_view,Google Search,Jaipur,Warli Painting,,,
2026-07-13,u4148,experience_card_viewed,Google Search,Jaipur,Warli Painting,,,
2026-07-13,u4149,page_view,Direct,Bangalore,Block Printing,,,
2026-07-13,u4149,experience_card_viewed,Direct,Bangalore,Block Printing,,,
2026-07-13,u4150,page_view,Direct,Varanasi,Block Printing,,,
2026-07-13,u4150,experience_card_viewed,Direct,Varanasi,Block Printing,,,
2026-07-13,u4151,page_view,Google Search,Varanasi,Warli Painting,,,
2026-07-13,u4151,booking_started,Google Search,Varanasi,Warli Painting,,,
2026-07-13,u4151,payment_success,Google Search,Varanasi,Warli Painting,CRB5656,12,1500
2026-07-13,u4151,booking_completed,Google Search,Varanasi,Warli Painting,CRB5656,12,1500
2026-07-13,u4152,page_view,Instagram,Khurja,Warli Painting,,,
2026-07-13,u4153,page_view,Direct,Udaipur,Block Printing,,,
2026-07-13,u4154,page_view,Google Search,Jaipur,Block Printing,,,
2026-07-13,u4154,booking_started,Google Search,Jaipur,Block Printing,,,
2026-07-13,u4155,page_view,Referral,Udaipur,Block Printing,,,
2026-07-13,u4155,booking_started,Referral,Udaipur,Block Printing,,,
2026-07-13,u4155,payment_success,Referral,Udaipur,Block Printing,CRB5657,2,2200
2026-07-13,u4155,booking_completed,Referral,Udaipur,Block Printing,CRB5657,2,2200
2026-07-13,u4156,page_view,Google Search,Varanasi,Weaving,,,
2026-07-13,u4157,page_view,Google Search,Khurja,Weaving,,,
2026-07-13,u4157,experience_card_viewed,Google Search,Khurja,Weaving,,,
2026-07-13,u4158,page_view,Instagram,Khurja,Weaving,,,
2026-07-13,u4158,experience_card_viewed,Instagram,Khurja,Weaving,,,
2026-07-13,u4159,page_view,Referral,Jaipur,Pottery,,,
2026-07-13,u4160,page_view,Instagram,Bangalore,Weaving,,,
2026-07-13,u4160,experience_card_viewed,Instagram,Bangalore,Weaving,,,
2026-07-13,u4161,page_view,Travel Blog,Khurja,Blue Pottery,,,
2026-07-13,u4161,booking_started,Travel Blog,Khurja,Blue Pottery,,,
2026-07-13,u4161,payment_success,Travel Blog,Khurja,Blue Pottery,CRB5658,6,2000
2026-07-13,u4161,booking_completed,Travel Blog,Khurja,Blue Pottery,CRB5658,6,2000
2026-07-13,u4162,page_view,Referral,Bangalore,Block Printing,,,
2026-07-13,u4163,page_view,Referral,Varanasi,Weaving,,,
2026-07-13,u4164,page_view,Travel Blog,Jaipur,Pottery,,,
2026-07-13,u4164,experience_card_viewed,Travel Blog,Jaipur,Pottery,,,
2026-07-13,u4165,page_view,Instagram,Varanasi,Warli Painting,,,
2026-07-13,u4166,page_view,Google Search,Udaipur,Warli Painting,,,
2026-07-13,u4167,page_view,Referral,Bangalore,Warli Painting,,,
2026-07-13,u4167,booking_started,Referral,Bangalore,Warli Painting,,,
2026-07-13,u4167,payment_success,Referral,Bangalore,Warli Painting,CRB5659,10,1800
2026-07-13,u4167,booking_completed,Referral,Bangalore,Warli Painting,CRB5659,10,1800
2026-07-13,u4167,review_submitted,Referral,Bangalore,Warli Painting,CRB5659,10,1800
2026-07-13,u4168,page_view,Travel Blog,Varanasi,Block Printing,,,
2026-07-13,u4168,experience_card_viewed,Travel Blog,Varanasi,Block Printing,,,
2026-07-13,u4168,booking_started,Travel Blog,Varanasi,Block Printing,,,
2026-07-13,u4169,page_view,Direct,Jaipur,Warli Painting,,,
2026-07-13,u4169,experience_card_viewed,Direct,Jaipur,Warli Painting,,,
2026-07-13,u4169,booking_started,Direct,Jaipur,Warli Painting,,,
2026-07-13,u4169,payment_success,Direct,Jaipur,Warli Painting,CRB5660,2,1500
2026-07-13,u4169,booking_completed,Direct,Jaipur,Warli Painting,CRB5660,2,1500
2026-07-13,u4169,review_submitted,Direct,Jaipur,Warli Painting,CRB5660,2,1500
2026-07-13,u4170,page_view,Direct,Khurja,Pottery,,,
2026-07-13,u4171,page_view,Referral,Bangalore,Weaving,,,
2026-07-13,u4171,experience_card_viewed,Referral,Bangalore,Weaving,,,
2026-07-13,u4171,booking_started,Referral,Bangalore,Weaving,,,
2026-07-13,u4172,page_view,Instagram,Bangalore,Pottery,,,
2026-07-13,u4172,experience_card_viewed,Instagram,Bangalore,Pottery,,,
2026-07-13,u4173,page_view,Direct,Udaipur,Weaving,,,
2026-07-13,u4173,experience_card_viewed,Direct,Udaipur,Weaving,,,
2026-07-13,u4173,booking_started,Direct,Udaipur,Weaving,,,
2026-07-13,u4173,payment_success,Direct,Udaipur,Weaving,CRB5661,1,1800
2026-07-13,u4173,booking_completed,Direct,Udaipur,Weaving,CRB5661,1,1800
2026-07-13,u4173,review_submitted,Direct,Udaipur,Weaving,CRB5661,1,1800
2026-07-13,u4174,page_view,Referral,Varanasi,Block Printing,,,
2026-07-13,u4175,page_view,Instagram,Jaipur,Block Printing,,,
2026-07-13,u4175,experience_card_viewed,Instagram,Jaipur,Block Printing,,,
2026-07-13,u4176,page_view,Google Search,Varanasi,Blue Pottery,,,
2026-07-13,u4176,experience_card_viewed,Google Search,Varanasi,Blue Pottery,,,
2026-07-13,u4177,page_view,Direct,Jaipur,Block Printing,,,
2026-07-13,u4177,experience_card_viewed,Direct,Jaipur,Block Printing,,,
2026-07-13,u4178,page_view,Direct,Jaipur,Block Printing,,,
2026-07-13,u4178,experience_card_viewed,Direct,Jaipur,Block Printing,,,
2026-07-13,u4179,page_view,Instagram,Jaipur,Warli Painting,,,
2026-07-13,u4180,page_view,Travel Blog,Bangalore,Pottery,,,
2026-07-13,u4180,booking_started,Travel Blog,Bangalore,Pottery,,,
2026-07-13,u4180,payment_success,Travel Blog,Bangalore,Pottery,CRB5662,12,3000
2026-07-13,u4180,booking_completed,Travel Blog,Bangalore,Pottery,CRB5662,12,3000
2026-07-13,u4181,page_view,Direct,Jaipur,Blue Pottery,,,
2026-07-13,u4181,experience_card_viewed,Direct,Jaipur,Blue Pottery,,,
2026-07-13,u4182,page_view,Referral,Varanasi,Warli Painting,,,
2026-07-13,u4183,page_view,Direct,Udaipur,Blue Pottery,,,
2026-07-13,u4184,page_view,Instagram,Jaipur,Block Printing,,,
2026-07-13,u4185,page_view,Direct,Bangalore,Weaving,,,
2026-07-13,u4185,booking_started,Direct,Bangalore,Weaving,,,
2026-07-13,u4185,payment_success,Direct,Bangalore,Weaving,CRB5663,2,3000
2026-07-13,u4185,booking_completed,Direct,Bangalore,Weaving,CRB5663,2,3000
2026-07-13,u4186,page_view,Instagram,Bangalore,Warli Painting,,,
2026-07-13,u4187,page_view,Referral,Bangalore,Pottery,,,
2026-07-13,u4188,page_view,Referral,Khurja,Block Printing,,,
2026-07-13,u4188,experience_card_viewed,Referral,Khurja,Block Printing,,,
2026-07-13,u4188,booking_started,Referral,Khurja,Block Printing,,,
2026-07-13,u4189,page_view,Instagram,Jaipur,Weaving,,,
2026-07-13,u4189,experience_card_viewed,Instagram,Jaipur,Weaving,,,
2026-07-13,u4190,page_view,Referral,Udaipur,Blue Pottery,,,
2026-07-13,u4190,experience_card_viewed,Referral,Udaipur,Blue Pottery,,,
2026-07-13,u4191,page_view,Direct,Bangalore,Warli Painting,,,
2026-07-13,u4191,experience_card_viewed,Direct,Bangalore,Warli Painting,,,
2026-07-14,u4192,page_view,Travel Blog,Udaipur,Blue Pottery,,,
2026-07-14,u4192,experience_card_viewed,Travel Blog,Udaipur,Blue Pottery,,,
2026-07-14,u4192,booking_started,Travel Blog,Udaipur,Blue Pottery,,,
2026-07-14,u4192,payment_success,Travel Blog,Udaipur,Blue Pottery,CRB5664,2,2000
2026-07-14,u4192,booking_completed,Travel Blog,Udaipur,Blue Pottery,CRB5664,2,2000
2026-07-14,u4193,page_view,Direct,Khurja,Pottery,,,
2026-07-14,u4194,page_view,Direct,Varanasi,Block Printing,,,
2026-07-14,u4194,experience_card_viewed,Direct,Varanasi,Block Printing,,,
2026-07-14,u4195,page_view,Google Search,Jaipur,Warli Painting,,,
2026-07-14,u4195,experience_card_viewed,Google Search,Jaipur,Warli Painting,,,
2026-07-14,u4196,page_view,Travel Blog,Varanasi,Weaving,,,
2026-07-14,u4197,page_view,Referral,Khurja,Blue Pottery,,,
2026-07-14,u4197,experience_card_viewed,Referral,Khurja,Blue Pottery,,,
2026-07-14,u4198,page_view,Google Search,Varanasi,Blue Pottery,,,
2026-07-14,u4198,experience_card_viewed,Google Search,Varanasi,Blue Pottery,,,
2026-07-14,u4199,page_view,Google Search,Bangalore,Block Printing,,,
2026-07-14,u4200,page_view,Google Search,Bangalore,Weaving,,,
2026-07-14,u4200,experience_card_viewed,Google Search,Bangalore,Weaving,,,
2026-07-14,u4200,booking_started,Google Search,Bangalore,Weaving,,,
2026-07-14,u4200,payment_success,Google Search,Bangalore,Weaving,CRB5665,2,3000
2026-07-14,u4200,booking_completed,Google Search,Bangalore,Weaving,CRB5665,2,3000
2026-07-14,u4201,page_view,Travel Blog,Jaipur,Block Printing,,,
2026-07-14,u4201,experience_card_viewed,Travel Blog,Jaipur,Block Printing,,,
2026-07-14,u4202,page_view,Google Search,Jaipur,Weaving,,,
2026-07-14,u4202,experience_card_viewed,Google Search,Jaipur,Weaving,,,
2026-07-14,u4202,booking_started,Google Search,Jaipur,Weaving,,,
2026-07-14,u4202,payment_success,Google Search,Jaipur,Weaving,CRB5666,3,2500
2026-07-14,u4202,booking_completed,Google Search,Jaipur,Weaving,CRB5666,3,2500
2026-07-14,u4202,review_submitted,Google Search,Jaipur,Weaving,CRB5666,3,2500
2026-07-14,u4203,page_view,Direct,Udaipur,Block Printing,,,
2026-07-14,u4203,experience_card_viewed,Direct,Udaipur,Block Printing,,,
2026-07-14,u4203,booking_started,Direct,Udaipur,Block Printing,,,
2026-07-14,u4203,payment_success,Direct,Udaipur,Block Printing,CRB5667,4,2500
2026-07-14,u4203,booking_completed,Direct,Udaipur,Block Printing,CRB5667,4,2500
2026-07-14,u4203,review_submitted,Direct,Udaipur,Block Printing,CRB5667,4,2500
2026-07-14,u4204,page_view,Referral,Varanasi,Blue Pottery,,,
2026-07-14,u4205,page_view,Referral,Khurja,Pottery,,,
2026-07-14,u4206,page_view,Google Search,Varanasi,Blue Pottery,,,
2026-07-14,u4206,booking_started,Google Search,Varanasi,Blue Pottery,,,
2026-07-14,u4206,payment_success,Google Search,Varanasi,Blue Pottery,CRB5668,6,1800
2026-07-14,u4206,booking_completed,Google Search,Varanasi,Blue Pottery,CRB5668,6,1800
2026-07-14,u4207,page_view,Google Search,Varanasi,Pottery,,,
2026-07-14,u4207,experience_card_viewed,Google Search,Varanasi,Pottery,,,
2026-07-14,u4208,page_view,Instagram,Udaipur,Blue Pottery,,,
2026-07-14,u4208,booking_started,Instagram,Udaipur,Blue Pottery,,,
2026-07-14,u4208,payment_success,Instagram,Udaipur,Blue Pottery,CRB5669,2,3000
2026-07-14,u4208,booking_completed,Instagram,Udaipur,Blue Pottery,CRB5669,2,3000
2026-07-14,u4209,page_view,Instagram,Bangalore,Blue Pottery,,,
2026-07-14,u4210,page_view,Travel Blog,Varanasi,Blue Pottery,,,
2026-07-14,u4211,page_view,Referral,Jaipur,Warli Painting,,,
2026-07-14,u4212,page_view,Travel Blog,Bangalore,Blue Pottery,,,
2026-07-14,u4212,experience_card_viewed,Travel Blog,Bangalore,Blue Pottery,,,
2026-07-14,u4213,page_view,Direct,Varanasi,Blue Pottery,,,
2026-07-14,u4213,experience_card_viewed,Direct,Varanasi,Blue Pottery,,,
2026-07-14,u4213,booking_started,Direct,Varanasi,Blue Pottery,,,
2026-07-14,u4213,payment_success,Direct,Varanasi,Blue Pottery,CRB5670,1,3000
2026-07-14,u4213,booking_completed,Direct,Varanasi,Blue Pottery,CRB5670,1,3000
2026-07-14,u4213,review_submitted,Direct,Varanasi,Blue Pottery,CRB5670,1,3000
2026-07-14,u4214,page_view,Direct,Udaipur,Weaving,,,
2026-07-14,u4214,booking_started,Direct,Udaipur,Weaving,,,
2026-07-14,u4214,payment_success,Direct,Udaipur,Weaving,CRB5671,4,3500
2026-07-14,u4214,booking_completed,Direct,Udaipur,Weaving,CRB5671,4,3500
2026-07-14,u4214,review_submitted,Direct,Udaipur,Weaving,CRB5671,4,3500
2026-07-14,u4215,page_view,Google Search,Jaipur,Weaving,,,
2026-07-14,u4216,page_view,Referral,Bangalore,Weaving,,,
2026-07-14,u4216,experience_card_viewed,Referral,Bangalore,Weaving,,,
2026-07-14,u4216,booking_started,Referral,Bangalore,Weaving,,,
2026-07-14,u4217,page_view,Instagram,Udaipur,Weaving,,,
2026-07-14,u4218,page_view,Instagram,Jaipur,Block Printing,,,
2026-07-14,u4219,page_view,Google Search,Bangalore,Warli Painting,,,
2026-07-14,u4219,experience_card_viewed,Google Search,Bangalore,Warli Painting,,,
2026-07-14,u4219,booking_started,Google Search,Bangalore,Warli Painting,,,
2026-07-14,u4219,payment_success,Google Search,Bangalore,Warli Painting,CRB5672,10,1800
2026-07-14,u4219,booking_completed,Google Search,Bangalore,Warli Painting,CRB5672,10,1800
2026-07-14,u4219,review_submitted,Google Search,Bangalore,Warli Painting,CRB5672,10,1800
2026-07-14,u4220,page_view,Instagram,Bangalore,Warli Painting,,,
2026-07-14,u4220,experience_card_viewed,Instagram,Bangalore,Warli Painting,,,
2026-07-14,u4221,page_view,Direct,Jaipur,Blue Pottery,,,
2026-07-14,u4221,experience_card_viewed,Direct,Jaipur,Blue Pottery,,,
2026-07-14,u4222,page_view,Instagram,Varanasi,Block Printing,,,
2026-07-14,u4223,page_view,Google Search,Jaipur,Pottery,,,
2026-07-14,u4224,page_view,Google Search,Varanasi,Block Printing,,,
2026-07-14,u4224,booking_started,Google Search,Varanasi,Block Printing,,,
2026-07-14,u4225,page_view,Instagram,Udaipur,Block Printing,,,
2026-07-14,u4225,experience_card_viewed,Instagram,Udaipur,Block Printing,,,
2026-07-14,u4226,page_view,Direct,Udaipur,Block Printing,,,
2026-07-14,u4226,booking_started,Direct,Udaipur,Block Printing,,,
2026-07-14,u4226,payment_success,Direct,Udaipur,Block Printing,CRB5673,10,1500
2026-07-14,u4227,page_view,Google Search,Jaipur,Warli Painting,,,
2026-07-14,u4227,experience_card_viewed,Google Search,Jaipur,Warli Painting,,,
2026-07-14,u4228,page_view,Direct,Bangalore,Block Printing,,,
2026-07-14,u4228,experience_card_viewed,Direct,Bangalore,Block Printing,,,
2026-07-14,u4229,page_view,Instagram,Jaipur,Pottery,,,
2026-07-14,u4229,experience_card_viewed,Instagram,Jaipur,Pottery,,,
2026-07-14,u4230,page_view,Instagram,Khurja,Block Printing,,,
2026-07-14,u4231,page_view,Instagram,Bangalore,Blue Pottery,,,
2026-07-14,u4232,page_view,Instagram,Jaipur,Blue Pottery,,,
2026-07-14,u4232,booking_started,Instagram,Jaipur,Blue Pottery,,,
2026-07-14,u4233,page_view,Referral,Bangalore,Block Printing,,,
2026-07-14,u4233,booking_started,Referral,Bangalore,Block Printing,,,
2026-07-14,u4233,payment_success,Referral,Bangalore,Block Printing,CRB5674,4,3500
2026-07-14,u4234,page_view,Instagram,Jaipur,Block Printing,,,
2026-07-14,u4234,experience_card_viewed,Instagram,Jaipur,Block Printing,,,
2026-07-14,u4235,page_view,Google Search,Varanasi,Warli Painting,,,
2026-07-14,u4235,experience_card_viewed,Google Search,Varanasi,Warli Painting,,,
2026-07-14,u4235,booking_started,Google Search,Varanasi,Warli Painting,,,
2026-07-14,u4235,payment_success,Google Search,Varanasi,Warli Painting,CRB5675,2,2500
2026-07-14,u4235,booking_completed,Google Search,Varanasi,Warli Painting,CRB5675,2,2500
2026-07-14,u4236,page_view,Travel Blog,Bangalore,Block Printing,,,
2026-07-14,u4237,page_view,Travel Blog,Jaipur,Blue Pottery,,,
2026-07-14,u4237,experience_card_viewed,Travel Blog,Jaipur,Blue Pottery,,,
2026-07-14,u4238,page_view,Instagram,Bangalore,Blue Pottery,,,
2026-07-14,u4238,booking_started,Instagram,Bangalore,Blue Pottery,,,
2026-07-14,u4239,page_view,Direct,Bangalore,Blue Pottery,,,
2026-07-14,u4239,experience_card_viewed,Direct,Bangalore,Blue Pottery,,,
2026-07-14,u4240,page_view,Instagram,Bangalore,Pottery,,,
2026-07-14,u4240,experience_card_viewed,Instagram,Bangalore,Pottery,,,
2026-07-14,u4241,page_view,Instagram,Udaipur,Blue Pottery,,,
2026-07-14,u4241,booking_started,Instagram,Udaipur,Blue Pottery,,,
2026-07-14,u4242,page_view,Google Search,Varanasi,Warli Painting,,,
2026-07-14,u4242,experience_card_viewed,Google Search,Varanasi,Warli Painting,,,
2026-07-14,u4243,page_view,Direct,Varanasi,Weaving,,,
2026-07-14,u4243,experience_card_viewed,Direct,Varanasi,Weaving,,,
2026-07-14,u4244,page_view,Instagram,Jaipur,Pottery,,,
2026-07-14,u4245,page_view,Referral,Khurja,Pottery,,,
2026-07-14,u4245,experience_card_viewed,Referral,Khurja,Pottery,,,
2026-07-14,u4246,page_view,Google Search,Khurja,Block Printing,,,
2026-07-14,u4246,experience_card_viewed,Google Search,Khurja,Block Printing,,,
2026-07-14,u4246,booking_started,Google Search,Khurja,Block Printing,,,
2026-07-14,u4247,page_view,Direct,Udaipur,Warli Painting,,,
2026-07-14,u4247,experience_card_viewed,Direct,Udaipur,Warli Painting,,,
2026-07-14,u4248,page_view,Travel Blog,Udaipur,Block Printing,,,
2026-07-14,u4248,experience_card_viewed,Travel Blog,Udaipur,Block Printing,,,
2026-07-14,u4249,page_view,Referral,Jaipur,Blue Pottery,,,
2026-07-14,u4249,booking_started,Referral,Jaipur,Blue Pottery,,,
2026-07-14,u4249,payment_success,Referral,Jaipur,Blue Pottery,CRB5676,6,3000
2026-07-14,u4249,booking_completed,Referral,Jaipur,Blue Pottery,CRB5676,6,3000
2026-07-14,u4250,page_view,Instagram,Udaipur,Weaving,,,
2026-07-14,u4251,page_view,Instagram,Udaipur,Block Printing,,,
2026-07-14,u4251,experience_card_viewed,Instagram,Udaipur,Block Printing,,,
2026-07-14,u4252,page_view,Direct,Varanasi,Pottery,,,
2026-07-14,u4252,experience_card_viewed,Direct,Varanasi,Pottery,,,
2026-07-14,u4252,booking_started,Direct,Varanasi,Pottery,,,
2026-07-14,u4253,page_view,Instagram,Bangalore,Warli Painting,,,
2026-07-14,u4254,page_view,Referral,Bangalore,Weaving,,,
2026-07-14,u4254,experience_card_viewed,Referral,Bangalore,Weaving,,,
2026-07-14,u4254,booking_started,Referral,Bangalore,Weaving,,,
2026-07-14,u4254,payment_success,Referral,Bangalore,Weaving,CRB5677,2,3000
2026-07-14,u4254,booking_completed,Referral,Bangalore,Weaving,CRB5677,2,3000
2026-07-14,u4255,page_view,Instagram,Khurja,Block Printing,,,
2026-07-14,u4255,experience_card_viewed,Instagram,Khurja,Block Printing,,,
2026-07-14,u4255,booking_started,Instagram,Khurja,Block Printing,,,
2026-07-14,u4255,payment_success,Instagram,Khurja,Block Printing,CRB5678,6,3500
2026-07-14,u4255,booking_completed,Instagram,Khurja,Block Printing,CRB5678,6,3500
2026-07-14,u4256,page_view,Google Search,Khurja,Warli Painting,,,
2026-07-14,u4256,booking_started,Google Search,Khurja,Warli Painting,,,
2026-07-14,u4256,payment_success,Google Search,Khurja,Warli Painting,CRB5679,2,1500
2026-07-14,u4256,booking_completed,Google Search,Khurja,Warli Painting,CRB5679,2,1500
2026-07-14,u4257,page_view,Referral,Khurja,Blue Pottery,,,
2026-07-14,u4257,experience_card_viewed,Referral,Khurja,Blue Pottery,,,
2026-07-14,u4258,page_view,Travel Blog,Jaipur,Weaving,,,
2026-07-14,u4258,experience_card_viewed,Travel Blog,Jaipur,Weaving,,,
2026-07-14,u4259,page_view,Referral,Jaipur,Pottery,,,
2026-07-14,u4259,booking_started,Referral,Jaipur,Pottery,,,
2026-07-14,u4259,payment_success,Referral,Jaipur,Pottery,CRB5680,12,2000
2026-07-14,u4259,booking_completed,Referral,Jaipur,Pottery,CRB5680,12,2000
2026-07-14,u4259,review_submitted,Referral,Jaipur,Pottery,CRB5680,12,2000
2026-07-14,u4260,page_view,Instagram,Varanasi,Weaving,,,
2026-07-14,u4260,experience_card_viewed,Instagram,Varanasi,Weaving,,,
2026-07-14,u4261,page_view,Instagram,Bangalore,Blue Pottery,,,
2026-07-14,u4261,experience_card_viewed,Instagram,Bangalore,Blue Pottery,,,
2026-07-14,u4262,page_view,Instagram,Khurja,Weaving,,,
2026-07-14,u4263,page_view,Referral,Varanasi,Blue Pottery,,,
2026-07-14,u4264,page_view,Instagram,Varanasi,Block Printing,,,
2026-07-14,u4264,experience_card_viewed,Instagram,Varanasi,Block Printing,,,
2026-07-14,u4264,booking_started,Instagram,Varanasi,Block Printing,,,
2026-07-14,u4264,payment_success,Instagram,Varanasi,Block Printing,CRB5681,12,1500
2026-07-14,u4264,booking_completed,Instagram,Varanasi,Block Printing,CRB5681,12,1500
2026-07-14,u4265,page_view,Instagram,Khurja,Block Printing,,,
2026-07-14,u4265,experience_card_viewed,Instagram,Khurja,Block Printing,,,
2026-07-14,u4266,page_view,Google Search,Bangalore,Block Printing,,,
2026-07-14,u4267,page_view,Referral,Jaipur,Weaving,,,
2026-07-14,u4267,experience_card_viewed,Referral,Jaipur,Weaving,,,
2026-07-14,u4268,page_view,Travel Blog,Khurja,Blue Pottery,,,
2026-07-14,u4268,experience_card_viewed,Travel Blog,Khurja,Blue Pottery,,,
2026-07-14,u4269,page_view,Referral,Varanasi,Blue Pottery,,,
2026-07-14,u4270,page_view,Google Search,Udaipur,Pottery,,,
2026-07-14,u4271,page_view,Instagram,Udaipur,Blue Pottery,,,
2026-07-14,u4271,experience_card_viewed,Instagram,Udaipur,Blue Pottery,,,
2026-07-14,u4271,booking_started,Instagram,Udaipur,Blue Pottery,,,
2026-07-14,u4271,payment_success,Instagram,Udaipur,Blue Pottery,CRB5682,10,3000
2026-07-14,u4271,booking_completed,Instagram,Udaipur,Blue Pottery,CRB5682,10,3000
2026-07-14,u4272,page_view,Direct,Udaipur,Blue Pottery,,,
2026-07-14,u4272,experience_card_viewed,Direct,Udaipur,Blue Pottery,,,
2026-07-14,u4272,booking_started,Direct,Udaipur,Blue Pottery,,,
2026-07-14,u4272,payment_success,Direct,Udaipur,Blue Pottery,CRB5683,3,2500
2026-07-14,u4272,booking_completed,Direct,Udaipur,Blue Pottery,CRB5683,3,2500
2026-07-14,u4273,page_view,Instagram,Varanasi,Warli Painting,,,
2026-07-14,u4274,page_view,Travel Blog,Bangalore,Pottery,,,
2026-07-14,u4274,experience_card_viewed,Travel Blog,Bangalore,Pottery,,,
2026-07-14,u4275,page_view,Referral,Khurja,Weaving,,,
2026-07-14,u4275,experience_card_viewed,Referral,Khurja,Weaving,,,
2026-07-14,u4276,page_view,Direct,Bangalore,Pottery,,,
2026-07-14,u4276,experience_card_viewed,Direct,Bangalore,Pottery,,,
2026-07-14,u4277,page_view,Instagram,Varanasi,Warli Painting,,,
2026-07-14,u4278,page_view,Referral,Jaipur,Weaving,,,
2026-07-14,u4278,experience_card_viewed,Referral,Jaipur,Weaving,,,
2026-07-14,u4279,page_view,Referral,Udaipur,Blue Pottery,,,
2026-07-14,u4279,experience_card_viewed,Referral,Udaipur,Blue Pottery,,,
2026-07-14,u4280,page_view,Direct,Udaipur,Blue Pottery,,,
2026-07-14,u4281,page_view,Google Search,Udaipur,Block Printing,,,
2026-07-14,u4282,page_view,Google Search,Bangalore,Weaving,,,
2026-07-14,u4282,experience_card_viewed,Google Search,Bangalore,Weaving,,,
2026-07-14,u4282,booking_started,Google Search,Bangalore,Weaving,,,
2026-07-14,u4282,payment_success,Google Search,Bangalore,Weaving,CRB5684,10,3000
2026-07-14,u4282,booking_completed,Google Search,Bangalore,Weaving,CRB5684,10,3000
2026-07-14,u4283,page_view,Google Search,Udaipur,Block Printing,,,
2026-07-14,u4283,experience_card_viewed,Google Search,Udaipur,Block Printing,,,
2026-07-14,u4283,booking_started,Google Search,Udaipur,Block Printing,,,
2026-07-14,u4283,payment_success,Google Search,Udaipur,Block Printing,CRB5685,6,3000
2026-07-14,u4283,booking_completed,Google Search,Udaipur,Block Printing,CRB5685,6,3000
2026-07-14,u4283,review_submitted,Google Search,Udaipur,Block Printing,CRB5685,6,3000
2026-07-14,u4284,page_view,Google Search,Jaipur,Weaving,,,
2026-07-14,u4284,experience_card_viewed,Google Search,Jaipur,Weaving,,,
2026-07-14,u4285,page_view,Referral,Jaipur,Weaving,,,
2026-07-14,u4285,experience_card_viewed,Referral,Jaipur,Weaving,,,
2026-07-14,u4286,page_view,Direct,Bangalore,Pottery,,,
2026-07-14,u4286,experience_card_viewed,Direct,Bangalore,Pottery,,,
2026-07-14,u4286,booking_started,Direct,Bangalore,Pottery,,,
2026-07-14,u4286,payment_success,Direct,Bangalore,Pottery,CRB5686,10,2500
2026-07-14,u4286,booking_completed,Direct,Bangalore,Pottery,CRB5686,10,2500
2026-07-14,u4287,page_view,Travel Blog,Bangalore,Warli Painting,,,
2026-07-14,u4287,experience_card_viewed,Travel Blog,Bangalore,Warli Painting,,,
2026-07-14,u4288,page_view,Referral,Khurja,Blue Pottery,,,
2026-07-14,u4288,experience_card_viewed,Referral,Khurja,Blue Pottery,,,
2026-07-14,u4289,page_view,Instagram,Udaipur,Warli Painting,,,
2026-07-14,u4289,experience_card_viewed,Instagram,Udaipur,Warli Painting,,,
2026-07-14,u4289,booking_started,Instagram,Udaipur,Warli Painting,,,
2026-07-14,u4289,payment_success,Instagram,Udaipur,Warli Painting,CRB5687,1,1800
2026-07-14,u4289,booking_completed,Instagram,Udaipur,Warli Painting,CRB5687,1,1800
2026-07-14,u4289,review_submitted,Instagram,Udaipur,Warli Painting,CRB5687,1,1800
2026-07-14,u4290,page_view,Instagram,Jaipur,Weaving,,,
2026-07-14,u4290,booking_started,Instagram,Jaipur,Weaving,,,
2026-07-14,u4290,payment_success,Instagram,Jaipur,Weaving,CRB5688,12,1800
2026-07-14,u4290,booking_completed,Instagram,Jaipur,Weaving,CRB5688,12,1800
2026-07-14,u4290,review_submitted,Instagram,Jaipur,Weaving,CRB5688,12,1800
2026-07-14,u4291,page_view,Direct,Varanasi,Blue Pottery,,,
2026-07-14,u4291,experience_card_viewed,Direct,Varanasi,Blue Pottery,,,
2026-07-14,u4291,booking_started,Direct,Varanasi,Blue Pottery,,,
2026-07-14,u4291,payment_success,Direct,Varanasi,Blue Pottery,CRB5689,3,2500
2026-07-14,u4291,booking_completed,Direct,Varanasi,Blue Pottery,CRB5689,3,2500
2026-07-14,u4291,review_submitted,Direct,Varanasi,Blue Pottery,CRB5689,3,2500
2026-07-14,u4292,page_view,Referral,Bangalore,Warli Painting,,,
2026-07-14,u4293,page_view,Instagram,Bangalore,Pottery,,,
2026-07-14,u4293,booking_started,Instagram,Bangalore,Pottery,,,
2026-07-14,u4293,payment_success,Instagram,Bangalore,Pottery,CRB5690,2,3500
2026-07-14,u4293,booking_completed,Instagram,Bangalore,Pottery,CRB5690,2,3500
2026-07-14,u4294,page_view,Google Search,Varanasi,Block Printing,,,
2026-07-14,u4294,experience_card_viewed,Google Search,Varanasi,Block Printing,,,
2026-07-14,u4295,page_view,Travel Blog,Jaipur,Pottery,,,
2026-07-14,u4296,page_view,Travel Blog,Udaipur,Weaving,,,
2026-07-14,u4297,page_view,Google Search,Bangalore,Weaving,,,
2026-07-14,u4297,experience_card_viewed,Google Search,Bangalore,Weaving,,,
2026-07-14,u4297,booking_started,Google Search,Bangalore,Weaving,,,
2026-07-14,u4297,payment_success,Google Search,Bangalore,Weaving,CRB5691,6,1500
2026-07-14,u4297,booking_completed,Google Search,Bangalore,Weaving,CRB5691,6,1500
2026-07-14,u4297,review_submitted,Google Search,Bangalore,Weaving,CRB5691,6,1500
2026-07-14,u4298,page_view,Travel Blog,Udaipur,Weaving,,,
2026-07-14,u4299,page_view,Instagram,Khurja,Block Printing,,,
2026-07-14,u4300,page_view,Instagram,Bangalore,Pottery,,,
2026-07-14,u4300,booking_started,Instagram,Bangalore,Pottery,,,
2026-07-14,u4301,page_view,Referral,Varanasi,Pottery,,,
2026-07-14,u4301,booking_started,Referral,Varanasi,Pottery,,,
2026-07-14,u4301,payment_success,Referral,Varanasi,Pottery,CRB5692,1,2500
2026-07-14,u4301,booking_completed,Referral,Varanasi,Pottery,CRB5692,1,2500
2026-07-14,u4302,page_view,Google Search,Jaipur,Pottery,,,
2026-07-14,u4302,experience_card_viewed,Google Search,Jaipur,Pottery,,,
2026-07-14,u4302,booking_started,Google Search,Jaipur,Pottery,,,
2026-07-14,u4302,payment_success,Google Search,Jaipur,Pottery,CRB5693,6,3000
2026-07-14,u4302,booking_completed,Google Search,Jaipur,Pottery,CRB5693,6,3000
2026-07-14,u4302,review_submitted,Google Search,Jaipur,Pottery,CRB5693,6,3000
2026-07-14,u4303,page_view,Referral,Varanasi,Block Printing,,,
2026-07-14,u4303,experience_card_viewed,Referral,Varanasi,Block Printing,,,
2026-07-14,u4304,page_view,Direct,Bangalore,Warli Painting,,,
2026-07-14,u4304,experience_card_viewed,Direct,Bangalore,Warli Painting,,,
2026-07-14,u4305,page_view,Direct,Khurja,Pottery,,,
2026-07-14,u4305,experience_card_viewed,Direct,Khurja,Pottery,,,
2026-07-14,u4305,booking_started,Direct,Khurja,Pottery,,,
2026-07-14,u4306,page_view,Travel Blog,Khurja,Warli Painting,,,
2026-07-14,u4306,experience_card_viewed,Travel Blog,Khurja,Warli Painting,,,
2026-07-14,u4306,booking_started,Travel Blog,Khurja,Warli Painting,,,
2026-07-14,u4306,payment_success,Travel Blog,Khurja,Warli Painting,CRB5694,6,2500
2026-07-14,u4306,booking_completed,Travel Blog,Khurja,Warli Painting,CRB5694,6,2500
2026-07-14,u4307,page_view,Referral,Jaipur,Pottery,,,
2026-07-14,u4307,booking_started,Referral,Jaipur,Pottery,,,
2026-07-14,u4308,page_view,Direct,Udaipur,Weaving,,,
2026-07-14,u4309,page_view,Direct,Khurja,Block Printing,,,
2026-07-14,u4309,experience_card_viewed,Direct,Khurja,Block Printing,,,
2026-07-14,u4309,booking_started,Direct,Khurja,Block Printing,,,
2026-07-14,u4309,payment_success,Direct,Khurja,Block Printing,CRB5695,3,1500
2026-07-14,u4309,booking_completed,Direct,Khurja,Block Printing,CRB5695,3,1500
2026-07-14,u4309,review_submitted,Direct,Khurja,Block Printing,CRB5695,3,1500
2026-07-14,u4310,page_view,Travel Blog,Khurja,Warli Painting,,,
2026-07-14,u4310,booking_started,Travel Blog,Khurja,Warli Painting,,,
2026-07-14,u4310,payment_success,Travel Blog,Khurja,Warli Painting,CRB5696,3,2200
2026-07-14,u4310,booking_completed,Travel Blog,Khurja,Warli Painting,CRB5696,3,2200
2026-07-14,u4311,page_view,Travel Blog,Jaipur,Pottery,,,
2026-07-14,u4311,experience_card_viewed,Travel Blog,Jaipur,Pottery,,,
2026-07-14,u4312,page_view,Travel Blog,Khurja,Blue Pottery,,,
2026-07-14,u4312,booking_started,Travel Blog,Khurja,Blue Pottery,,,
2026-07-14,u4312,payment_success,Travel Blog,Khurja,Blue Pottery,CRB5697,10,2000
2026-07-14,u4312,booking_completed,Travel Blog,Khurja,Blue Pottery,CRB5697,10,2000
2026-07-14,u4313,page_view,Travel Blog,Khurja,Block Printing,,,
2026-07-14,u4313,experience_card_viewed,Travel Blog,Khurja,Block Printing,,,
2026-07-14,u4314,page_view,Direct,Varanasi,Weaving,,,
2026-07-14,u4314,booking_started,Direct,Varanasi,Weaving,,,
2026-07-14,u4314,payment_success,Direct,Varanasi,Weaving,CRB5698,2,1500
2026-07-14,u4314,booking_completed,Direct,Varanasi,Weaving,CRB5698,2,1500
2026-07-14,u4314,review_submitted,Direct,Varanasi,Weaving,CRB5698,2,1500
2026-07-14,u4315,page_view,Referral,Khurja,Pottery,,,
2026-07-14,u4315,experience_card_viewed,Referral,Khurja,Pottery,,,
2026-07-14,u4316,page_view,Referral,Khurja,Block Printing,,,
2026-07-14,u4316,experience_card_viewed,Referral,Khurja,Block Printing,,,
2026-07-14,u4317,page_view,Direct,Udaipur,Pottery,,,
2026-07-14,u4317,experience_card_viewed,Direct,Udaipur,Pottery,,,
2026-07-14,u4318,page_view,Google Search,Varanasi,Weaving,,,
2026-07-14,u4318,booking_started,Google Search,Varanasi,Weaving,,,
2026-07-14,u4318,payment_success,Google Search,Varanasi,Weaving,CRB5699,3,3000
2026-07-14,u4318,booking_completed,Google Search,Varanasi,Weaving,CRB5699,3,3000
2026-07-14,u4319,page_view,Google Search,Jaipur,Weaving,,,
2026-07-14,u4320,page_view,Instagram,Udaipur,Blue Pottery,,,
2026-07-14,u4321,page_view,Google Search,Khurja,Pottery,,,
2026-07-14,u4322,page_view,Direct,Udaipur,Weaving,,,
2026-07-14,u4322,experience_card_viewed,Direct,Udaipur,Weaving,,,
2026-07-14,u4323,page_view,Instagram,Khurja,Weaving,,,
2026-07-14,u4323,experience_card_viewed,Instagram,Khurja,Weaving,,,
2026-07-14,u4324,page_view,Referral,Udaipur,Weaving,,,
2026-07-14,u4324,experience_card_viewed,Referral,Udaipur,Weaving,,,
2026-07-14,u4325,page_view,Direct,Varanasi,Warli Painting,,,
2026-07-14,u4326,page_view,Direct,Khurja,Weaving,,,
2026-07-14,u4327,page_view,Travel Blog,Khurja,Blue Pottery,,,
2026-07-14,u4327,booking_started,Travel Blog,Khurja,Blue Pottery,,,
2026-07-14,u4327,payment_success,Travel Blog,Khurja,Blue Pottery,CRB5700,10,2200
2026-07-14,u4327,booking_completed,Travel Blog,Khurja,Blue Pottery,CRB5700,10,2200
2026-07-14,u4328,page_view,Referral,Varanasi,Block Printing,,,
2026-07-14,u4329,page_view,Direct,Khurja,Pottery,,,
2026-07-14,u4329,experience_card_viewed,Direct,Khurja,Pottery,,,
2026-07-14,u4330,page_view,Instagram,Bangalore,Pottery,,,
2026-07-14,u4330,experience_card_viewed,Instagram,Bangalore,Pottery,,,
2026-07-14,u4331,page_view,Travel Blog,Khurja,Weaving,,,
2026-07-14,u4331,experience_card_viewed,Travel Blog,Khurja,Weaving,,,
2026-07-14,u4332,page_view,Google Search,Bangalore,Weaving,,,
2026-07-14,u4333,page_view,Instagram,Khurja,Pottery,,,
2026-07-14,u4333,experience_card_viewed,Instagram,Khurja,Pottery,,,
2026-07-14,u4333,booking_started,Instagram,Khurja,Pottery,,,
2026-07-14,u4333,payment_success,Instagram,Khurja,Pottery,CRB5701,2,2500
2026-07-14,u4333,booking_completed,Instagram,Khurja,Pottery,CRB5701,2,2500
2026-07-14,u4333,review_submitted,Instagram,Khurja,Pottery,CRB5701,2,2500
2026-07-14,u4334,page_view,Travel Blog,Jaipur,Pottery,,,
2026-07-14,u4334,experience_card_viewed,Travel Blog,Jaipur,Pottery,,,
2026-07-14,u4334,booking_started,Travel Blog,Jaipur,Pottery,,,
2026-07-14,u4335,page_view,Referral,Jaipur,Warli Painting,,,
2026-07-14,u4335,experience_card_viewed,Referral,Jaipur,Warli Painting,,,
2026-07-14,u4335,booking_started,Referral,Jaipur,Warli Painting,,,
2026-07-14,u4335,payment_success,Referral,Jaipur,Warli Painting,CRB5702,4,3000
2026-07-14,u4335,booking_completed,Referral,Jaipur,Warli Painting,CRB5702,4,3000
2026-07-14,u4336,page_view,Google Search,Khurja,Weaving,,,
2026-07-14,u4337,page_view,Google Search,Khurja,Pottery,,,
2026-07-14,u4337,experience_card_viewed,Google Search,Khurja,Pottery,,,
2026-07-14,u4338,page_view,Instagram,Bangalore,Pottery,,,
2026-07-14,u4338,experience_card_viewed,Instagram,Bangalore,Pottery,,,
2026-07-14,u4338,booking_started,Instagram,Bangalore,Pottery,,,
2026-07-14,u4338,payment_success,Instagram,Bangalore,Pottery,CRB5703,1,2500
2026-07-14,u4338,booking_completed,Instagram,Bangalore,Pottery,CRB5703,1,2500
2026-07-14,u4339,page_view,Instagram,Udaipur,Block Printing,,,
2026-07-14,u4339,experience_card_viewed,Instagram,Udaipur,Block Printing,,,
2026-07-14,u4340,page_view,Google Search,Udaipur,Weaving,,,
2026-07-14,u4340,experience_card_viewed,Google Search,Udaipur,Weaving,,,
2026-07-14,u4341,page_view,Referral,Jaipur,Block Printing,,,
2026-07-14,u4341,booking_started,Referral,Jaipur,Block Printing,,,
2026-07-14,u4341,payment_success,Referral,Jaipur,Block Printing,CRB5704,4,2200
2026-07-14,u4341,booking_completed,Referral,Jaipur,Block Printing,CRB5704,4,2200
2026-07-14,u4342,page_view,Google Search,Udaipur,Block Printing,,,
2026-07-14,u4342,experience_card_viewed,Google Search,Udaipur,Block Printing,,,
2026-07-14,u4343,page_view,Direct,Varanasi,Weaving,,,
2026-07-14,u4344,page_view,Referral,Khurja,Pottery,,,
2026-07-14,u4345,page_view,Referral,Varanasi,Block Printing,,,
2026-07-14,u4345,booking_started,Referral,Varanasi,Block Printing,,,
2026-07-14,u4345,payment_success,Referral,Varanasi,Block Printing,CRB5705,12,3000
2026-07-14,u4345,booking_completed,Referral,Varanasi,Block Printing,CRB5705,12,3000
2026-07-14,u4346,page_view,Google Search,Varanasi,Warli Painting,,,
2026-07-14,u4346,experience_card_viewed,Google Search,Varanasi,Warli Painting,,,
2026-07-14,u4347,page_view,Instagram,Varanasi,Blue Pottery,,,
2026-07-14,u4348,page_view,Referral,Jaipur,Warli Painting,,,
2026-07-14,u4348,booking_started,Referral,Jaipur,Warli Painting,,,
2026-07-14,u4348,payment_success,Referral,Jaipur,Warli Painting,CRB5706,12,2500
2026-07-14,u4348,booking_completed,Referral,Jaipur,Warli Painting,CRB5706,12,2500
2026-07-14,u4348,review_submitted,Referral,Jaipur,Warli Painting,CRB5706,12,2500
2026-07-14,u4349,page_view,Referral,Bangalore,Pottery,,,
2026-07-14,u4349,experience_card_viewed,Referral,Bangalore,Pottery,,,
2026-07-14,u4349,booking_started,Referral,Bangalore,Pottery,,,
2026-07-14,u4349,payment_success,Referral,Bangalore,Pottery,CRB5707,12,1800
2026-07-14,u4349,booking_completed,Referral,Bangalore,Pottery,CRB5707,12,1800
2026-07-14,u4349,review_submitted,Referral,Bangalore,Pottery,CRB5707,12,1800
2026-07-14,u4350,page_view,Referral,Udaipur,Warli Painting,,,
2026-07-14,u4350,booking_started,Referral,Udaipur,Warli Painting,,,
2026-07-14,u4350,payment_success,Referral,Udaipur,Warli Painting,CRB5708,4,3500
2026-07-14,u4350,booking_completed,Referral,Udaipur,Warli Painting,CRB5708,4,3500
2026-07-14,u4351,page_view,Direct,Jaipur,Weaving,,,
2026-07-14,u4351,booking_started,Direct,Jaipur,Weaving,,,
2026-07-14,u4351,payment_success,Direct,Jaipur,Weaving,CRB5709,4,1500
2026-07-14,u4351,booking_completed,Direct,Jaipur,Weaving,CRB5709,4,1500
2026-07-14,u4352,page_view,Referral,Varanasi,Blue Pottery,,,
2026-07-14,u4352,booking_started,Referral,Varanasi,Blue Pottery,,,
2026-07-14,u4352,payment_success,Referral,Varanasi,Blue Pottery,CRB5710,4,1800
2026-07-14,u4352,booking_completed,Referral,Varanasi,Blue Pottery,CRB5710,4,1800
2026-07-14,u4353,page_view,Direct,Jaipur,Weaving,,,
2026-07-14,u4353,booking_started,Direct,Jaipur,Weaving,,,
2026-07-14,u4353,payment_success,Direct,Jaipur,Weaving,CRB5711,10,3000
2026-07-14,u4353,booking_completed,Direct,Jaipur,Weaving,CRB5711,10,3000
2026-07-14,u4353,review_submitted,Direct,Jaipur,Weaving,CRB5711,10,3000
2026-07-14,u4354,page_view,Google Search,Udaipur,Block Printing,,,
2026-07-14,u4354,experience_card_viewed,Google Search,Udaipur,Block Printing,,,
2026-07-14,u4355,page_view,Direct,Udaipur,Weaving,,,
2026-07-14,u4355,booking_started,Direct,Udaipur,Weaving,,,
2026-07-14,u4355,payment_success,Direct,Udaipur,Weaving,CRB5712,12,1800
2026-07-14,u4355,booking_completed,Direct,Udaipur,Weaving,CRB5712,12,1800
2026-07-14,u4355,review_submitted,Direct,Udaipur,Weaving,CRB5712,12,1800
2026-07-14,u4356,page_view,Referral,Jaipur,Warli Painting,,,
2026-07-14,u4356,experience_card_viewed,Referral,Jaipur,Warli Painting,,,
2026-07-14,u4357,page_view,Direct,Bangalore,Block Printing,,,
2026-07-14,u4357,booking_started,Direct,Bangalore,Block Printing,,,
2026-07-14,u4357,payment_success,Direct,Bangalore,Block Printing,CRB5713,2,2500
2026-07-14,u4357,booking_completed,Direct,Bangalore,Block Printing,CRB5713,2,2500
2026-07-14,u4357,review_submitted,Direct,Bangalore,Block Printing,CRB5713,2,2500
2026-07-14,u4358,page_view,Travel Blog,Bangalore,Blue Pottery,,,
2026-07-14,u4358,experience_card_viewed,Travel Blog,Bangalore,Blue Pottery,,,
2026-07-14,u4359,page_view,Referral,Udaipur,Blue Pottery,,,
2026-07-14,u4359,experience_card_viewed,Referral,Udaipur,Blue Pottery,,,
2026-07-14,u4360,page_view,Google Search,Khurja,Blue Pottery,,,
2026-07-14,u4360,experience_card_viewed,Google Search,Khurja,Blue Pottery,,,
2026-07-14,u4361,page_view,Direct,Khurja,Pottery,,,
2026-07-14,u4361,experience_card_viewed,Direct,Khurja,Pottery,,,
2026-07-14,u4362,page_view,Travel Blog,Khurja,Block Printing,,,
2026-07-14,u4363,page_view,Instagram,Bangalore,Pottery,,,
2026-07-14,u4363,experience_card_viewed,Instagram,Bangalore,Pottery,,,
2026-07-14,u4363,booking_started,Instagram,Bangalore,Pottery,,,
2026-07-14,u4363,payment_success,Instagram,Bangalore,Pottery,CRB5714,12,2500
2026-07-14,u4363,booking_completed,Instagram,Bangalore,Pottery,CRB5714,12,2500
2026-07-14,u4364,page_view,Direct,Udaipur,Weaving,,,
2026-07-14,u4364,experience_card_viewed,Direct,Udaipur,Weaving,,,
2026-07-14,u4365,page_view,Direct,Jaipur,Blue Pottery,,,
2026-07-14,u4365,experience_card_viewed,Direct,Jaipur,Blue Pottery,,,
2026-07-14,u4365,booking_started,Direct,Jaipur,Blue Pottery,,,
2026-07-14,u4365,payment_success,Direct,Jaipur,Blue Pottery,CRB5715,4,3000
2026-07-14,u4365,booking_completed,Direct,Jaipur,Blue Pottery,CRB5715,4,3000
2026-07-14,u4366,page_view,Instagram,Varanasi,Weaving,,,
2026-07-14,u4367,page_view,Referral,Bangalore,Pottery,,,
2026-07-14,u4367,experience_card_viewed,Referral,Bangalore,Pottery,,,
2026-07-14,u4367,booking_started,Referral,Bangalore,Pottery,,,
2026-07-14,u4367,payment_success,Referral,Bangalore,Pottery,CRB5716,4,3000
2026-07-14,u4367,booking_completed,Referral,Bangalore,Pottery,CRB5716,4,3000
2026-07-14,u4367,review_submitted,Referral,Bangalore,Pottery,CRB5716,4,3000
2026-07-14,u4368,page_view,Travel Blog,Jaipur,Blue Pottery,,,
2026-07-14,u4368,experience_card_viewed,Travel Blog,Jaipur,Blue Pottery,,,
2026-07-14,u4368,booking_started,Travel Blog,Jaipur,Blue Pottery,,,
2026-07-14,u4368,payment_success,Travel Blog,Jaipur,Blue Pottery,CRB5717,2,2200
2026-07-14,u4368,booking_completed,Travel Blog,Jaipur,Blue Pottery,CRB5717,2,2200
2026-07-14,u4369,page_view,Direct,Bangalore,Pottery,,,
2026-07-14,u4370,page_view,Direct,Jaipur,Warli Painting,,,
2026-07-14,u4371,page_view,Travel Blog,Jaipur,Warli Painting,,,
2026-07-14,u4371,experience_card_viewed,Travel Blog,Jaipur,Warli Painting,,,
2026-07-14,u4372,page_view,Google Search,Khurja,Blue Pottery,,,
2026-07-14,u4372,experience_card_viewed,Google Search,Khurja,Blue Pottery,,,
2026-07-14,u4373,page_view,Instagram,Bangalore,Blue Pottery,,,
2026-07-14,u4374,page_view,Referral,Khurja,Blue Pottery,,,
2026-07-14,u4374,booking_started,Referral,Khurja,Blue Pottery,,,
2026-07-14,u4374,payment_success,Referral,Khurja,Blue Pottery,CRB5718,3,1500
2026-07-14,u4374,booking_completed,Referral,Khurja,Blue Pottery,CRB5718,3,1500
2026-07-14,u4374,review_submitted,Referral,Khurja,Blue Pottery,CRB5718,3,1500
2026-07-14,u4375,page_view,Referral,Varanasi,Warli Painting,,,
2026-07-14,u4376,page_view,Instagram,Udaipur,Warli Painting,,,
2026-07-14,u4376,experience_card_viewed,Instagram,Udaipur,Warli Painting,,,
2026-07-14,u4377,page_view,Direct,Udaipur,Pottery,,,
2026-07-14,u4377,experience_card_viewed,Direct,Udaipur,Pottery,,,
2026-07-14,u4377,booking_started,Direct,Udaipur,Pottery,,,
2026-07-14,u4377,payment_success,Direct,Udaipur,Pottery,CRB5719,2,2000
2026-07-14,u4377,booking_completed,Direct,Udaipur,Pottery,CRB5719,2,2000
2026-07-14,u4378,page_view,Google Search,Jaipur,Blue Pottery,,,
2026-07-14,u4378,booking_started,Google Search,Jaipur,Blue Pottery,,,
2026-07-14,u4378,payment_success,Google Search,Jaipur,Blue Pottery,CRB5720,1,2200
2026-07-14,u4378,booking_completed,Google Search,Jaipur,Blue Pottery,CRB5720,1,2200
2026-07-14,u4379,page_view,Direct,Bangalore,Block Printing,,,
2026-07-14,u4379,experience_card_viewed,Direct,Bangalore,Block Printing,,,
2026-07-14,u4380,page_view,Referral,Bangalore,Pottery,,,
2026-07-14,u4381,page_view,Instagram,Varanasi,Block Printing,,,
2026-07-14,u4381,experience_card_viewed,Instagram,Varanasi,Block Printing,,,
2026-07-14,u4382,page_view,Instagram,Jaipur,Blue Pottery,,,
2026-07-14,u4382,experience_card_viewed,Instagram,Jaipur,Blue Pottery,,,
2026-07-14,u4383,page_view,Google Search,Udaipur,Weaving,,,
2026-07-14,u4383,experience_card_viewed,Google Search,Udaipur,Weaving,,,
2026-07-14,u4384,page_view,Google Search,Jaipur,Warli Painting,,,
2026-07-14,u4384,booking_started,Google Search,Jaipur,Warli Painting,,,
2026-07-14,u4384,payment_success,Google Search,Jaipur,Warli Painting,CRB5721,2,2200
2026-07-14,u4384,booking_completed,Google Search,Jaipur,Warli Painting,CRB5721,2,2200
2026-07-14,u4384,review_submitted,Google Search,Jaipur,Warli Painting,CRB5721,2,2200
2026-07-14,u4385,page_view,Referral,Varanasi,Warli Painting,,,
2026-07-14,u4385,experience_card_viewed,Referral,Varanasi,Warli Painting,,,
2026-07-14,u4386,page_view,Instagram,Udaipur,Pottery,,,
2026-07-14,u4386,experience_card_viewed,Instagram,Udaipur,Pottery,,,
2026-07-14,u4387,page_view,Referral,Bangalore,Pottery,,,
2026-07-14,u4388,page_view,Referral,Jaipur,Block Printing,,,
2026-07-14,u4388,experience_card_viewed,Referral,Jaipur,Block Printing,,,
2026-07-14,u4388,booking_started,Referral,Jaipur,Block Printing,,,
2026-07-14,u4389,page_view,Instagram,Bangalore,Blue Pottery,,,
2026-07-14,u4389,booking_started,Instagram,Bangalore,Blue Pottery,,,
2026-07-14,u4389,payment_success,Instagram,Bangalore,Blue Pottery,CRB5722,10,1800
2026-07-14,u4389,booking_completed,Instagram,Bangalore,Blue Pottery,CRB5722,10,1800
2026-07-14,u4389,review_submitted,Instagram,Bangalore,Blue Pottery,CRB5722,10,1800
2026-07-14,u4390,page_view,Instagram,Udaipur,Block Printing,,,
2026-07-14,u4391,page_view,Travel Blog,Khurja,Weaving,,,
2026-07-14,u4391,experience_card_viewed,Travel Blog,Khurja,Weaving,,,
2026-07-14,u4391,booking_started,Travel Blog,Khurja,Weaving,,,
2026-07-14,u4392,page_view,Travel Blog,Khurja,Weaving,,,
2026-07-14,u4392,experience_card_viewed,Travel Blog,Khurja,Weaving,,,
2026-07-14,u4393,page_view,Travel Blog,Jaipur,Block Printing,,,
2026-07-14,u4393,experience_card_viewed,Travel Blog,Jaipur,Block Printing,,,
2026-07-14,u4394,page_view,Referral,Khurja,Weaving,,,
2026-07-14,u4394,experience_card_viewed,Referral,Khurja,Weaving,,,
2026-07-14,u4395,page_view,Google Search,Udaipur,Warli Painting,,,
2026-07-14,u4395,experience_card_viewed,Google Search,Udaipur,Warli Painting,,,
2026-07-14,u4395,booking_started,Google Search,Udaipur,Warli Painting,,,
2026-07-14,u4396,page_view,Google Search,Udaipur,Weaving,,,
2026-07-14,u4396,experience_card_viewed,Google Search,Udaipur,Weaving,,,
2026-07-14,u4396,booking_started,Google Search,Udaipur,Weaving,,,
2026-07-14,u4397,page_view,Direct,Udaipur,Blue Pottery,,,
2026-07-14,u4398,page_view,Instagram,Khurja,Warli Painting,,,
2026-07-14,u4398,experience_card_viewed,Instagram,Khurja,Warli Painting,,,
2026-07-14,u4399,page_view,Instagram,Khurja,Weaving,,,
2026-07-14,u4399,experience_card_viewed,Instagram,Khurja,Weaving,,,
2026-07-14,u4400,page_view,Referral,Jaipur,Weaving,,,
2026-07-14,u4400,experience_card_viewed,Referral,Jaipur,Weaving,,,
2026-07-14,u4401,page_view,Travel Blog,Varanasi,Warli Painting,,,
2026-07-14,u4402,page_view,Travel Blog,Varanasi,Weaving,,,
2026-07-14,u4403,page_view,Travel Blog,Varanasi,Warli Painting,,,
2026-07-14,u4403,booking_started,Travel Blog,Varanasi,Warli Painting,,,
2026-07-14,u4404,page_view,Direct,Udaipur,Blue Pottery,,,
2026-07-14,u4404,experience_card_viewed,Direct,Udaipur,Blue Pottery,,,
2026-07-14,u4405,page_view,Travel Blog,Udaipur,Pottery,,,
2026-07-14,u4406,page_view,Google Search,Udaipur,Block Printing,,,
2026-07-14,u4406,experience_card_viewed,Google Search,Udaipur,Block Printing,,,
2026-07-14,u4407,page_view,Direct,Bangalore,Warli Painting,,,
2026-07-14,u4407,experience_card_viewed,Direct,Bangalore,Warli Painting,,,
2026-07-14,u4408,page_view,Google Search,Varanasi,Warli Painting,,,
2026-07-14,u4408,experience_card_viewed,Google Search,Varanasi,Warli Painting,,,
2026-07-14,u4409,page_view,Google Search,Khurja,Block Printing,,,
2026-07-14,u4409,booking_started,Google Search,Khurja,Block Printing,,,
2026-07-14,u4409,payment_success,Google Search,Khurja,Block Printing,CRB5723,2,1800
2026-07-14,u4410,page_view,Travel Blog,Udaipur,Blue Pottery,,,
2026-07-14,u4410,experience_card_viewed,Travel Blog,Udaipur,Blue Pottery,,,
2026-07-14,u4411,page_view,Direct,Bangalore,Blue Pottery,,,
2026-07-14,u4411,experience_card_viewed,Direct,Bangalore,Blue Pottery,,,
2026-07-14,u4412,page_view,Travel Blog,Bangalore,Warli Painting,,,
2026-07-14,u4413,page_view,Google Search,Bangalore,Warli Painting,,,
2026-07-14,u4414,page_view,Google Search,Khurja,Weaving,,,
2026-07-14,u4415,page_view,Travel Blog,Bangalore,Warli Painting,,,
2026-07-14,u4415,experience_card_viewed,Travel Blog,Bangalore,Warli Painting,,,
2026-07-14,u4416,page_view,Direct,Khurja,Weaving,,,
2026-07-14,u4417,page_view,Referral,Jaipur,Pottery,,,
2026-07-14,u4417,experience_card_viewed,Referral,Jaipur,Pottery,,,
2026-07-14,u4417,booking_started,Referral,Jaipur,Pottery,,,
2026-07-14,u4417,payment_success,Referral,Jaipur,Pottery,CRB5724,4,2500
2026-07-14,u4417,booking_completed,Referral,Jaipur,Pottery,CRB5724,4,2500
2026-07-14,u4417,review_submitted,Referral,Jaipur,Pottery,CRB5724,4,2500
2026-07-14,u4418,page_view,Instagram,Khurja,Pottery,,,
2026-07-14,u4418,experience_card_viewed,Instagram,Khurja,Pottery,,,
2026-07-14,u4418,booking_started,Instagram,Khurja,Pottery,,,
2026-07-14,u4419,page_view,Referral,Varanasi,Block Printing,,,
2026-07-14,u4420,page_view,Travel Blog,Udaipur,Pottery,,,
2026-07-14,u4421,page_view,Instagram,Varanasi,Pottery,,,
2026-07-14,u4422,page_view,Direct,Jaipur,Pottery,,,
2026-07-14,u4422,experience_card_viewed,Direct,Jaipur,Pottery,,,
2026-07-14,u4422,booking_started,Direct,Jaipur,Pottery,,,
2026-07-14,u4422,payment_success,Direct,Jaipur,Pottery,CRB5725,12,2000
2026-07-14,u4422,booking_completed,Direct,Jaipur,Pottery,CRB5725,12,2000
2026-07-14,u4423,page_view,Direct,Bangalore,Blue Pottery,,,
2026-07-14,u4424,page_view,Travel Blog,Varanasi,Pottery,,,
2026-07-14,u4425,page_view,Google Search,Varanasi,Block Printing,,,
2026-07-14,u4425,experience_card_viewed,Google Search,Varanasi,Block Printing,,,
2026-07-14,u4426,page_view,Google Search,Jaipur,Warli Painting,,,
2026-07-14,u4426,experience_card_viewed,Google Search,Jaipur,Warli Painting,,,
2026-07-14,u4427,page_view,Google Search,Jaipur,Warli Painting,,,
2026-07-14,u4428,page_view,Travel Blog,Bangalore,Block Printing,,,
2026-07-14,u4428,booking_started,Travel Blog,Bangalore,Block Printing,,,
2026-07-14,u4429,page_view,Travel Blog,Khurja,Warli Painting,,,
2026-07-14,u4430,page_view,Direct,Jaipur,Weaving,,,
2026-07-14,u4430,experience_card_viewed,Direct,Jaipur,Weaving,,,
2026-07-14,u4430,booking_started,Direct,Jaipur,Weaving,,,
2026-07-14,u4430,payment_success,Direct,Jaipur,Weaving,CRB5726,12,3000
2026-07-14,u4430,booking_completed,Direct,Jaipur,Weaving,CRB5726,12,3000
2026-07-14,u4431,page_view,Instagram,Bangalore,Blue Pottery,,,
2026-07-14,u4432,page_view,Google Search,Varanasi,Block Printing,,,
2026-07-14,u4432,experience_card_viewed,Google Search,Varanasi,Block Printing,,,
2026-07-14,u4433,page_view,Referral,Udaipur,Weaving,,,
2026-07-14,u4433,experience_card_viewed,Referral,Udaipur,Weaving,,,
2026-07-14,u4433,booking_started,Referral,Udaipur,Weaving,,,
2026-07-14,u4433,payment_success,Referral,Udaipur,Weaving,CRB5727,2,3000
2026-07-14,u4433,booking_completed,Referral,Udaipur,Weaving,CRB5727,2,3000
2026-07-14,u4434,page_view,Instagram,Udaipur,Blue Pottery,,,
2026-07-14,u4434,experience_card_viewed,Instagram,Udaipur,Blue Pottery,,,
2026-07-14,u4435,page_view,Instagram,Udaipur,Weaving,,,
2026-07-14,u4435,experience_card_viewed,Instagram,Udaipur,Weaving,,,
2026-07-14,u4436,page_view,Direct,Khurja,Block Printing,,,
2026-07-14,u4436,experience_card_viewed,Direct,Khurja,Block Printing,,,
2026-07-14,u4437,page_view,Direct,Bangalore,Warli Painting,,,
2026-07-14,u4438,page_view,Direct,Udaipur,Pottery,,,
2026-07-14,u4438,experience_card_viewed,Direct,Udaipur,Pottery,,,
2026-07-14,u4438,booking_started,Direct,Udaipur,Pottery,,,
2026-07-14,u4438,payment_success,Direct,Udaipur,Pottery,CRB5728,2,3500
2026-07-14,u4438,booking_completed,Direct,Udaipur,Pottery,CRB5728,2,3500
2026-07-14,u4439,page_view,Direct,Jaipur,Weaving,,,
2026-07-14,u4439,experience_card_viewed,Direct,Jaipur,Weaving,,,
2026-07-14,u4439,booking_started,Direct,Jaipur,Weaving,,,
2026-07-14,u4440,page_view,Direct,Udaipur,Pottery,,,
